platform,date,"ingested_at","created_at",query,like,reply,repost,"sentiment_score","sentiment_label","is_au","is_cost","is_fuel","matched_location",text,url
bluesky,"May 1, 2026 @ 10:00:00.000","May 9, 2026 @ 20:51:43.026","May 1, 2026 @ 23:57:58.664","fuel prices",0,0,0,"0.778",positive,false,true,true,WA,"The only people that benefit from war are the billionaires. Apart from arms industries, they own food, fuel, construction, energy and pretty much everything else. They will be profiteering, increasing prices to well over what is needed to make their normal profit. Look at BP etc.

It needs sorting.","at://did:plc:sye57ecd56pbvf6hj7elcndh/app.bsky.feed.post/3mksbvytkus24"
bluesky,"May 1, 2026 @ 10:00:00.000","May 9, 2026 @ 20:51:43.026","May 1, 2026 @ 23:57:15.082","fuel prices",21,2,1,"-0.758",negative,false,false,true,WA,"They desperately wanted higher fuel prices and another forever war.","at://did:plc:2i6y4byiim6vydakduuhwvnf/app.bsky.feed.post/3mksbupbkdc2s"
bluesky,"May 1, 2026 @ 10:00:00.000","May 9, 2026 @ 20:51:43.027","May 1, 2026 @ 23:51:36.052","fuel prices",0,0,0,"-0.625",negative,false,false,true,Unknown,"India raises cooking gas, jet fuel prices

oil pricing even if there is crisis there are multi pricing term in multi areas accoriding to inner regimes more than actual","at://did:plc:rmmtlkhupklk5krbq267svke/app.bsky.feed.post/3mksbklx7d22v"
bluesky,"May 1, 2026 @ 10:00:00.000","May 9, 2026 @ 20:51:43.026","May 1, 2026 @ 23:50:06.351","fuel prices",1,0,0,"-0.599",negative,false,true,true,WA,"The Trump administration has sued Morris Township over its 2022 ordinance banning builders from installing appliances fueled by gas, oil, or propane in new rental housing. This as the war with Iran pushes fuel prices to their highest levels in 4 years. newjerseymonitor.com/briefs/trump...","at://did:plc:fy2hlld62uf7elserowswaaf/app.bsky.feed.post/3mksbhwfqos2p"
bluesky,"May 1, 2026 @ 10:00:00.000","May 9, 2026 @ 20:51:43.026","May 1, 2026 @ 23:49:30.054","fuel prices",0,0,0,"-0.042",neutral,false,false,true,Unknown,"Yes and it’s spring

Many Americans are vacationing at home now, since so many are sick of airports. Add increasing prices of tickets. 

And if this doesn’t stop add heating fuel costs 

We will all be better off investing in solar, geothermal heating and heat pumps rather than vacations","at://did:plc:oueolsgqhldja5ud76vn3vm6/app.bsky.feed.post/3mksbgtrzgc2m"
bluesky,"May 1, 2026 @ 10:00:00.000","May 9, 2026 @ 20:51:43.026","May 1, 2026 @ 23:49:03.337","fuel prices",0,0,0,"-0.494",negative,false,false,true,WA,"Fluctuate describes waves of up and down movement. 

Fuel prices have gone up and broke records, then up again, and up, and up...

Up to the point we need to bailout farmers and the airlines.","at://did:plc:u2w2yowk7ppfir5jmfk4j4ha/app.bsky.feed.post/3mksbg2cwg22b"
bluesky,"May 1, 2026 @ 10:00:00.000","May 9, 2026 @ 20:51:43.027","May 1, 2026 @ 23:45:40.000","fuel prices",0,0,0,"-0.796",negative,false,true,true,Unknown,"Pakistan concedes vulnerability to global shocks, lacks “strategic oil reserves like India” to buffer soaring fuel prices

https://www.europesays.com/2958592/

Islamabad [Pakistan], May 1 (ANI): Pakistan has conceded its severe vulnerability to the current global oil shock, admitting…","at://did:plc:msian4dqa2rqalf3biilnf3m/app.bsky.feed.post/3mksba4kky62o"
bluesky,"May 1, 2026 @ 10:00:00.000","May 9, 2026 @ 20:51:43.027","May 1, 2026 @ 23:44:41.050","fuel prices",11,2,5,0,neutral,false,true,true,Unknown,"With oil prices now at US$110/barrel the industry is banking $11 million every hour. That works out to more than $100 billion over the next year.

Meanwhile, consumers are paying $1.82/L at the pump. Canadians spent $300 million more on fuel this week than they would have based on pre-crisis prices.","at://did:plc:o43zazpk7wyqmtehqc6xmcsa/app.bsky.feed.post/3mksb6a6cxc2z"
bluesky,"May 1, 2026 @ 10:00:00.000","May 9, 2026 @ 20:51:43.027","May 1, 2026 @ 23:41:45.945","fuel prices",0,0,0,"-0.202",negative,false,true,true,Unknown,"April data shows U.S. inflation hit a 4-year high with the Prices Charged Index at 57.0, as firms pass rising fuel and logistics costs to consumers. #SMI #USA #Economy https://www.worldeconomics.com/SalesManagersIndex/UnitedStates/UnitedStatesOfAmerica.aspx","at://did:plc:qi7fuotnx6neapp7zkitmq2u/app.bsky.feed.post/3mksayzde7w2n"
bluesky,"May 1, 2026 @ 10:00:00.000","May 9, 2026 @ 20:51:43.028","May 1, 2026 @ 23:39:21.484","fuel prices",1,0,1,"-0.494",negative,true,true,true,NSW,"Daily Dose of Truth and Facts

Falling poll numbers, flailing econmomy, high fuel/ grocery prices prices & an unpopular war in Iran have caused Americans to turn away from Trump & the GOP.  The Republican answer is to gerrymander & make it harder for you to vote & Democrats to oust MAGA.","at://did:plc:claggk7gkeftd4sms7c37h6p/app.bsky.feed.post/3mksaupfxr22f"
bluesky,"May 1, 2026 @ 10:00:00.000","May 9, 2026 @ 20:51:43.028","May 1, 2026 @ 23:38:47.000","fuel prices",0,0,0,"-0.202",negative,false,false,true,WA,"‘First gas, next hit on petrol and diesel’: Rahul Gandhi prediction after spike in commercial LPG prices

Congress member and Lok Sabha leader Rahul Gandhi has warned of a first strike on gas, and the next strike on petrol and diesel, after a sharp increase in fuel prices. $993 in commercial gas…","at://did:plc:ci2qws4rp6446ijdpjzndhf6/app.bsky.feed.post/3mksatq3tn227"
bluesky,"May 1, 2026 @ 10:00:00.000","May 9, 2026 @ 20:51:44.191","May 1, 2026 @ 23:37:55.853","fuel prices",0,0,0,"-0.822",negative,false,false,true,Unknown,"This is a ticking time bomb for airlines  as fuel prices have doubled. As they cut flights due to reduced demand from higher fares, they're stuck honoring previously sold tickets, which will incur losses from higher operating costs. In turn, uncertainty over future costs will keep fares high.","at://did:plc:cxq6kstoojjwesrbhw2vpmh4/app.bsky.feed.post/3mksas5qros2p"
bluesky,"May 1, 2026 @ 10:00:00.000","May 9, 2026 @ 19:59:33.106","May 1, 2026 @ 23:37:38.245","fuel Australia",0,1,0,"-0.353",negative,true,false,true,Australia,"The questions for the Albanese Government are:
When will Australia stop approving new coal and gas projects? You can’t phase something out while continuing to expand it.
When will our government stop subsidising fossil fuel companies?","at://did:plc:p4ctwc3rlwluaidjt35f6e3i/app.bsky.feed.post/3mksarmxegc2j"
bluesky,"May 1, 2026 @ 10:00:00.000","May 9, 2026 @ 20:51:44.192","May 1, 2026 @ 23:33:20.624","fuel prices",0,0,0,"0.66",positive,false,false,true,WA,"Gas prices are soaring, and perhaps they have you thinking it might be time to break up with fuel permanently. If you want to never spend a dime at a gas station pump again, here are some great choices for making the EV switch you’ve been mulling over.
www.motortrend.com/features/evs...","at://did:plc:gtzlpfwsackzghlfiwj5jc5g/app.bsky.feed.post/3mksajxbfg22l"
bluesky,"May 1, 2026 @ 10:00:00.000","May 9, 2026 @ 20:51:44.192","May 1, 2026 @ 23:32:23.295","fuel prices",0,0,0,0,neutral,false,false,true,Unknown,"Saving fuel has become a priority for many UK motorists amid rising fuel prices","at://did:plc:msadamfndjnx3ezaytjdsdxj/app.bsky.feed.post/3mksaiawyhc2u"
bluesky,"May 1, 2026 @ 10:00:00.000","May 9, 2026 @ 20:51:44.192","May 1, 2026 @ 23:28:26.970","fuel prices",2,2,0,"0.361",positive,false,false,true,Unknown,"People like big vehicles. It's only budget, fuel prices or regulations that stop them from buying such.

The F150 and it's predecessors have been the best-selling vehicles in the US since they were introduced.

The truck share of sales has been trending higher literally since trucks became a product","at://did:plc:5ddxiddzhhbjqmsn6fnyd4dc/app.bsky.feed.post/3mksab77qxc2y"
bluesky,"May 1, 2026 @ 10:00:00.000","May 9, 2026 @ 20:51:44.192","May 1, 2026 @ 23:25:57.390","fuel prices",1,1,0,"0.239",positive,false,false,true,Unknown,"""Everyone is only worried about gas prices""? Those of us who work from home, take public trans, retired, &/or drive an EV/hybrid, don't worry as much about ""gas prices & filling our tanks as much as we do food prices & elec (yes it's directly related to fuel prices but not directly as is our cars)
.","at://did:plc:fzczh5skw2ivqbpitgceokfq/app.bsky.feed.post/3mksa4qkxpk2i"
bluesky,"May 1, 2026 @ 10:00:00.000","May 9, 2026 @ 20:51:44.192","May 1, 2026 @ 23:23:53.871","fuel prices",8,0,4,"-0.226",negative,false,false,true,Unknown,"Editorial cartoonist John Deering questions Trump’s priorities — demanding a tax payer-funded $400 million White House ballroom as Americans are getting hammered by spiking fuel prices.","at://did:plc:o5bakixfp3ybjwyvsfefvivm/app.bsky.feed.post/3mks7z2rjnc2p"
bluesky,"May 1, 2026 @ 10:00:00.000","May 9, 2026 @ 20:51:44.193","May 1, 2026 @ 23:20:32.033","fuel prices",0,0,0,"0.153",positive,false,false,true,Unknown,"2026-05-01 21:14:46 - HF Sinclair said that as fuel prices continue to rise, a certain decline in travel demand has begun to be observed.","at://did:plc:xhrtfphu4gzqrztkpb3a63qf/app.bsky.feed.post/3mks7t2fclk2v"
bluesky,"May 1, 2026 @ 10:00:00.000","May 9, 2026 @ 20:51:44.193","May 1, 2026 @ 23:18:15.052","fuel prices",0,0,0,"0.599",positive,false,false,true,Unknown,"⛽ UK Average Fuel Prices — Fri 01 May

Unleaded E10: 157.3p/L
Super Unleaded: 174.6p/L
Diesel: 189.0p/L

Prices from 7,600+ UK stations 🇬🇧
#UKFuel #FuelPrices #Pumpr","at://did:plc:3nsufmrqboehgzars6m7tsfy/app.bsky.feed.post/3mks7oxqi7d2i"
bluesky,"May 1, 2026 @ 10:00:00.000","May 9, 2026 @ 20:51:44.193","May 1, 2026 @ 23:17:30.468","fuel prices",1,0,0,"0.599",positive,false,false,true,Unknown,"Diesel fuel users will be pleased to know that their grandchildren may enjoy lower diesel fuel prices.","at://did:plc:nc27bdi6yoskrfbmwjf3snyh/app.bsky.feed.post/3mks7nn4wp22l"
bluesky,"May 1, 2026 @ 10:00:00.000","May 9, 2026 @ 19:59:58.012","May 1, 2026 @ 23:17:08.768","petrol prices",2,0,2,0,neutral,false,false,true,WA,"🛢️ #Oil

""US supermajors stick to prewar strategies despite White House plea for more drilling to curb soaring petrol prices""","at://did:plc:4aeinxjwao74le6dktiiyxg4/app.bsky.feed.post/3mks7myo2nm27"
bluesky,"May 1, 2026 @ 10:00:00.000","May 9, 2026 @ 19:59:58.013","May 1, 2026 @ 23:15:55.000","petrol prices",0,0,0,0,neutral,false,false,true,Unknown,"Sales of electric cars double in April amid soaring petrol and diesel prices

It meant that there were more fully electric cars than petrol or diesel models sold.
","at://did:plc:vzmnljt7otfbbgrmachtefxh/app.bsky.feed.post/3mksa54ziji2w"
bluesky,"May 1, 2026 @ 10:00:00.000","May 9, 2026 @ 20:05:34.710","May 1, 2026 @ 23:15:14.431","WA fuel",0,0,0,"-0.868",negative,false,false,true,WA,"Campaigners have warned that the Government’s new means-tested winter fuel payment system could increase the risk of scams targeting older people. The change follows more than 25,000 fraud referrals in the past year.

www.cspa.co.uk/news/scam-wa...","at://did:plc:3rka7mnuhhqk6heit3hvomyg/app.bsky.feed.post/3mks7jlfg2s2t"
bluesky,"May 1, 2026 @ 10:00:00.000","May 9, 2026 @ 20:51:44.193","May 1, 2026 @ 23:13:00.515","fuel prices",0,0,0,"0.599",positive,false,false,true,Unknown,"⛽ UK Average Fuel Prices — Fri 01 May

Unleaded E10: 157.3p/L
Super Unleaded: 174.6p/L
Diesel: 189.0p/L

Prices from 7,600+ UK stations 🇬🇧
#UKFuel #FuelPrices #Pumpr","at://did:plc:3nsufmrqboehgzars6m7tsfy/app.bsky.feed.post/3mks7flrjid2g"
bluesky,"May 1, 2026 @ 10:00:00.000","May 9, 2026 @ 20:51:44.193","May 1, 2026 @ 23:13:00.152","fuel prices",1,0,0,"0.296",positive,false,true,true,WA,"Europe has long faced high fuel and energy costs (I’m currently in Germany paying upwards of eight dollars a gallon). So they’re embracing alternatives. Americans just keep demanding lower fuel prices, as if the oil companies care about them.","at://did:plc:3pjiwa3wwlpq4eyrzisjj6et/app.bsky.feed.post/3mks7fldjas25"
bluesky,"May 1, 2026 @ 10:00:00.000","May 9, 2026 @ 20:51:44.194","May 1, 2026 @ 23:10:26.936","fuel prices",1,0,0,"-0.421",negative,false,false,false,Unknown,"Sometimes it really isn’t that complicated. @pkrugman.bsky.social nails it on GOP lies","at://did:plc:iq3p6e5bysnrv2iixpu6e4mv/app.bsky.feed.post/3mks7az7t6k24"
bluesky,"May 1, 2026 @ 10:00:00.000","May 9, 2026 @ 20:51:44.194","May 1, 2026 @ 23:08:54.600","fuel prices",0,0,0,"0.296",positive,false,false,true,Unknown,"Next he will be suggesting we use Whiskey and Bourbon to fuel our automobiles to counter the sky high gasoline prices.

The ""Stable Genius"" bulldozing the World one synapse spasm after another.","at://did:plc:byhnqyvwb5srky434cyravrz/app.bsky.feed.post/3mks76b5ve22a"
bluesky,"May 1, 2026 @ 10:00:00.000","May 9, 2026 @ 20:03:46.266","May 1, 2026 @ 23:08:48.201","petrol Melbourne",13,2,0,"0.361",positive,true,false,true,Victoria,"Found out petrol is cheaper in suburban Melbourne then some places in the US. Thank u commrade Albanese","at://did:plc:qweiblcf6tjanacxfm7h3ocm/app.bsky.feed.post/3mks7632le222"
bluesky,"May 1, 2026 @ 10:00:00.000","May 9, 2026 @ 20:51:44.194","May 1, 2026 @ 23:00:12.640","fuel prices",0,0,0,"0.81",positive,false,true,true,WA,"WHAT MATTERS RIGHT NOW:

- Global energy under extreme stress → Higher oil prices fuel inflatio…
- AI trade fuels Wall Street's best month → Strong investor confidence…
- Japan spent $34.5B propping up Yen → Could temporarily stabilize JPY…

Full breakdown ↓
https://bigmarketreport.com/briefing","at://did:plc:6ryzfhgml7s72tjipkymnb2u/app.bsky.feed.post/3mks6ophnht2c"
bluesky,"May 1, 2026 @ 10:00:00.000","May 9, 2026 @ 20:51:44.194","May 1, 2026 @ 22:57:58.990","fuel prices",0,0,0,"0.648",positive,false,false,true,WA,"Right?!

The idea that a global society and the impact of the fuel prices of that global society, its rising, in a way that will impact every piece of commerce and society

But, no, “nothing to see, no impact on me”

Love of Pete

You’re on it","at://did:plc:akcl6oy3mjbskuni6smf7uiw/app.bsky.feed.post/3mks6kpwb7k2j"
bluesky,"May 1, 2026 @ 10:00:00.000","May 9, 2026 @ 20:03:21.751","May 1, 2026 @ 22:55:36.705","electricity Australia",0,0,0,"-0.604",negative,true,true,false,Australia,"Europe for the vanity of one man is beyond me. Did you know Australia installed so much solar energy each citizen gets 3 free hours of electricity each day? Meanwhile, we have an idiot in charge who thinks windmills cause cancer. 

www.abc.net.au/news/2026-03...","at://did:plc:tqjxz2wrjcr4yruoybkwscyp/app.bsky.feed.post/3mks6gibd2m23"
bluesky,"May 1, 2026 @ 10:00:00.000","May 9, 2026 @ 20:51:44.195","May 1, 2026 @ 22:53:29.551","fuel prices",0,0,0,"-0.816",negative,false,true,true,WA,"How ""not"" to get votes!  Start an unnecessary war that costs billions and raises our fuel prices beyond our means, cut healthcare and SNAP benifits take away our hard working immigrants that harvest our crops then promise to cut Social Security!  Then you want us to vote for republicans?  Wrong!","at://did:plc:ppjg3eqwm6s636qb427q4jxz/app.bsky.feed.post/3mks6coxzv22r"
bluesky,"May 1, 2026 @ 10:00:00.000","May 9, 2026 @ 20:51:44.195","May 1, 2026 @ 22:52:00.628","fuel prices",0,0,0,"-0.599",negative,false,false,true,WA,"Since the war with Iran began, or highest fuel prices in history?","at://did:plc:vbvjiu5jkgpn7g2o57ttulha/app.bsky.feed.post/3mks6a25vds2u"
bluesky,"May 1, 2026 @ 10:00:00.000","May 9, 2026 @ 20:51:44.195","May 1, 2026 @ 22:50:18.335","fuel prices",0,0,0,"0.331",positive,false,false,true,Unknown,"How can I save money when driving? 🚗

Research from Which? shows that 83% of motorists were worried about fuel prices in March.

https://bit.ly/4urU8kV

#FuelPrices #MoneySaving #CostOfLiving","at://did:plc:leqi2ao2soytms52zjdduirm/app.bsky.feed.post/3mks64zbwbe2x"
bluesky,"May 1, 2026 @ 10:00:00.000","May 9, 2026 @ 20:51:44.196","May 1, 2026 @ 22:45:53.169","fuel prices",1,1,0,"0.146",positive,false,true,true,Unknown,"My electric prices are not affected by rising oil or natural gas prices because we get ours from wind power. We don’t pay the fuel adjustment charge that others pay. The general rise in production costs will be seen but that will be < 0.5 points to the inflation rate for this year.","at://did:plc:gbqi6b657jh466zzndakthup/app.bsky.feed.post/3mks5v3pwo22v"
bluesky,"May 1, 2026 @ 10:00:00.000","May 9, 2026 @ 20:51:44.196","May 1, 2026 @ 22:40:07.000","fuel prices",0,0,0,"0.511",positive,false,false,true,Unknown,"Hybrid Electric Vehicle Market: Regulatory Push, Fuel Savings & Expansion Opportunities

https://www.evshift.com/447572/hybrid-electric-vehicle-market-regulatory-push-fuel-savings-expansion-opportunities/

Rising environmental concerns, fluctuating fuel prices, and a growing preference for …","at://did:plc:7dzisek6r5umenig45favjer/app.bsky.feed.post/3mks5kuug6k27"
bluesky,"May 1, 2026 @ 10:00:00.000","May 9, 2026 @ 20:51:44.196","May 1, 2026 @ 22:37:05.641","fuel prices",1,0,0,"0.318",positive,false,false,true,Unknown,"Post office yesterday put up cost increase - for specific types of delivery - of 10% due to rising fuel prices.","at://did:plc:uimbyqooczhfxkinkayu5x6c/app.bsky.feed.post/3mks5fen2m22p"
bluesky,"May 1, 2026 @ 10:00:00.000","May 9, 2026 @ 20:51:44.196","May 1, 2026 @ 22:35:07.000","fuel prices",24,0,6,"0.34",positive,false,false,true,Unknown,"Democratic senators propose boosting FTC oversight of fuel prices reut.rs/3OFAJ0C","at://did:plc:jbvnehrrdqoulco4rf5gxg5r/app.bsky.feed.post/3mks5btwobt24"
bluesky,"May 1, 2026 @ 10:00:00.000","May 9, 2026 @ 20:51:44.196","May 1, 2026 @ 22:35:06.000","fuel prices",153,4,53,"-0.34",negative,false,false,true,Unknown,"Three Democratic senators on Friday proposed legislation to boost oversight by the Federal Trade Commission of fuel prices to address market manipulation or fraud that may increase what drivers pay.","at://did:plc:ieqql4ogk6t5zdgimr2pntnm/app.bsky.feed.post/3mks5btk3lg2n"
bluesky,"May 1, 2026 @ 10:00:00.000","May 9, 2026 @ 20:51:44.196","May 1, 2026 @ 22:31:22.714","fuel prices",2,3,0,"0.296",positive,false,false,true,Unknown,"BTC price bounces as big tech earnings fuel optimism; short-term pressures remain: Crypto Daily
May 01 2026 11:15 UTC
The day ahead in crypto: May 1, 2026
#bitcoin #tech-earnings #market-sentiment #geopolitical-risk #interest-rates #etf-outflows #oil-prices #federal-reserve #monetary-policy","at://did:plc:553eofo6hvuxcsxo7qfidxjs/app.bsky.feed.post/3mks536en4c2s"
bluesky,"May 1, 2026 @ 10:00:00.000","May 9, 2026 @ 20:51:44.197","May 1, 2026 @ 22:30:17.000","fuel prices",0,0,0,"-0.318",negative,false,false,true,WA,"Fuel price rises caused by cost of oil rather than retail margins – watchdog

https://www.europesays.com/2958417/

Soaring fuel prices amid the conflict in the Middle East are being driven by the higher cost of…","at://did:plc:zibx3delbo24mdsccz6s7qa4/app.bsky.feed.post/3mks4zbfk7p2n"
bluesky,"May 1, 2026 @ 10:00:00.000","May 9, 2026 @ 20:51:44.197","May 1, 2026 @ 22:29:36.339","fuel prices",0,0,0,"-0.214",negative,false,false,false,WA,"Maybe Scalise is losing the concept of both time and place, or more likely, he is trying to cherry pick his stats knowing most people aren't going to check the receipts.
🤥

Yeah, people in a certain state with unique circumstances might have been paying $6 2½ yrs ago, but the nat avg wasn't even $4.","at://did:plc:7idrhmxobdqbw357ccb4alyq/app.bsky.feed.post/3mks4xy5nxc2z"
bluesky,"May 1, 2026 @ 10:00:00.000","May 9, 2026 @ 20:51:44.197","May 1, 2026 @ 22:24:29.000","fuel prices",0,0,0,0,neutral,false,false,true,Unknown,"Jet fuel prices soar as Strait of Hormuz bottleneck drives airfare hikes

Rapid escalation in jet fuel costs
World air transport faces an unprecedent...","at://did:plc:mj77cdlu5wumix2kmfcxidtw/app.bsky.feed.post/3mks4owxlwb2j"
bluesky,"May 1, 2026 @ 10:00:00.000","May 9, 2026 @ 20:51:44.198","May 1, 2026 @ 22:24:15.788","fuel prices",0,0,0,"0.866",positive,false,false,true,Unknown,"Good morning Jesse 
The increase in oil will affect the prices of everything across the board. I remember how high fuel & interest rates were in the 80s. 
I think if they mess too much with elections it will ire both the R & D & they will lose 
Love that new profile pic. Thank you for the inclusion","at://did:plc:curfc4ek65smrbdk7ljsnihw/app.bsky.feed.post/3mks4ogh2yc2o"
bluesky,"May 1, 2026 @ 10:00:00.000","May 9, 2026 @ 20:51:44.198","May 1, 2026 @ 22:18:56.336","fuel prices",11,1,8,"-0.681",negative,false,false,true,Unknown,"A car manufacturer is reporting a “seismic uptick” in demand for electric vehicles (EVs) amid the surge in fuel prices caused by the Iran oil crisis","at://did:plc:pnuqw3q7pdvennchpm5hu222/app.bsky.feed.post/3mks4evs5622v"
bluesky,"May 1, 2026 @ 10:00:00.000","May 9, 2026 @ 20:51:44.198","May 1, 2026 @ 22:18:07.680","fuel prices",0,0,0,"0.354",positive,false,false,true,WA,"#Scalise LIED ON AIR @cnbc.com!

DO BETTER!

YOU REPORT FINANCIAL NEWS/FACTS!

JAN 2024 as #BIDEN LEFT - NAT AVG FOR GAS WAS $3.07!

AAA Fuel Prices 1/2024 share.google/QV2aO3CKyoeb...","at://did:plc:tkg654uabqjjhl3eisuj4cli/app.bsky.feed.post/3mks4dhfdik2z"
bluesky,"May 1, 2026 @ 10:00:00.000","May 9, 2026 @ 20:51:44.198","May 1, 2026 @ 22:16:05.283","fuel prices",0,0,0,"-0.103",negative,false,true,true,WA,"FDA approves oral Ozempic for type 2 diabetes with a May 4 launch. Ukraine reports strikes on Russian oil facilities in Tuapse. Fed officials warn inflation risks necessitate flexible rate policy. Democratic senators propose new oversight legislation for US fuel prices.","at://did:plc:lrbbrrxsrnrfwvkttgjsajpd/app.bsky.feed.post/3mks47thdn22v"
bluesky,"May 1, 2026 @ 10:00:00.000","May 9, 2026 @ 20:51:44.198","May 1, 2026 @ 22:14:57.823","fuel prices",2,0,1,"0.402",positive,false,false,true,Unknown,"DEMOCRATIC SENATORS PROPOSE LEGISLATION TO BOOST OVERSIGHT BY FEDERAL TRADE COMMISSION OF FUEL PRICES","at://did:plc:43fdk46qa5gsokzygzildsaq/app.bsky.feed.post/3mks45sonq62y"
bluesky,"May 1, 2026 @ 10:00:00.000","May 9, 2026 @ 19:59:58.013","May 1, 2026 @ 22:12:29.496","petrol prices",1,0,0,"-0.769",negative,false,false,true,WA,"women over 40 sadly need more of a rage cage than a quiet garden to discuss hillwalking and petrol prices","at://did:plc:vd2ex5dif6zl5dz6n4nw7us7/app.bsky.feed.post/3mks3zeupq22c"
bluesky,"May 1, 2026 @ 10:00:00.000","May 9, 2026 @ 19:59:58.013","May 1, 2026 @ 22:06:55.044","petrol prices",5,1,0,"-0.84",negative,false,false,true,WA,"Trump says soaring US petrol prices will ‘drop like a rock’ after Iran war aje.news/4jxf4z via @AJEnglish What a lying cunt that man is, Peter. @petehoekstra","at://did:plc:jlafm6izvgdkspc55swp4hp5/app.bsky.feed.post/3mks3pfw2h222"
bluesky,"May 1, 2026 @ 10:00:00.000","May 9, 2026 @ 20:51:44.199","May 1, 2026 @ 22:05:34.000","fuel prices",0,0,0,"0.25",positive,false,true,true,Unknown,"Indian Oil Corporation Raises LPG and ATF Prices Amid Rising Global Energy Costs

1 May, 2026 (Navroze Bureau) :  Indian Oil Corporation (IOC) has increased the prices of liquefied petroleum gas (LPG) and aviation turbine fuel (ATF), reflecting continued pressure from rising global oil prices. The…","at://did:plc:nndhrtds5t6ipm4zdvov6php/app.bsky.feed.post/3mks3n24wa22c"
bluesky,"May 1, 2026 @ 10:00:00.000","May 9, 2026 @ 20:51:44.199","May 1, 2026 @ 22:03:23.227","fuel prices",0,0,0,"0.422",positive,false,false,true,Unknown,"Food delivery riders decry zero ayuda, seek wealth tax for the rich: Food delivery riders are protesting the lack of government financial aid amidst a significant increase in oil prices, which has doubled their fuel costs and forced them to work up to 16 hours daily t… https://ranked.news/741831?u=b","at://did:plc:42han5exrxyrgdsbwosrp7sy/app.bsky.feed.post/3mks3j4yzoh2s"
bluesky,"May 1, 2026 @ 10:00:00.000","May 9, 2026 @ 20:51:44.199","May 1, 2026 @ 22:00:39.000","fuel prices",0,0,0,"-0.318",negative,false,false,true,WA,"Fuel price rises caused by cost of oil rather than retail margins – watchdog

https://www.europesays.com/2958417/

Soaring fuel prices amid the conflict in the Middle East are being driven by the higher cost of…","at://did:plc:msian4dqa2rqalf3biilnf3m/app.bsky.feed.post/3mks3ed65tx24"
bluesky,"May 1, 2026 @ 10:00:00.000","May 9, 2026 @ 19:59:58.013","May 1, 2026 @ 21:54:29.476","petrol prices",0,1,0,"0.422",positive,false,true,true,Victoria,"Try getting water, transport, postal services, energy, petrol etc etc somewhere else at competitive prices it is either impossible or a continuous nightmare. The corporations are the people in control of prices, availability, salaries and increasingly are owning capitalist societies and thriving","at://did:plc:kc5hezlq6ytcyrv7y57fhoyb/app.bsky.feed.post/3mks2z6v3ps2u"
bluesky,"May 1, 2026 @ 10:00:00.000","May 9, 2026 @ 19:59:40.372","May 1, 2026 @ 21:54:13.019","diesel Australia",0,0,0,"0.351",positive,true,false,true,WA,"Well, just recently loaded the Progress Rail SD70j-BB locomotive in Brazil for Australia. The model was a diesel locomotive before but now runs on a 14.5 MWh lithium battery pack in the heat of the Australian desert hauling iron ore rail cars …; there are smaller 6 MWh locs running at the port of LA","at://did:plc:dgobsajudrzhmkyhtp5nyqjf/app.bsky.feed.post/3mks2yp6ugk2f"
bluesky,"May 1, 2026 @ 10:00:00.000","May 9, 2026 @ 20:51:44.200","May 1, 2026 @ 21:52:52.000","fuel prices",0,0,0,"-0.791",negative,false,false,true,Unknown,"KYIV POST:
Russian Government Steps In to Stanch Reeling Oil Sector’s Historic Lows

Russia is tightening control over fuel production after drone strikes pushed refinery output to a 17-year low, forcing emergency measures to stabilize supply and prices.

https://www.kyivpost.com/post/75196

#World","at://did:plc:4rhhtjjgsucnkow3h3nno2eh/app.bsky.feed.post/3mks2wi3pyj32"
bluesky,"May 1, 2026 @ 10:00:00.000","May 9, 2026 @ 20:51:44.200","May 1, 2026 @ 21:47:54.306","fuel prices",3,0,0,"0.281",positive,false,true,true,WA,"The Orange ass-kissers are everywhere, despite the utter failure that he and his administration have been. Sky-rocketing grocery and fuel prices, bringing back the plagues of old, and making us all less safe and more poor. The sychophants are everywhere wanting a piece of the pie.","at://did:plc:2ekyevgqsdkcdnkmju42sug6/app.bsky.feed.post/3mks2nfzhjc2a"
bluesky,"May 1, 2026 @ 10:00:00.000","May 9, 2026 @ 19:59:58.013","May 1, 2026 @ 21:39:37.216","petrol prices",0,0,0,"0.128",positive,false,false,true,WA,"Financial Times: Exxon, Chevron Defy US President’s Pressure To Boost Oil Production; Stick To Prewar Strategies Despite White House Plea For More Drilling To Curb Soaring Petrol Prices tinyurl.com/23zwctm7","at://did:plc:h6vtwq2qkazjor6uykvdcurp/app.bsky.feed.post/3mks26lxj222t"
bluesky,"May 1, 2026 @ 10:00:00.000","May 9, 2026 @ 19:59:33.106","May 1, 2026 @ 21:39:30.926","fuel Australia",2,0,0,"-0.024",neutral,true,false,true,Australia,"Except in Australia we have 2 political parties doing what they can do lie about bolstering fossil fuel reserves.

Absolute crickets about incentivising people into EV's.

Utterly ridiculous.","at://did:plc:fatg2ymer3dl5sf4kwwvyqhm/app.bsky.feed.post/3mks26fxkhk2a"
bluesky,"May 1, 2026 @ 10:00:00.000","May 9, 2026 @ 20:51:44.200","May 1, 2026 @ 21:36:39.630","fuel prices",0,0,0,"-0.665",negative,false,false,true,Unknown,"""They’re lying about a subject in which the truth is literally in everyone’s face. Lies about immigrant crime are difficult for ordinary Americans to check. But gas prices are displayed on giant signs all around America — drivers face a reality check on fuel costs every time they fill their tanks.""","at://did:plc:evytduxgi7ny4ou7nvyzgoma/app.bsky.feed.post/3mkrzzclz7k24"
bluesky,"May 1, 2026 @ 10:00:00.000","May 9, 2026 @ 20:51:44.201","May 1, 2026 @ 21:26:52.539","fuel prices",14,1,0,"0.649",positive,false,false,true,Unknown,"Long-haul routes continue to be plagued by fuel prices but indices are stable and rates on Suez routes have become increasingly dependent on the specific circumstances of the shipment for example bunkering with cheaper Russian fuel in the Black Sea offered an advantage.","at://did:plc:tac5c6r63jw7n2uq4yb4yjl4/app.bsky.feed.post/3mkrzhyx7pw2k"
bluesky,"May 1, 2026 @ 10:00:00.000","May 9, 2026 @ 20:51:44.201","May 1, 2026 @ 21:26:52.537","fuel prices",14,1,0,"-0.241",negative,false,false,true,WA,"Despite the increase in the export of grain in March from the Azov and Black Sea basin there was still available tonnage for shipping more grain. On long routes especially those via the Suez Canal the high fuel prices were further exacerbated by rising insurance premiums.","at://did:plc:tac5c6r63jw7n2uq4yb4yjl4/app.bsky.feed.post/3mkrzhyx7pu2k"
bluesky,"May 1, 2026 @ 10:00:00.000","May 9, 2026 @ 20:51:44.201","May 1, 2026 @ 21:26:52.536","fuel prices",14,1,0,"-0.494",negative,false,false,true,WA,"The conflict in the Middle East which impacted bunker fuel prices and freight rates in all major basins changed the situation. Due to rising operating costs for shipowners seaborne grain logistics steadily rose in price in March while the impact of market factors was limited.","at://did:plc:tac5c6r63jw7n2uq4yb4yjl4/app.bsky.feed.post/3mkrzhyx7pt2k"
bluesky,"May 1, 2026 @ 10:00:00.000","May 9, 2026 @ 20:51:44.201","May 1, 2026 @ 21:20:27.801","fuel prices",0,0,0,"-0.696",negative,false,false,true,Unknown,"And there is a very specific cause for oil prices going up. The trimmed mean did not go up. But suspect it will once every company under the sun uses fuel prices as a cover for greedy price rises that wont go back down.","at://did:plc:5y6l2au2pkhtskkqqyjbdwba/app.bsky.feed.post/3mkrz4ds5hc2p"
bluesky,"May 1, 2026 @ 10:00:00.000","May 9, 2026 @ 20:51:44.202","May 1, 2026 @ 21:18:51.088","fuel prices",0,0,0,"-0.555",negative,false,false,true,WA,"U.S. Supply Chain: High Fuel Costs Disrupts Supply Chain Driving Up Costs!

Americans will pay significantly more for everything due to high fuel costs from war in Iran!

“Soaring gas prices and disrupted supply chains will increase costs in every store, economic sector” tinyurl.com/zjvux8nz","at://did:plc:5ene6a5e4uyt5mhwekdaf3xu/app.bsky.feed.post/3mkryzhkq5c24"
bluesky,"May 1, 2026 @ 10:00:00.000","May 9, 2026 @ 19:59:33.106","May 1, 2026 @ 21:08:38.744","fuel Australia",0,0,0,"-0.796",negative,true,true,true,Australia,"Ahead of the visit of Japan's Prime Minister to Vietnam & Australia (May 1-5), 30 civil society organisations released a statement urging Japan to stop exploiting the global energy crisis to push its fossil fuel agenda across the Asia Pacific.

#endallfossilfuels

fossilfreejapan.org/media/media-...","at://did:plc:dw5rqdv4tjhmx235oyernops/app.bsky.feed.post/3mkryh7lgy227"
bluesky,"May 1, 2026 @ 10:00:00.000","May 9, 2026 @ 20:51:44.202","May 1, 2026 @ 21:05:12.961","fuel prices",1,0,0,"0.796",positive,false,false,true,Unknown,"Yes. I completely agree with Representative Ro Khann's assessment.

Between food prices, food shortages, increased cost for utilities, increased fuel costs for gasoline and diesel.","at://did:plc:ynf5xaslka2vfkvzwmpbva4c/app.bsky.feed.post/3mkryb3dg222c"
bluesky,"May 1, 2026 @ 10:00:00.000","May 9, 2026 @ 20:51:44.202","May 1, 2026 @ 21:02:17.284","fuel prices",1,0,0,"0.128",positive,false,false,true,Unknown,"Dubai chefs are feeling the squeeze: rising jet fuel costs and the closure of the Strait of Hormuz are disrupting specialty ingredient imports, driving up prices for restaurants dependent on international supply chains
kayhanlife.com/business/eco...","at://did:plc:nw5lja2ikzlmlxa3p6zpqx3u/app.bsky.feed.post/3mkry3ts6hs2v"
bluesky,"May 1, 2026 @ 10:00:00.000","May 9, 2026 @ 19:59:58.014","May 1, 2026 @ 21:01:56.937","petrol prices",0,0,0,"0.791",positive,false,false,true,Unknown,"My ""high fashion"" vacation (private project) look: 
GoPro + BMW i4 M Sport edition. 

With petrol prices in the Netherlands reaching €2.60 per liter, it felt like the right moment to share what my transition from ICE to EV car looked like. 

Coming soon to YouTube 😉","at://did:plc:6czx5jh4d5xov5zrhbmrgok4/app.bsky.feed.post/3mkry3afj5c2u"
bluesky,"May 1, 2026 @ 10:00:00.000","May 9, 2026 @ 20:51:44.202","May 1, 2026 @ 21:01:15.000","fuel prices",0,0,0,"-0.511",negative,false,false,true,Unknown,"Europe searches for jet fuel alternatives as Middle East supplies halt

https://www.europesays.com/europe/28230/

Europe is scrambling to find alternative jet fuel supplies as the aviation industry faces a critical shortage. Prices…","at://did:plc:msian4dqa2rqalf3biilnf3m/app.bsky.feed.post/3mkry23tlnm2z"
bluesky,"May 1, 2026 @ 10:00:00.000","May 9, 2026 @ 20:03:21.751","May 1, 2026 @ 21:00:54.853","electricity Australia",0,0,0,0,neutral,true,true,false,WA,"🇦🇺 Yesterday wind was ~24% of eastern Australia electricity generation (140GWh). All solar was ~20% (114GWh). Net hydro was ~5% (27.8GWh). Battery output was 11.1GWh. (W/o WA & NT)

Source: OpenElectric

#Australia #windenergy #solarenergy #hydroenergy","at://did:plc:ud5d7oejm5jblvvnlkiajm7s/app.bsky.feed.post/3mkrxzfdpim2v"
bluesky,"May 1, 2026 @ 10:00:00.000","May 9, 2026 @ 20:51:44.202","May 1, 2026 @ 21:00:48.000","fuel prices",0,0,0,0,neutral,false,false,true,Unknown,"Latest Fuel Prices for Friday, May 1, 2026

https://www.newsbeep.com/ca/640579/

 Gas prices in metro on Friday, May 1, 2026 (VOCM News) The price of oil has shot…","at://did:plc:2gp3m6bnzqynpqq4nlwto5ar/app.bsky.feed.post/3mkrxzcbgss2a"
bluesky,"May 1, 2026 @ 10:00:00.000","May 9, 2026 @ 19:59:33.107","May 1, 2026 @ 21:00:44.300","fuel Australia",0,0,0,"0.273",positive,true,true,true,Australia,"2026-05-01 18:50:17 - Australia’s Energy Minister said: Australia does not need to implement fuel rationing in the short term.","at://did:plc:xhrtfphu4gzqrztkpb3a63qf/app.bsky.feed.post/3mkrxz37x5s2c"
bluesky,"May 1, 2026 @ 10:00:00.000","May 9, 2026 @ 19:59:40.372","May 1, 2026 @ 21:00:41.323","diesel Australia",0,0,0,"-0.318",negative,true,false,true,Australia,"2026-05-01 18:50:12 - Since the outbreak of the conflict, Australia has purchased an additional 450 million liters of diesel and 100 million liters of aviation kerosene.","at://did:plc:xhrtfphu4gzqrztkpb3a63qf/app.bsky.feed.post/3mkrxyyf7fu2u"
bluesky,"May 1, 2026 @ 10:00:00.000","May 9, 2026 @ 20:51:44.202","May 1, 2026 @ 21:00:19.000","fuel prices",0,0,0,"-0.511",negative,false,false,true,Unknown,"Europe searches for jet fuel alternatives as Middle East supplies halt

https://www.europesays.com/europe/28230/

Europe is scrambling to find alternative jet fuel supplies as the aviation industry faces a critical shortage. Prices…","at://did:plc:dmpirdk6dcab4uobpav2ffz7/app.bsky.feed.post/3mkrxyfj5bi2j"
bluesky,"May 1, 2026 @ 10:00:00.000","May 9, 2026 @ 20:51:45.369","May 1, 2026 @ 21:00:07.595","fuel prices",0,1,0,"-0.382",negative,false,false,true,WA,"[1/4] 2026-05-01 18:46:03 - [Fuel surcharges for Korean airlines will increase starting today, and low-yield routes will be grounded one after another] The recent war in the Middle East has caused international oil prices to remain high. The fuel surcharges for international flight","at://did:plc:xhrtfphu4gzqrztkpb3a63qf/app.bsky.feed.post/3mkrxxy7xbg2o"
bluesky,"May 1, 2026 @ 10:00:00.000","May 9, 2026 @ 20:51:45.369","May 1, 2026 @ 20:58:46.082","fuel prices",0,0,0,0,neutral,false,false,true,Unknown,"Saving fuel has become a priority for many UK motorists amid rising fuel prices","at://did:plc:pi53psv5yhxpqnwtttu2xtmd/app.bsky.feed.post/3mkrxvknou22q"
bluesky,"May 1, 2026 @ 10:00:00.000","May 9, 2026 @ 20:51:45.370","May 1, 2026 @ 20:50:12.829","fuel prices",0,1,0,"-0.743",negative,false,true,true,WA,"[3/4] not prompted any changes to our plans."" The Iran war has slashed oil production in the Gulf and hit refining operations in the Middle East and elsewhere, triggering an energy shock that could fuel global inflation. On Thursday, oil prices rose to $126 a barrel, their highest","at://did:plc:xhrtfphu4gzqrztkpb3a63qf/app.bsky.feed.post/3mkrxgazggo2s"
bluesky,"May 1, 2026 @ 10:00:00.000","May 9, 2026 @ 20:00:29.378","May 1, 2026 @ 20:45:41.060","inflation Australia",0,0,0,"0.459",positive,true,true,false,Australia,"The money saved has already been chewed up by the inflation here in Australia. The next three that I'm likely to stop supporting will be for strictly financial grounds, and the same is looming, at the same time, for YouTube creator subscriptions I have.","at://did:plc:eqxlkbfwgoxpyhkaqffmq7h2/app.bsky.feed.post/3mkrx65puh22l"
bluesky,"May 1, 2026 @ 10:00:00.000","May 9, 2026 @ 20:51:45.370","May 1, 2026 @ 20:45:15.000","fuel prices",0,0,0,"0.25",positive,false,true,true,Unknown,"Indian Oil Corporation Raises LPG and ATF Prices Amid Rising Global Energy Costs

1 May 2026 Punjab Khabarnama Bureau  : Indian Oil Corporation (IOC) has increased the prices of liquefied petroleum gas (LPG) and aviation turbine fuel (ATF), reflecting continued pressure from rising global oil…","at://did:plc:vlm363mn25kg2rfssqlblsex/app.bsky.feed.post/3mkrx5km7xf22"
bluesky,"May 1, 2026 @ 10:00:00.000","May 9, 2026 @ 20:51:45.370","May 1, 2026 @ 20:45:02.000","fuel prices",0,0,0,0,neutral,false,false,true,Unknown,"CMA publishes latest monitoring report on road fuel market

https://www.europesays.com/britain/26433/

Analysis finds that, on average, retailer fuel margins were broadly unchanged in March Local variation in prices remains…","at://did:plc:47ukz5svch7g2jmqu674y7b5/app.bsky.feed.post/3mkrx55xmcf2w"
bluesky,"May 1, 2026 @ 10:00:00.000","May 9, 2026 @ 19:59:33.107","May 1, 2026 @ 20:41:08.266","fuel Australia",0,0,0,0,neutral,true,false,true,Australia,"この燃料危機はしばらく続く可能性がある。燃料使用に対する新たなアプローチが求められる時だ

https://xenospectrum.com/australia-fuel-crisis-fossil-fuel-dependence/","at://did:plc:ursqag5rhlowpemgbxrmwus5/app.bsky.feed.post/3mkrww275q226"
bluesky,"May 1, 2026 @ 10:00:00.000","May 9, 2026 @ 20:51:45.371","May 1, 2026 @ 20:35:56.000","fuel prices",1,0,0,"-0.226",negative,false,false,true,Unknown,"Electric car sales surge 110% in April amid fuel protests and rising pump prices

Plug-in cars now account for over a third of new registrations in Ireland
","at://did:plc:vzmnljt7otfbbgrmachtefxh/app.bsky.feed.post/3mkrvl5g6lk2u"
bluesky,"May 1, 2026 @ 10:00:00.000","May 9, 2026 @ 20:51:45.370","May 1, 2026 @ 20:30:27.000","fuel prices",0,0,0,"0.637",positive,false,false,true,Unknown,"Wichitans say they are coping the best they can with unpredictable fuel prices.","at://did:plc:ldrenvc2f2ze3x4fql3zmotl/app.bsky.feed.post/3mkrwcwadl62o"
bluesky,"May 1, 2026 @ 10:00:00.000","May 9, 2026 @ 20:51:45.370","May 1, 2026 @ 20:28:06.817","fuel prices",0,0,0,"-0.361",negative,false,false,true,WA,"Fuel prices in Spain have fallen for the second week running - just in time for the May getaway. 
Will you be filling up and heading off?  

#SpainNews #FuelPrices #DrivingSpain #ExpatLifeSpain","at://did:plc:xobyexov476tt4wnupmewz3b/app.bsky.feed.post/3mkrw6qcwbc2d"
bluesky,"May 1, 2026 @ 10:00:00.000","May 9, 2026 @ 20:51:45.371","May 1, 2026 @ 20:22:11.657","fuel prices",38,1,9,"-0.649",negative,false,false,true,WA,"Surging jet fuel prices and shortages threaten everything from commercial air travel in Europe to fighting wildfires in the Western US. Making matters worse, a potential super El Niño could trigger heat waves across Asia, further increasing demand for air conditioning and, accordingly, fossil fuels.","at://did:plc:ji7lroxun3yvv2pxhcf7jqsn/app.bsky.feed.post/3mkrvuirqsk2n"
bluesky,"May 1, 2026 @ 10:00:00.000","May 9, 2026 @ 20:51:45.371","May 1, 2026 @ 20:20:07.000","fuel prices",0,0,0,"0.586",positive,false,false,true,Unknown,"Fuel price rises fuel interest in used electric vehicles

https://www.evshift.com/447504/fuel-price-rises-fuel-interest-in-used-electric-vehicles/

The increase in pump prices is driving a rise in demand for used electric vehicles (EVs), according to new analysis by Indicata. Figures from its …","at://did:plc:7dzisek6r5umenig45favjer/app.bsky.feed.post/3mkrvqjn2xf2o"
bluesky,"May 1, 2026 @ 10:00:00.000","May 9, 2026 @ 20:51:45.371","May 1, 2026 @ 20:18:15.854","fuel prices",0,0,0,0,neutral,false,false,true,Unknown,"Saving fuel has become a priority for many UK motorists amid rising fuel prices","at://did:plc:qpc5545tocmhwad6m55guaqj/app.bsky.feed.post/3mkrvn4zkas2p"
bluesky,"May 1, 2026 @ 10:00:00.000","May 9, 2026 @ 20:51:45.372","May 1, 2026 @ 20:01:10.338","fuel prices",0,2,0,"0.382",positive,false,true,true,WA,"If you pay a living wage, VAT, food costs of which all variables like fuel prices are passed on to you, rent, business rates, the amount of that you can pass on to your customers depends on what they’re prepared to pay, which is “less than that.” What’s left is almost nothing. 1/","at://did:plc:bi2yvqjw4ssoa3ju4s4ijb64/app.bsky.feed.post/3mkruokpwhs2j"
bluesky,"May 1, 2026 @ 10:00:00.000","May 9, 2026 @ 20:51:45.372","May 1, 2026 @ 20:00:39.405","fuel prices",0,0,0,"-0.153",negative,false,false,true,Unknown,"2026-05-01 17:54:00 - Maruti Suzuki executive: Small car sales will be affected if fuel prices rise.","at://did:plc:xhrtfphu4gzqrztkpb3a63qf/app.bsky.feed.post/3mkrunndh7d2s"
bluesky,"May 1, 2026 @ 10:00:00.000","May 9, 2026 @ 20:51:45.372","May 1, 2026 @ 19:59:53.911","fuel prices",0,1,0,"-0.511",negative,false,true,true,Unknown,"in Sudan. In Nigeria and Ethiopia, fuel rationing has forced emergency clinics to limit electricity use. Yemen has seen shipping costs rise twenty percent and food prices thirty percent; Somalia has experienced a tripling of essential malnutrition medication costs and a twenty percent increase","at://did:plc:tpc42zt2y25vzh4a2djx5tvo/app.bsky.feed.post/3mkrumbyr5w2e"
bluesky,"May 1, 2026 @ 10:00:00.000","May 9, 2026 @ 20:51:45.372","May 1, 2026 @ 19:56:19.000","fuel prices",0,0,0,"0.772",positive,false,false,true,Unknown,"Little has introduced a temporary fare increase, saying the move will help support drivers after the recent sharp rise in fuel prices in Kenya.","at://did:plc:xdfjmzwdrewelkxj43foispw/app.bsky.feed.post/3mkrufwhcq62c"
bluesky,"May 1, 2026 @ 10:00:00.000","May 9, 2026 @ 19:59:33.107","May 1, 2026 @ 19:55:56.878","fuel Australia",0,0,0,"-0.637",negative,true,false,true,Australia,"Fear Norman's. Die younger of asthma from all the raw fuel burning. 
If I lived in countries of origin (Ireland, Scotland)

Here (Australia) I'd just go about awestruck at all the nature pre-colinisation, and try to establish good relations with Aboriginal people.","at://did:plc:r3oriaspoxslzppzs33x34dn/app.bsky.feed.post/3mkruf7ru7k2z"
bluesky,"May 1, 2026 @ 10:00:00.000","May 9, 2026 @ 20:51:45.373","May 1, 2026 @ 19:54:23.586","fuel prices",2,0,1,"-0.649",negative,false,false,true,Unknown,"Rising Fuel Prices Force Policymakers to Weigh Excruciating Choices www.nytimes.com/2026/04/30/b...","at://did:plc:lzfzawdilrmsfikvr4c6ytk4/app.bsky.feed.post/3mkrucgsrrc2h"
bluesky,"May 1, 2026 @ 10:00:00.000","May 9, 2026 @ 20:51:45.373","May 1, 2026 @ 19:54:01.736","fuel prices",2,0,0,0,neutral,false,false,true,Unknown,"Prices on everything will go up if fuel prices stay high.","at://did:plc:xcb5cuflwegklt5laxr63lwm/app.bsky.feed.post/3mkrubrxxus2j"
bluesky,"May 1, 2026 @ 10:00:00.000","May 9, 2026 @ 20:51:45.373","May 1, 2026 @ 19:53:18.412","fuel prices",3,0,0,0,neutral,false,true,true,Unknown,"Inflation coming if fuel prices stay high.","at://did:plc:xcb5cuflwegklt5laxr63lwm/app.bsky.feed.post/3mkruaintbs2j"
bluesky,"May 1, 2026 @ 10:00:00.000","May 9, 2026 @ 20:51:45.373","May 1, 2026 @ 19:52:49.790","fuel prices",0,0,0,0,neutral,false,false,true,Unknown,"Saving fuel has become a priority for many UK motorists amid rising fuel prices","at://did:plc:fuaghsxcj3cjarjlgembvhod/app.bsky.feed.post/3mkru7nn6ir2u"
bluesky,"May 1, 2026 @ 10:00:00.000","May 9, 2026 @ 20:51:45.373","May 1, 2026 @ 19:52:38.675","fuel prices",1,0,0,0,neutral,false,true,true,Unknown,"Inflation will go through the roof if fuel prices stay up.","at://did:plc:xcb5cuflwegklt5laxr63lwm/app.bsky.feed.post/3mkru7cr5mk2j"
bluesky,"May 1, 2026 @ 10:00:00.000","May 9, 2026 @ 20:51:45.373","May 1, 2026 @ 19:50:39.000","fuel prices",0,0,0,0,neutral,false,false,true,Unknown,"Latest Fuel Prices for Friday, May 1, 2026

https://www.newsbeep.com/514044/

 Gas prices in metro on Friday, May 1, 2026 (VOCM News) The price of oil has shot…","at://did:plc:gi6gydeibb64wvhwm6tehjht/app.bsky.feed.post/3mkru3tw6ru2e"
bluesky,"May 1, 2026 @ 10:00:00.000","May 9, 2026 @ 20:00:29.379","May 1, 2026 @ 19:49:51.253","inflation Australia",0,4,0,"0.727",positive,true,true,false,Australia,"What to work on, to make it possible to support you on Patreon?  
Stopping the unsane inflation rate in Australia.  
I've already ceased supporting 3 Patreon creators since the start of the year. And of the remaining 5, another 3 could well go before the end of the year.","at://did:plc:eqxlkbfwgoxpyhkaqffmq7h2/app.bsky.feed.post/3mkru2d3tl22m"
bluesky,"May 1, 2026 @ 10:00:00.000","May 9, 2026 @ 20:03:55.306","May 1, 2026 @ 19:32:16.352","rent Sydney",2,1,0,"-0.477",negative,true,true,false,NSW,"Nine News running a story today on suburbs of Sydney where rent is falling and some houses in particular suburbs have fallen to $1000 and even $910 a week and are now “much more affordable”. 

🤪","at://did:plc:otevrn33ze3y6fohevqjftut/app.bsky.feed.post/3mkrt2v2sss2a"
bluesky,"May 1, 2026 @ 10:00:00.000","May 9, 2026 @ 20:51:45.373","May 1, 2026 @ 19:31:46.000","fuel prices",0,0,0,"-0.855",negative,false,false,true,Unknown,"TotalEnergies Extends Fuel Price Cap in France as Middle East Crisis Drags On

https://www.europesays.com/france/10699/

TotalEnergies will keep its fuel prices in France capped for as long as the Middle East crisis lasts,…","at://did:plc:msian4dqa2rqalf3biilnf3m/app.bsky.feed.post/3mkrt245goe2k"
bluesky,"May 1, 2026 @ 10:00:00.000","May 9, 2026 @ 20:51:45.373","May 1, 2026 @ 19:30:39.000","fuel prices",0,0,0,"0.599",positive,false,false,true,Unknown,"fuelaround.me UK fuel update (2026-05-01 08:59 UTC)
Unleaded: min 151.9p/L | avg 156.6p/L | max 160.9p/L | Δ avg -0.0p
Super Unleaded: min 162.9p/L | avg 174.0p/L | max 184.9p/L | Δ avg +0.0p
Diesel: min 181.9p/L | avg 188.8p/L | max 194.7p/L | Δ avg -0.1p
Source: fuelaround.me","at://did:plc:mxll3gbfcldenrvavnzpt57n/app.bsky.feed.post/3mkrsxyvdn42l"
bluesky,"May 1, 2026 @ 10:00:00.000","May 9, 2026 @ 20:51:45.374","May 1, 2026 @ 19:30:13.000","fuel prices",0,0,0,"-0.855",negative,false,false,true,Unknown,"TotalEnergies Extends Fuel Price Cap in France as Middle East Crisis Drags On

https://www.europesays.com/france/10699/

TotalEnergies will keep its fuel prices in France capped for as long as the Middle East crisis lasts,…","at://did:plc:pwyrvoajqcy4ovljrticprdx/app.bsky.feed.post/3mkrsxbfswe2y"
bluesky,"May 1, 2026 @ 10:00:00.000","May 9, 2026 @ 20:51:45.374","May 1, 2026 @ 19:26:36.000","fuel prices",0,0,0,"0.872",positive,false,false,true,Unknown,"ICYMI: 3 apps for best gas prices, according to Reader’s Digest: Discover three apps that help drivers find cheaper gas or earn cash back, for smarter fuel savings","at://did:plc:nasdzbpiyzph2lvcoijyxere/app.bsky.feed.post/3mkrsqrdu7p26"
bluesky,"May 1, 2026 @ 10:00:00.000","May 9, 2026 @ 20:51:45.374","May 1, 2026 @ 19:24:43.621","fuel prices",1,0,0,"0.273",positive,false,true,true,Unknown,"Breaking News.

High fuel prices are leading to people finding alternate energy models.

Film at 11.","at://did:plc:kd5t2grlmd2xg3nhud5eougl/app.bsky.feed.post/3mkrsnfcloc2e"
bluesky,"May 1, 2026 @ 10:00:00.000","May 9, 2026 @ 20:51:45.374","May 1, 2026 @ 19:18:15.085","fuel prices",0,1,0,"-0.178",negative,false,true,true,WA,"If anyone wants to find something to get mad about in regards to California and gas prices though, I do recommend yelling at Newsom and his office as they currently are trying to skirt the law and use gas taxes to discount bio-fuel costs for airlines.

calmatters.org/environment/...","at://did:plc:5xsal57rqv3l35dydh4lyivx/app.bsky.feed.post/3mkrsbtcjtk2k"
bluesky,"May 1, 2026 @ 10:00:00.000","May 9, 2026 @ 20:51:45.374","May 1, 2026 @ 19:17:48.144","fuel prices",8,0,0,"-0.527",negative,false,true,true,WA,"It's no wonder when you look at where Reiche comes from. Was to be expected. And most of my German fellow citizens are still addicted to their fuel-powered vehicles. Short-sighted as they are, they only think about the current prices. Not the real cost behind fossil fuels.","at://did:plc:4guocpwqvjggkbr6dktm4w2z/app.bsky.feed.post/3mkrsaz3ag223"
bluesky,"May 1, 2026 @ 10:00:00.000","May 9, 2026 @ 20:51:45.375","May 1, 2026 @ 19:15:15.000","fuel prices",0,0,0,"0.872",positive,false,false,true,Victoria,"With fuel prices rising again, motorists are looking for ways to save. While much of the advice being doled out isn’t necessarily new, many drivers don’t adhere to best practices when it comes to fuel efficiency - and now they’re paying more attention.","at://did:plc:73vkh3bocvb6uewxbpmhay7d/app.bsky.feed.post/3mkrs4h5lrf2t"
bluesky,"May 1, 2026 @ 10:00:00.000","May 9, 2026 @ 20:51:45.375","May 1, 2026 @ 19:09:39.149","fuel prices",0,0,0,"-0.751",negative,false,false,true,Unknown,"📰 #Finance

""TotalEnergies will keep its fuel prices in France capped for as long as the Middle East crisis lasts, the French supermajor said, extending the policy first introduced two weeks into the conflict. TotalEnergies is capping the price of gasoline and diesel at its stations in France…""","at://did:plc:4aeinxjwao74le6dktiiyxg4/app.bsky.feed.post/3mkrrsgt6tg2o"
bluesky,"May 1, 2026 @ 10:00:00.000","May 9, 2026 @ 19:59:40.372","May 1, 2026 @ 18:55:10.459","diesel Australia",1,1,0,"0.201",positive,true,false,true,Australia,"So funny. Did you know that one diesel truck each day catches fire in Australia?","at://did:plc:4yujn2ycoh4vpggsqfgmm4xw/app.bsky.feed.post/3mkrqykbx6k2z"
bluesky,"May 1, 2026 @ 10:00:00.000","May 9, 2026 @ 20:51:45.375","May 1, 2026 @ 18:54:54.778","fuel prices",4,1,1,"-0.625",negative,false,false,true,Unknown,"Heightened insecurity and instability around key Gulf routes, including the Strait of Hormuz, have disrupted maritime traffic.

Rising fuel, food and freight costs worldwide are driving up prices and delaying the delivery of critical supplies.","at://did:plc:t3wq4mb3cifph6ywthtpgaoc/app.bsky.feed.post/3mkrqyhbq3c2z"
bluesky,"May 1, 2026 @ 10:00:00.000","May 9, 2026 @ 20:51:45.376","May 1, 2026 @ 18:49:35.000","fuel prices",0,0,0,"-0.687",negative,false,false,true,WA,"German fuel tax cut questioned

The German government will temporarily cut taxes on gasoline and diesel from May 1 to lower pump prices, but analysts warned the savings may not reach motorists.

With posts by 🎓Charles W. Smith, 🎓Du Toit, 🎓Nicolai von Ondarza.","at://did:plc:g7bwmiaavgfbt5ic54gfkyd3/app.bsky.feed.post/3mkrqolg2cp2s"
bluesky,"May 1, 2026 @ 10:00:00.000","May 9, 2026 @ 20:51:45.376","May 1, 2026 @ 18:49:34.000","fuel prices",0,0,0,"-0.687",negative,false,false,true,WA,"German fuel tax cut questioned

The German government will temporarily cut taxes on gasoline and diesel from May 1 to lower pump prices, but analysts warned the savings may not reach motorists.

With posts by 🎓Charles W. Smith, 🎓Du Toit, 🎓Nicolai von Ondarza.","at://did:plc:g7bwmiaavgfbt5ic54gfkyd3/app.bsky.feed.post/3mkrqokgvpq2h"
bluesky,"May 1, 2026 @ 10:00:00.000","May 9, 2026 @ 20:51:45.376","May 1, 2026 @ 18:49:33.000","fuel prices",0,0,0,"-0.67",negative,false,false,true,Unknown,"Germany cuts fuel tax temporarily

The German government will cut the mineral oil tax on petrol and diesel nationwide starting May 1 for two months to lower prices at the pump.

With posts by 🎓Christopher Wright, 🎓Charles W. Smith, 🎓Margot C. Finn +5 more scholars.","at://did:plc:g7bwmiaavgfbt5ic54gfkyd3/app.bsky.feed.post/3mkrqojqap62v"
bluesky,"May 1, 2026 @ 10:00:00.000","May 9, 2026 @ 20:51:45.377","May 1, 2026 @ 18:49:32.000","fuel prices",0,0,0,"-0.67",negative,false,false,true,Unknown,"Germany cuts fuel tax temporarily

The German government will cut the mineral oil tax on petrol and diesel nationwide starting May 1 for two months to lower prices at the pump.

With posts by 🎓Christopher Wright, 🎓Charles W. Smith, 🎓Margot C. Finn +5 more scholars.","at://did:plc:g7bwmiaavgfbt5ic54gfkyd3/app.bsky.feed.post/3mkrqoir4532s"
bluesky,"May 1, 2026 @ 10:00:00.000","May 9, 2026 @ 20:51:45.377","May 1, 2026 @ 18:49:32.000","fuel prices",0,0,0,"-0.67",negative,false,false,true,Unknown,"Germany cuts fuel tax temporarily

The German government will cut the mineral oil tax on petrol and diesel nationwide starting May 1 for two months to lower prices at the pump.

With posts by 🎓Christopher Wright, 🎓Charles W. Smith, 🎓Margot C. Finn +5 more scholars.","at://did:plc:g7bwmiaavgfbt5ic54gfkyd3/app.bsky.feed.post/3mkrqoiyg5c2g"
bluesky,"May 1, 2026 @ 10:00:00.000","May 9, 2026 @ 20:00:29.379","May 1, 2026 @ 18:49:28.000","inflation Australia",0,0,0,"-0.44",negative,true,true,false,Australia,"Inflation rises; Belgium delays figures

Consumer inflation rose across several countries: Germany's rate reached 2.9 percent, Australia approached a three‑year high, and Belgium postponed April figures after committee disagreement.

With posts by 🎓Hakan Yilmazkuday +2 more scholars.","at://did:plc:g7bwmiaavgfbt5ic54gfkyd3/app.bsky.feed.post/3mkrqoereqw2b"
bluesky,"May 1, 2026 @ 10:00:00.000","May 9, 2026 @ 20:00:29.379","May 1, 2026 @ 18:49:28.000","inflation Australia",0,0,0,"-0.44",negative,true,true,false,Australia,"Inflation rises; Belgium delays figures

Consumer inflation rose across several countries: Germany's rate reached 2.9 percent, Australia approached a three‑year high, and Belgium postponed April figures after committee disagreement.

With posts by 🎓Hakan Yilmazkuday +2 more scholars.","at://did:plc:g7bwmiaavgfbt5ic54gfkyd3/app.bsky.feed.post/3mkrqoeo4j52s"
bluesky,"May 1, 2026 @ 10:00:00.000","May 9, 2026 @ 20:00:29.379","May 1, 2026 @ 18:49:27.000","inflation Australia",0,0,0,"-0.44",negative,true,true,false,Australia,"Inflation rises; Belgium delays figures

Consumer inflation rose across several countries: Germany's rate reached 2.9 percent, Australia approached a three‑year high, and Belgium postponed April figures after committee disagreement.

With posts by 🎓Hakan Yilmazkuday +2 more scholars.","at://did:plc:g7bwmiaavgfbt5ic54gfkyd3/app.bsky.feed.post/3mkrqodoli52e"
bluesky,"May 1, 2026 @ 10:00:00.000","May 9, 2026 @ 20:51:45.377","May 1, 2026 @ 18:49:13.000","fuel prices",0,0,0,"-0.925",negative,false,false,true,WA,"Small European airports face collapse

The European airports trade body warned smaller airports could collapse if jet fuel shortages and surging prices linked to the Middle East conflict forced widespread flight cancellations.

With posts by 🎓Hakan Yilmazkuday, 🎓Herbert Hovenkamp +4 more scholars.","at://did:plc:g7bwmiaavgfbt5ic54gfkyd3/app.bsky.feed.post/3mkrqnw7cs22g"
bluesky,"May 1, 2026 @ 10:00:00.000","May 9, 2026 @ 20:51:45.378","May 1, 2026 @ 18:49:12.000","fuel prices",0,0,0,"0.527",positive,false,false,true,Unknown,"Three countries propose fuel relief

Germany, Greece and Italy proposed targeted fuel-relief measures—tax cuts or fuel passes for low-income drivers and truckers—to ease rising oil prices, though economists were divided.

With posts by 🎓Richard S.J. Tol, 🎓Miles Corak +16 more scholars.","at://did:plc:g7bwmiaavgfbt5ic54gfkyd3/app.bsky.feed.post/3mkrqnw76s52e"
bluesky,"May 1, 2026 @ 10:00:00.000","May 9, 2026 @ 20:51:45.378","May 1, 2026 @ 18:49:11.000","fuel prices",0,0,0,"0.527",positive,false,false,true,Unknown,"Three countries propose fuel relief

Germany, Greece and Italy proposed targeted fuel-relief measures—tax cuts or fuel passes for low-income drivers and truckers—to ease rising oil prices, though economists were divided.

With posts by 🎓Richard S.J. Tol, 🎓Miles Corak +16 more scholars.","at://did:plc:g7bwmiaavgfbt5ic54gfkyd3/app.bsky.feed.post/3mkrqnutphb2l"
bluesky,"May 1, 2026 @ 10:00:00.000","May 9, 2026 @ 20:51:45.378","May 1, 2026 @ 18:49:11.000","fuel prices",0,0,0,"-0.925",negative,false,false,true,WA,"Small European airports face collapse

The European airports trade body warned smaller airports could collapse if jet fuel shortages and surging prices linked to the Middle East conflict forced widespread flight cancellations.

With posts by 🎓Hakan Yilmazkuday, 🎓Herbert Hovenkamp +4 more scholars.","at://did:plc:g7bwmiaavgfbt5ic54gfkyd3/app.bsky.feed.post/3mkrqnux6uy2h"
bluesky,"May 1, 2026 @ 10:00:00.000","May 9, 2026 @ 20:51:45.379","May 1, 2026 @ 18:44:41.000","fuel prices",0,0,0,"0.869",positive,false,true,true,Unknown,"Labour, just like Reform and Tories are in hock to the fossil fuel industry. As BP make billions in profits from high energy prices, and you pay higher bills, our Labour MP is giving a key note address to industry figures. When Labour claim to be greener than the Greens, this demonstrates the truth.","at://did:plc:g5hutzt3ruh64e3hdpytwrth/app.bsky.feed.post/3mkrqfyhfiai2"
bluesky,"May 1, 2026 @ 10:00:00.000","May 9, 2026 @ 20:51:45.379","May 1, 2026 @ 18:44:37.731","fuel prices",5,0,2,"0.869",positive,false,true,true,Unknown,"Labour, just like Reform and Tories are in hock to the fossil fuel industry. As BP make billions in profits from high energy prices, and you pay higher bills, our Labour MP is giving a key note address to industry figures. When Labour claim to be greener than the Greens, this demonstrates the truth.","at://did:plc:llpuy237qrqfwcc55oc3w4hu/app.bsky.feed.post/3mkrqfq367m24"
bluesky,"May 1, 2026 @ 10:00:00.000","May 9, 2026 @ 20:51:45.380","May 1, 2026 @ 18:41:55.641","fuel prices",0,1,0,"-0.792",negative,true,true,true,WA,"This has resulted in what is likely to be a DROP in electricity prices for the vast majority of Australians whether or not they have solar panels because renewable energy, shock horror, is so much cheaper to generate than fossil fuel sources.","at://did:plc:obt62rqnqvnyv5aooxhst5ce/app.bsky.feed.post/3mkrqaubzq22i"
bluesky,"May 1, 2026 @ 10:00:00.000","May 9, 2026 @ 20:03:21.751","May 1, 2026 @ 18:40:00.375","electricity Australia",0,1,0,"-0.077",negative,false,false,false,WA,"The news is all good. Those folks worried about what happens when the wind doesn’t blow or the sun doesn’t shine are morons who for some reason want to do the bidding of multinational gas companies.","at://did:plc:obt62rqnqvnyv5aooxhst5ce/app.bsky.feed.post/3mkrq5j6zo22i"
bluesky,"May 1, 2026 @ 10:00:00.000","May 9, 2026 @ 20:51:45.380","May 1, 2026 @ 18:39:31.000","fuel prices",0,0,0,"0.477",positive,false,false,true,Unknown,"Czech news in brief for May 1: Friday’s top morning headlines

https://www.byteseu.com/1980579/

Maximum fuel prices to increase on Friday The Ministry of Finance announced that regulated maximum fuel prices in the Czech Republic will rise significantly starting Friday. This scheduled adjustment …","at://did:plc:5zww7zorx2ajw7hqrhuix3ba/app.bsky.feed.post/3mkrq4ne2br2r"
bluesky,"May 1, 2026 @ 10:00:00.000","May 9, 2026 @ 20:51:45.380","May 1, 2026 @ 18:37:40.499","fuel prices",0,0,0,"0.152",positive,false,false,true,Unknown,"Not gonna pay those fuel prices no more, eh? 👍😀","at://did:plc:i7nhnmlajjeeoyddor6dwtau/app.bsky.feed.post/3mkrpzaxqls2w"
bluesky,"May 1, 2026 @ 10:00:00.000","May 9, 2026 @ 19:59:33.107","May 1, 2026 @ 18:35:39.154","fuel Australia",0,0,0,"-0.725",negative,true,false,true,Australia,"China's just trying to become the adult in the House to this Israel/American invasion into Iran!
Stop using inciting words/attending grabbing titles, to gather an audience!
To debunk your misrepresentation; 🇨🇳 just resume export of refined fuel to Australia & Asian Markets!","at://did:plc:5zns6v3nbjrldywkcfupvpw2/app.bsky.feed.post/3mkrpvnaokc26"
bluesky,"May 1, 2026 @ 10:00:00.000","May 9, 2026 @ 20:51:45.380","May 1, 2026 @ 18:32:29.671","fuel prices",0,1,0,"0.149",positive,false,false,true,Unknown,"✴️How UAE Leaving OPEC Affects U.S. Citizens

- 🟩Possible lower gas prices — UAE can pump more oil freely, adding supply and easing price pressure.  
- ✴️Weaker OPEC price control — Less ability for OPEC to coordinate production cuts that raise U.S. fuel costs.","at://did:plc:cuiafam7nx7leqx4j2yd7u6f/app.bsky.feed.post/3mkrppyk2m22y"
bluesky,"May 1, 2026 @ 10:00:00.000","May 9, 2026 @ 20:51:45.381","May 1, 2026 @ 18:30:23.796","fuel prices",0,1,0,"-0.67",negative,false,false,true,Unknown,"[3/5] economies may fall into recession, and Singapore will also be directly affected."" Lawrence Wong said that the closure of the Strait of Hormuz for more than two months has led to rising prices and tighter supply. Some countries are experiencing fuel shortages, airlines are cutting","at://did:plc:xhrtfphu4gzqrztkpb3a63qf/app.bsky.feed.post/3mkrpmam4lm27"
bluesky,"May 1, 2026 @ 10:00:00.000","May 9, 2026 @ 20:51:45.381","May 1, 2026 @ 18:28:55.331","fuel prices",0,1,0,"-0.321",negative,false,false,true,Unknown,"✴️ How UAE Leaving OPEC Affects U.S. Citizens

- 🟩 Possible lower gas prices — UAE can pump more oil freely, adding supply and easing price pressure.  
- ✴️ Weaker OPEC price control — Less ability for OPEC to coordinate production cuts that raise U.S. fuel costs.","at://did:plc:cuiafam7nx7leqx4j2yd7u6f/app.bsky.feed.post/3mkrpjm4y5k2y"
bluesky,"May 1, 2026 @ 10:00:00.000","May 9, 2026 @ 20:51:45.382","May 1, 2026 @ 18:20:34.344","fuel prices",0,1,0,"0.511",positive,false,false,true,Unknown,"[1/3] 2026-05-01 16:10:35 - [Gold expected to post weekly losses due to concerns about higher interest rates] Gold prices are expected to fall 3% this week as rising oil prices fuel expectations that central banks may maintain higher interest rates for longer. Gold futures in New York","at://did:plc:xhrtfphu4gzqrztkpb3a63qf/app.bsky.feed.post/3mkrp2ohgzo2n"
bluesky,"May 1, 2026 @ 10:00:00.000","May 9, 2026 @ 20:51:45.382","May 1, 2026 @ 18:17:43.551","fuel prices",2,0,0,"-0.764",negative,false,false,true,WA,"So is Trump just a Putin plant? 

Blowing up NATO, 
drawing down troops in Germany, 
not supporting Ukraine fully,
Starting war in Iran that drives up oil prices
Removing sanctions on Russia oil,
Allowing a Russian ship to deliver fuel to Cuba
(We supposedly had a blockade of Cuba)","at://did:plc:bjksdlpq63soi74pxfv5r3ou/app.bsky.feed.post/3mkrovlhs2s2e"
bluesky,"May 1, 2026 @ 10:00:00.000","May 9, 2026 @ 20:51:46.539","May 1, 2026 @ 18:14:13.067","fuel prices",84,1,20,"-0.695",negative,false,true,true,Unknown,"Gas prices just hit another high.

REMINDER: This is not an 'energy crisis'

...this is an ENTIRELY UNNECESSARY FOSSIL FUEL DEPENDENCY CRISIS, deliberately engineered by oil & gas corporations and their billionaire buddies, with total disregard for the health of people and planet.","at://did:plc:fboonjsq4tdhbubl7lma2jim/app.bsky.feed.post/3mkropcqeb22h"
bluesky,"May 1, 2026 @ 10:00:00.000","May 9, 2026 @ 20:51:46.540","May 1, 2026 @ 18:13:02.000","fuel prices",0,0,0,0,neutral,false,false,true,WA,"Fuel prices for today in Kosovo are published

https://www.byteseu.com/1980542/

Fuel prices for today in Kosovo are published News Express newspaper 01/05/2026 9:10 The price of oil today is 1.68 euros per liter, the same as yesterday’s price. This was announced by the Ministry of Industry, …","at://did:plc:5zww7zorx2ajw7hqrhuix3ba/app.bsky.feed.post/3mkronbrz6a2r"
bluesky,"May 1, 2026 @ 10:00:00.000","May 9, 2026 @ 20:51:46.540","May 1, 2026 @ 18:10:51.313","fuel prices",0,0,0,"0.625",positive,false,true,true,Unknown,"You can’t vote for energy and fuel prices to come down next week but that is crux of Labour/Reform/Lib dem pitches

You can vote to send a message to the London parties that democracy is a right in Scotland alongside all of the progressive policies the SNP and Greens are proposing","at://did:plc:2nkkszwavrwdouiqvytk4qqe/app.bsky.feed.post/3mkrojcdbvc2a"
bluesky,"May 1, 2026 @ 10:00:00.000","May 9, 2026 @ 19:59:33.108","May 1, 2026 @ 18:08:37.566","fuel Australia",16,1,6,"-0.743",negative,true,false,true,Australia,"If you were serious you would be putting the spotlight onto Advance Australia, the biggest disruptive influence on Australia's social fabric, it's activities, it's funding, it's political and media puppets who fuel hate and division.
#auspol","at://did:plc:4xcn2bvykyidudl3lkwksamy/app.bsky.feed.post/3mkrofcrmmc2i"
bluesky,"May 1, 2026 @ 10:00:00.000","May 9, 2026 @ 19:59:33.108","May 1, 2026 @ 18:01:22.000","fuel Australia",0,0,0,"0.843",positive,true,true,true,Victoria,"Air to Ground Message: 

COPIED EXTRA 40 PAX. HAPPY TO CONTINUE WITH CURRENT PLAN. WE WILL ADJUST CURRENT PLANS FUEL BURN. THANKS 

Area: Melbourne, Australia 
A: #ad141aa4875 
F: #fc5f64f1a84","at://did:plc:h45npzawmwlb4xcqqxk6fiec/app.bsky.feed.post/3mkrnydojcy2m"
bluesky,"May 1, 2026 @ 10:00:00.000","May 9, 2026 @ 20:51:46.540","May 1, 2026 @ 18:00:41.000","fuel prices",0,0,0,"0.586",positive,false,false,true,WA,"Heavy traffic expected as RAC predicts busiest bank holiday for motorists in years

Drivers seem undeterred by high fuel prices and gloomy weather forecasts, while engineering works spell delays for railway passengersDrivers have been told to expect the UK’s busiest May bank holiday traffic in...","at://did:plc:kjh3kbcy2vmgaiajfof6bz6x/app.bsky.feed.post/3mkrpsgdavo2i"
bluesky,"May 1, 2026 @ 10:00:00.000","May 9, 2026 @ 20:51:46.540","May 1, 2026 @ 18:00:34.000","fuel prices",0,0,0,"-0.599",negative,false,false,true,WA,"California gas prices hit $6 as Iran war drives fuel costs higher

https://www.newsbeep.com/us-ca/294600/

Gas prices are displayed at a Mobil gas station as the moon rises on March 30, 2026 in…","at://did:plc:sgoxvcaizltgekedoj4zeuly/app.bsky.feed.post/3mkrnwzl5ul2k"
bluesky,"May 1, 2026 @ 10:00:00.000","May 9, 2026 @ 20:51:46.541","May 1, 2026 @ 18:00:05.000","fuel prices",1,0,0,"0.431",positive,false,false,true,Unknown,"Stronger first quarter for KLM, but fuel prices put pressure on the rest of 2026

https://www.newsbeep.com/il/419731/

KLM CEO, Marjan Rintel: “The results for the first quarter show that we are taking good steps with…","at://did:plc:bi45ejy2s6egyhidp5lcodaa/app.bsky.feed.post/3mkrnw6uq3624"
bluesky,"May 1, 2026 @ 10:00:00.000","May 9, 2026 @ 20:51:46.541","May 1, 2026 @ 17:57:58.052","fuel prices",4,1,1,"0.834",positive,false,false,true,Unknown,"I don't know if it's the weather or fuel prices, but there do seem to be a lot more cyclists commuting in Newcastle right now. The whole range, middle aged management consultant on his 8 grand carbon road bike to student on her knackered omafiets. Hope it continues.","at://did:plc:2nuwbyrl4jn3esucyjcqfuw5/app.bsky.feed.post/3mkrnsava7227"
bluesky,"May 1, 2026 @ 10:00:00.000","May 9, 2026 @ 20:51:46.541","May 1, 2026 @ 17:57:13.457","fuel prices",0,0,0,"-0.903",negative,false,false,true,WA,"Republicans are drunk on power. They will silence critics and journalists. They have no policy, they don't want to help the American people, they won't cut prices and they will rape our Earth for the fossil fuel industry & the oligarchy. Republicans are such hypocrites. 
youtu.be/OFZy-dRIylc?...","at://did:plc:kjgrv3oohmqmfvqnn5hc6unl/app.bsky.feed.post/3mkrnqwedek2x"
bluesky,"May 1, 2026 @ 10:00:00.000","May 9, 2026 @ 19:59:33.109","May 1, 2026 @ 17:56:47.428","fuel Australia",0,0,1,"-0.902",negative,true,false,true,Australia,"""An absolute sham"": Greenpeace Japan and Greenpeace Australia Pacific call-out Prime Ministers Takaichi and Albanese for exploiting fossil fuel crisis to entrench gas
->Greenpeace Australia | More on ""Australia Japan gas exports crisis"" at BigEarthData.ai | #ClimateChange #FossilFuel","at://did:plc:lc6hdhnjkgccd6ysi7e23pll/app.bsky.feed.post/3mkrnq5r7g62z"
bluesky,"May 1, 2026 @ 10:00:00.000","May 9, 2026 @ 20:51:46.542","May 1, 2026 @ 17:50:07.000","fuel prices",4,0,2,0,neutral,false,false,true,Unknown,"Indian Oil hikes prices of industrial LPG, jet fuel for foreign airlines reut.rs/3PaKdRA","at://did:plc:jbvnehrrdqoulco4rf5gxg5r/app.bsky.feed.post/3mkrnead7ci2m"
bluesky,"May 1, 2026 @ 10:00:00.000","May 9, 2026 @ 19:59:58.015","May 1, 2026 @ 17:39:23.323","petrol prices",2,0,1,"-0.802",negative,false,false,true,WA,"🇺🇸 US gas reaches $4.30 per gallon; Trump says prices will drop after Iran war

Price of petrol in US jumps by nearly 30 cents in one week amid Strait of Hormuz blockade and Iran diplomatic deadlock.
#US #Iran #Hormuz
#Trump #Gas 
www.google.com/amp/s/www.al...","at://did:plc:zw5k5c4pibzyz2im2laf2r7j/app.bsky.feed.post/3mkrmqzskk22c"
bluesky,"May 1, 2026 @ 10:00:00.000","May 9, 2026 @ 19:59:58.015","May 1, 2026 @ 17:32:21.109","petrol prices",3,0,1,0,neutral,false,false,true,Unknown,"Surge in electric vehicle sales in France, despite sales of new vehicles generally being down. I expect this will be the picture in other countries too. I don't know what the UK position is, but since we have cheaper access to Chinese electrics, I expect more people will switch as petrol prices rise","at://did:plc:pf2jiyev535wgi4gakzsqzub/app.bsky.feed.post/3mkrmeh5gd22l"
bluesky,"May 1, 2026 @ 10:00:00.000","May 9, 2026 @ 19:59:58.015","May 1, 2026 @ 17:32:07.992","petrol prices",0,1,0,"0.494",positive,false,false,true,Unknown,"Nick Ferrari shouting out petrol prices around the UK again.

Back to normal after shouting out fish and chip prices last week. 

If you enjoy his shows you need to get out more.","at://did:plc:setxnqv2ae4re4deyz55h7to/app.bsky.feed.post/3mkrme2n5q226"
bluesky,"May 1, 2026 @ 10:00:00.000","May 9, 2026 @ 20:51:46.542","May 1, 2026 @ 17:29:06.366","fuel prices",0,0,0,"-0.557",negative,false,true,true,Unknown,"Rising Fuel Prices Force Policymakers to Weigh Excruciating Choices www.nytimes.com/2026/04/30/b...

#oil #fossilfuels #energy #CostofLiving #inflation #trade #fuel #interestrates #pay #employment","at://did:plc:k2adjdecss5yb4nimdelkojw/app.bsky.feed.post/3mkrm6ngelk2p"
bluesky,"May 1, 2026 @ 10:00:00.000","May 9, 2026 @ 19:59:58.016","May 1, 2026 @ 17:22:00.743","petrol prices",0,0,0,"-0.954",negative,false,true,true,WA,"Iran stated that if the US/Israel attacks its energy/water infrastructure (a war crime), they will destroy other Gulf countries' energy/water infrastructure in-kind. If you think petrol/diesel prices are bad now, wait till this happens. You can add 30% of the world's fertilizer.","at://did:plc:ozb55ogninvouify66k66nnl/app.bsky.feed.post/3mkrlrxje5k2a"
bluesky,"May 1, 2026 @ 10:00:00.000","May 9, 2026 @ 20:51:46.542","May 1, 2026 @ 17:20:20.415","fuel prices",0,1,0,0,neutral,false,false,true,Unknown,"Aberdeen, Scotland.
Fuel prices in UK pennies per litre. Yesterday compared with today, Friday 1st May 2026","at://did:plc:yclzmllouydqz6fohze3mkll/app.bsky.feed.post/3mkrloxtojc2w"
bluesky,"May 1, 2026 @ 10:00:00.000","May 9, 2026 @ 20:51:46.542","May 1, 2026 @ 17:17:14.000","fuel prices",0,0,0,"0.392",positive,false,true,true,Unknown,"Oil prices are rising globally.
But fuel prices in India are still steady.
The cost is not gone. It is just being shifted.
#Oil #India #Energy","at://did:plc:git7qor7obylkc2rue3c62ff/app.bsky.feed.post/3mkrljhykd527"
bluesky,"May 1, 2026 @ 10:00:00.000","May 9, 2026 @ 20:51:46.542","May 1, 2026 @ 17:12:24.677","fuel prices",0,0,0,"-0.477",negative,false,false,true,Victoria,"📰 #Finance

""Indian Oil Corp. kept jet fuel prices unchanged for airlines flying domestic routes in May, after several carriers warned of a potential suspension of services due to a war-driven shortage.""","at://did:plc:4aeinxjwao74le6dktiiyxg4/app.bsky.feed.post/3mkrlasglty2u"
bluesky,"May 1, 2026 @ 10:00:00.000","May 9, 2026 @ 20:51:46.542","May 1, 2026 @ 17:06:18.000","fuel prices",0,0,0,"0.057",positive,false,false,true,WA,"Gas station fuel prices across Germany dropped significantly on May 1st, though the decrease was not as substantial as the full ""tank discount"" that had been an... https://news.osna.fm/?p=44077  | #news #despite #discount #drop #gas","at://did:plc:herztenjlu2bxfu2y57y73oq/app.bsky.feed.post/3mkrkvvvdsc2n"
bluesky,"May 1, 2026 @ 10:00:00.000","May 9, 2026 @ 20:51:46.542","May 1, 2026 @ 17:05:32.180","fuel prices",0,0,0,"0.599",positive,false,false,true,Unknown,"⛽ UK Average Fuel Prices — Fri 01 May

Unleaded E10: 157.3p/L
Super Unleaded: 174.5p/L
Diesel: 189.0p/L

Prices from 7,600+ UK stations 🇬🇧
#UKFuel #FuelPrices #Pumpr","at://did:plc:3nsufmrqboehgzars6m7tsfy/app.bsky.feed.post/3mkrkuitprs2u"
bluesky,"May 1, 2026 @ 10:00:00.000","May 9, 2026 @ 20:51:46.543","May 1, 2026 @ 17:04:23.563","fuel prices",1,0,0,"-0.366",negative,false,false,true,WA,"The people I know who complain most loudly about fuel prices are the ones who waste the most. Zero sympathy.","at://did:plc:qx4d2mnxce2355xt6a5na65h/app.bsky.feed.post/3mkrkshcuqc2s"
bluesky,"May 1, 2026 @ 10:00:00.000","May 9, 2026 @ 20:51:46.543","May 1, 2026 @ 17:00:51.768","fuel prices",0,0,0,0,neutral,false,false,true,Unknown,"[3/3] to rising fuel prices and geopolitics remain elevated. The bank has a hold rating on the stock and a target price of 3,200 yen. On Friday, the stock closed up 4.2% at 2,709.5 yen.","at://did:plc:xhrtfphu4gzqrztkpb3a63qf/app.bsky.feed.post/3mkrkm5gvrn2g"
bluesky,"May 1, 2026 @ 10:00:00.000","May 9, 2026 @ 20:51:46.543","May 1, 2026 @ 16:59:27.831","fuel prices",2,0,0,"-0.25",negative,false,false,true,Unknown,"I mean he has some nonsense docupic on Amazon. I doubt it. 🙄

As for marmalde, that may be impacted more by the diesel fuel prices? I rather like the Bonne-Maman brand if that's available. They make their marmalade a decent texture imo.","at://did:plc:64kdoplv62s6veonqincpgod/app.bsky.feed.post/3mkrkjnbqzk2c"
bluesky,"May 1, 2026 @ 10:00:00.000","May 9, 2026 @ 20:51:46.543","May 1, 2026 @ 16:55:59.310","fuel prices",0,1,0,"-0.557",negative,false,false,true,Unknown,"Other shit to mention:

• The impact of the fuel rebate, with gasoline and diesel prices dropping below 2 Euros. Several kilometers of bicycle paths are undergoing renovation and are expected to reopen by summer. In Neukölln, a cyclist crashed into a parked police car, shattering its rear window.","at://did:plc:zut46lym73zycrpkogxqsunt/app.bsky.feed.post/3mkrkdoyeoc2z"
bluesky,"May 1, 2026 @ 10:00:00.000","May 9, 2026 @ 20:07:26.917","May 1, 2026 @ 16:55:58.576","fuel excise Australia",7,0,2,"0.649",positive,true,true,true,Australia,"Removing petrol excise temporarily and dropping the price of fuel isn’t just about compounding our financial pain through inequality, It sends a signal that we love making Australia's billionaires even richer, because guess who consumes the most diesel in Australia?","at://did:plc:r2w7iqhngwiaopgkhmt7u63x/app.bsky.feed.post/3mkrkdfpvek26"
bluesky,"May 1, 2026 @ 10:00:00.000","May 9, 2026 @ 20:00:29.379","May 1, 2026 @ 16:55:25.150","inflation Australia",0,2,0,0,neutral,true,true,false,Australia,"Australia inflation is 4.6%","at://did:plc:wgrn5kjdkvgwj4iakbx2ocjh/app.bsky.feed.post/3mkrkcftpuc27"
bluesky,"May 1, 2026 @ 10:00:00.000","May 9, 2026 @ 19:59:33.109","May 1, 2026 @ 16:50:20.965","fuel Australia",1,0,0,0,neutral,true,false,true,Australia,"Asia-Pacific ports advance cross-sector hydrogen and e-fuel infrastructure

bunkerindex.com/articles/art...

#Hydrogen #Methanol #Ammonia #BunkerFuel #Bunkering #BunkerNews #MarineFuel #Australia #China #Japan #Netherlands #SouthKorea #Singapore #Busan #Rotterdam #Shanghai #Yokohama","at://did:plc:rlohbrzvxgl5lhye5ywoa4jm/app.bsky.feed.post/3mkrjzdrbk62i"
bluesky,"May 1, 2026 @ 10:00:00.000","May 9, 2026 @ 20:51:46.544","May 1, 2026 @ 16:49:57.826","fuel prices",3,1,0,"0.743",positive,false,false,true,Unknown,"And so it begins for US travelers. Due to fuel prices, United Airlines cancelling many flights today for summer travel on popular routes-  SFO- Dulles, SFO to Chicago, etc & rescheduling ticketed travelers earlier or later.

Fewer flights. Higher fares.  Thank you Donald Trump","at://did:plc:b2ocy75g7y6dsbekgshv7zv4/app.bsky.feed.post/3mkrjynomik2e"
bluesky,"May 1, 2026 @ 10:00:00.000","May 9, 2026 @ 19:59:33.110","May 1, 2026 @ 16:44:10.989","fuel Australia",2,1,0,"0.611",positive,true,false,true,Australia,"Both NZ & Australia import all their fuel, plus their Reserve Banks (like your Fed Reserve) keep their dollar low to encourage exports, so it ends up a double hit to the consumer!","at://did:plc:rbh6qeouweenfdf6rwzpug22/app.bsky.feed.post/3mkrjocvxj22x"
bluesky,"May 1, 2026 @ 10:00:00.000","May 9, 2026 @ 20:51:46.544","May 1, 2026 @ 16:42:34.287","fuel prices",30,0,9,"-0.979",negative,false,false,true,WA,"⚠️ As the war slows, the narrative is already being rewritten. Israel and the U.S. carried out an illegal aggression under international law. Now people are told rising fuel prices are Iran’s fault. Don’t be fooled. 

The crisis began with an illegal attack. Propaganda must not erase reality.","at://did:plc:m2ssie63g23r32lvpxumgjau/app.bsky.feed.post/3mkrjlgovw227"
bluesky,"May 1, 2026 @ 10:00:00.000","May 9, 2026 @ 20:00:29.379","May 1, 2026 @ 16:36:09.757","inflation Australia",11,1,1,0,neutral,true,true,false,Australia,"Inflation at 4.6% here in Australia, expect something similar","at://did:plc:rbh6qeouweenfdf6rwzpug22/app.bsky.feed.post/3mkrj7xxwf22x"
bluesky,"May 1, 2026 @ 10:00:00.000","May 9, 2026 @ 19:59:40.373","May 1, 2026 @ 16:22:18.924","diesel Australia",0,0,0,"0.651",positive,true,false,true,Australia,"NOW DISMANTLING 2018 HOLDEN RG COLORADO 2.8L AUTOMATIC DIESEL STOCK NUMBER W2660
☎️ 1300 363 593 
🛒 jcsparts.com.au/
📧 parts@jcsparts.com.au

JCS Parts is located at 551 Grand Junction Road, Wingfield SA 5013. 

We ship Australia wide!","at://did:plc:4caf2oupsfd5tzl5epwa2xj2/app.bsky.feed.post/3mkrih7tcef2j"
bluesky,"May 1, 2026 @ 10:00:00.000","May 9, 2026 @ 19:59:40.373","May 1, 2026 @ 16:19:46.163","diesel Australia",0,1,0,"-0.273",negative,true,true,true,WA,"Um… no, civilisation won’t.

$10 per US gallon is approximately $2.64 per litre.

It’s currently $2.70 per litre for diesel & around $2.10 for petrol here in Australia.

Maybe your nation will collapse, but it’s on the verge of doing so anyway.","at://did:plc:i4ulcycxlr3yugkorjbrcjtd/app.bsky.feed.post/3mkricnx2ds26"
bluesky,"May 1, 2026 @ 10:00:00.000","May 9, 2026 @ 20:51:46.544","May 1, 2026 @ 16:04:59.609","fuel prices",0,0,0,0,neutral,false,false,true,Unknown,"🛢️ #Oil

""Indian Oil Co. has hiked the price of liquefied petroleum gas for local industrial users and the price of jet fuel, but only for foreign airlines, Reuters has reported, citing a company statement. LPG prices for household consumers were kept unchanged. For industrial consumers,…""","at://did:plc:4aeinxjwao74le6dktiiyxg4/app.bsky.feed.post/3mkrhiajvv32j"
bluesky,"May 1, 2026 @ 10:00:00.000","May 9, 2026 @ 20:51:46.545","May 1, 2026 @ 16:02:18.132","fuel prices",0,0,0,"0.34",positive,false,true,true,WA,"Kenya's High Pump Prices Persist Despite Global Oil Price Fluctuations: A recent debate on Kenyan television highlighted discrepancies between global oil price fluctuations and domestic fuel costs, with Energy and Petroleum Regulatory Authority (Epra) director Edward … https://ranked.news/742454?u=b","at://did:plc:42han5exrxyrgdsbwosrp7sy/app.bsky.feed.post/3mkrhdirfn62p"
bluesky,"May 1, 2026 @ 10:00:00.000","May 9, 2026 @ 20:51:46.545","May 1, 2026 @ 16:00:39.358","fuel prices",0,0,0,"-0.519",negative,false,false,true,Unknown,"Guinea’s bauxite output rose 25% in Q1 2026 on Chinese demand, but CRU says FOB prices are at their lowest since March 2022 and production growth should slow later this year as export curbs, fuel costs and seasonal disruptions bite. 

Read more in the Reuters report. https://ow.ly/C89650YRPMh
","at://did:plc:kmkw5lwq437jpo3jx33twa4a/app.bsky.feed.post/3mkrhaj2ygu24"
bluesky,"May 1, 2026 @ 10:00:00.000","May 9, 2026 @ 20:51:46.545","May 1, 2026 @ 16:00:21.961","fuel prices",0,0,0,"-0.44",negative,false,false,true,Unknown,"Finnish petrol, diesel prices rise today. Over 1,000 searches show consumer worry as more hikes are expected.

#Finland #NordicsToday #Business

https://tinyurl.com/22ku5q9n","at://did:plc:cwifpoyabofsgw5bvc327uld/app.bsky.feed.post/3mkrh7xrdrg2p"
bluesky,"May 1, 2026 @ 10:00:00.000","May 9, 2026 @ 20:51:46.545","May 1, 2026 @ 15:57:31.772","fuel prices",1,0,0,"0.911",positive,false,false,true,Unknown,"🔴 India just hiked export duties on diesel and jet fuel, but kept domestic rates steady. So, exports get pricier while locals keep enjoying their fuel prices. The irony? The domestic market gets a free pass while global trade tightens. Classic. Read it. Get it. Share it. #mikronews","at://did:plc:76vlll762w63x2bsaj5sq5hm/app.bsky.feed.post/3mkrh2vpb3q24"
bluesky,"May 1, 2026 @ 10:00:00.000","May 9, 2026 @ 20:51:46.546","May 1, 2026 @ 15:54:49.938","fuel prices",0,0,0,"0.857",positive,false,false,true,Unknown,"🔴 Valero plans to run its refineries at 95% capacity by Q2 2026. That's big news for fuel supply. Expect some serious competition in the market, and maybe higher prices at the pump. But hey, who doesn’t love a little drama in the oil biz? Read it. Get it. Share i #mikronews","at://did:plc:76vlll762w63x2bsaj5sq5hm/app.bsky.feed.post/3mkrgw3e4ea24"
bluesky,"May 1, 2026 @ 10:00:00.000","May 9, 2026 @ 20:05:27.716","May 1, 2026 @ 15:52:18.198","fuel Western Australia",2,1,0,"-0.273",negative,true,true,true,WA,"""Anthony Albanese has tied his fate to fossil fuel majors. In a speech delivered to the Chamber of Minerals and Energy of Western Australia in Perth yesterday, he declared...""

'... I will go down with this ship of fossil fools' (my paraphrase).

theshot.net.au/uncategorize...","at://did:plc:opjtvpgv2oemscpbw7qas2u6/app.bsky.feed.post/3mkrgrkd5jk2f"
bluesky,"May 1, 2026 @ 10:00:00.000","May 9, 2026 @ 19:59:58.016","May 1, 2026 @ 15:51:59.532","petrol prices",0,0,0,"-0.34",negative,false,true,true,WA,"Trump’s war in the Middle East is going to hit European holidays, warns EU’s energy chief Dan Jørgensen. “Companies are cancelling flights and routes and we see prices going up”

Here in Spain, the petrol price has reduced to €1.37 (£1.18)","at://did:plc:owlioq32vg5bqxv2j6gz32ak/app.bsky.feed.post/3mkrgqyjzmc2w"
bluesky,"May 1, 2026 @ 10:00:00.000","May 9, 2026 @ 20:51:46.546","May 1, 2026 @ 15:50:42.675","fuel prices",0,0,0,"-0.296",negative,false,false,true,Unknown,"India's domestic air passenger traffic declined in March 2026, extending a volatile stretch for the sector. Airlines are facing mounting pressure as they reel from high aviation turbine fuel prices. 
#IndianAviation #AviationIndustry #Economy #Livemint #DataBites #AirTravel #ATFPrices","at://did:plc:62zocq6m3kfxqqfta5zjlqvs/app.bsky.feed.post/3mkrgopaa6k2h"
bluesky,"May 1, 2026 @ 10:00:00.000","May 9, 2026 @ 20:51:46.546","May 1, 2026 @ 15:14:05.822","fuel prices",0,0,0,"-0.791",negative,false,false,true,WA,"📰 #Finance

""Air Canada suspended its full-year 2026 financial guidance because of the surge in jet fuel prices caused by the war in Iran.""","at://did:plc:4aeinxjwao74le6dktiiyxg4/app.bsky.feed.post/3mkrenagpkd2j"
bluesky,"May 1, 2026 @ 10:00:00.000","May 9, 2026 @ 20:51:46.546","May 1, 2026 @ 14:55:28.214","fuel prices",0,0,0,0,neutral,false,true,true,Unknown,"QatarEnergy announced fuel prices for May on Thursday, with diesel remaning unchanged at QAR 2.05 ($0.56) for the third consecutive month. Doha News provides a comparison of consumer fuel prices in Qatar from February to May 2026.","at://did:plc:ggeq4tddzzcfuebe6ztihu4f/app.bsky.feed.post/3mkrdlwdgy62t"
bluesky,"May 1, 2026 @ 10:00:00.000","May 9, 2026 @ 20:51:46.547","May 1, 2026 @ 14:54:45.181","fuel prices",2,1,1,"-0.128",negative,false,false,true,Unknown,"Fuel prices keep dropping in #Wollongong. 

Diesel is now consistently around $2.50 with a low of $2.42. 

U91 is around $1.79 with a low of $1.71

Which is interesting compared to say 30 and 60 days from now.. 

@realphilgold.bsky.social","at://did:plc:otevrn33ze3y6fohevqjftut/app.bsky.feed.post/3mkrdknbiks2a"
bluesky,"May 1, 2026 @ 10:00:00.000","May 9, 2026 @ 20:51:46.547","May 1, 2026 @ 14:42:22.064","fuel prices",0,0,0,"0.502",positive,false,false,true,Unknown,"Gas prices jump but what you don't  realize that gas is just one thing 
fertilizer
natural gas price jumps 
transportation fuel ( airline, boats) 
Also Helium and other Gases have be transported via containers 
this is going to be the summer of 79 2.0 soon","at://did:plc:pksqxdlftl365k434p7tckvl/app.bsky.feed.post/3mkrcuilcg22k"
bluesky,"May 1, 2026 @ 10:00:00.000","May 9, 2026 @ 20:51:46.547","May 1, 2026 @ 14:40:17.489","fuel prices",2,0,0,"-0.296",negative,false,false,true,WA,"Yet, UT, St. George a few miles away, or Az, Kingman, have lower fuel cost, historically, year in year out. Vegas has pipelines from CA. Utah/Az has trucking & it’s still cheaper. CA/NV gouge at any slightest hint of an oil impact, overnight, city wide in Vegas, when prices fall, it takes months.","at://did:plc:dn2ryko4ifklzpdcztqpehr3/app.bsky.feed.post/3mkrcqrrl5c2c"
bluesky,"May 1, 2026 @ 10:00:00.000","May 9, 2026 @ 20:51:46.547","May 1, 2026 @ 14:35:26.248","fuel prices",14,4,7,"-0.527",negative,false,false,true,WA,"California’s average of $6.01 per gallon is followed by Nevada, Oregon, and Washington, all of which have surpassed the $5 threshold. The West Coast has some of the highest fuel costs, given taxes and fees, a lack of refineries, and the need to import. Low IQ donald says prices are way down.","at://did:plc:ncva6zby5n2spqewkaps4mi4/app.bsky.feed.post/3mkrci3zo2k26"
bluesky,"May 1, 2026 @ 10:00:00.000","May 9, 2026 @ 20:51:46.548","May 1, 2026 @ 14:35:25.264","fuel prices",0,1,0,"0.077",positive,false,false,true,WA,"EU warns Hungary and Slovakia on fuel price discrimination-Both Hungary and Slovakia have sought to protect their own consumers by charging lower prices for drivers with national number plates than… www.ft.com/content/9bfd...  @iancjohnston.bsky.social @financialtimes.com","at://did:plc:wmkln3rotsdsh2jxwsqry4ge/app.bsky.feed.post/3mkrci343rc2n"
bluesky,"May 1, 2026 @ 10:00:00.000","May 9, 2026 @ 20:51:46.548","May 1, 2026 @ 14:28:33.612","fuel prices",1,0,1,"-0.333",negative,false,false,true,Unknown,"Nonsense propaganda
Aren't Airlines struggling right now due to high fuel prices? 🤔","at://did:plc:gia6fkjy7gi5n7g24nhct4zw/app.bsky.feed.post/3mkrc3siwbs2q"
bluesky,"May 1, 2026 @ 10:00:00.000","May 9, 2026 @ 19:59:58.017","May 1, 2026 @ 14:27:00.254","petrol prices",18,1,5,"-0.459",negative,false,true,true,Unknown,"The German government decided to lower the tax on #petrol in order to drop the price & ease the pressure on everyone & the cost of living. The tax reduction takes effect today.

Just in time, 12 hrs beforehand petrol prices hit an all-time high at my petrol station.

They're having us on.","at://did:plc:ysg7hp6kgncoryoll2fz2pgk/app.bsky.feed.post/3mkrbyzhwcs2g"
bluesky,"May 1, 2026 @ 10:00:00.000","May 9, 2026 @ 20:51:46.548","May 1, 2026 @ 14:16:52.835","fuel prices",0,0,0,"0.392",positive,false,false,true,Unknown,"Get it yet? 

And he’s on tv complaining that ticket prices were below pre pandemic levels until the newest conflict sending fuel higher

Airlines run on thin margins as it is, but they’ll be lucky to still be in business in a decade regardless of fuel prices 

Flying will become a luxury again","at://did:plc:orfcv26tck7bvywouhfuub3x/app.bsky.feed.post/3mkrbgw6yoc2n"
bluesky,"May 1, 2026 @ 10:00:00.000","May 9, 2026 @ 20:51:46.548","May 1, 2026 @ 14:13:29.880","fuel prices",0,0,0,"0.273",positive,false,false,true,Unknown,"To compare, (for metric users), this 1.32 dollars per liter. European prices are double that in the richer countries, and about 50% higher in the poorer EU countries.

EU countries tend to have specific fuel taxes, this does increase the price, but not double it on its own","at://did:plc:mgwtmuuac7ripmnapkmvqdfx/app.bsky.feed.post/3mkrbaunai22w"
bluesky,"May 1, 2026 @ 10:00:00.000","May 9, 2026 @ 19:59:58.017","May 1, 2026 @ 14:13:20.471","petrol prices",0,0,0,"0.813",positive,false,true,true,Unknown,"Ultraviolette Tesseract launched at Rs 1.53L. petrol scooter owners - now is the best window to sell before EV adoption tanks ICE resale values. check pricecheck.bids44.com for current prices and list on bids44.com to get real bids","at://did:plc:kscxxeo54wenb55al5uln3l6/app.bsky.feed.post/3mkrbalo3ys2d"
bluesky,"May 1, 2026 @ 10:00:00.000","May 9, 2026 @ 20:51:46.549","May 1, 2026 @ 14:11:32.738","fuel prices",0,0,0,"0.202",positive,false,false,true,Unknown,"[Detailed Summary]
France is experiencing a drastic escalation in fuel prices, evidenced by diesel reaching €2.21/L, wh...

Source: https://www.francia24.com/prezzi-del-carburante-a-picco-studente-a-un-euro-trump-minaccia-lormus-azure-vola-londra-trema-russia-cina-a-guerra-meteo-parigi-e-milano/","at://did:plc:uuykykkdbtq2plsexeztdhpf/app.bsky.feed.post/3mkrb5ey2hm23"
bluesky,"May 1, 2026 @ 10:00:00.000","May 9, 2026 @ 20:51:46.549","May 1, 2026 @ 14:01:53.542","fuel prices",0,1,0,"-0.416",negative,false,false,true,Unknown,"If anything will do it, it's the triple whammy of decimated crop exports and skyrocketing fuel and fertilizer prices. I'm still not super hopeful, because a lot of KS farmers are like car dealership owners in terms of politics (for weirdly similar reasons). But things are moving fast right now.","at://did:plc:av5lmedriil6qr26d4y5hudw/app.bsky.feed.post/3mkram4knwc2x"
bluesky,"May 1, 2026 @ 10:00:00.000","May 9, 2026 @ 19:59:33.110","May 1, 2026 @ 14:00:34.000","fuel Australia",0,0,0,"0.46",positive,true,true,true,WA,"From “dig and ship” to trusted renewables transition partner

https://www.newsbeep.com/au/641879/

Australia is one of the most vulnerable countries in the Indo-Pacific in a fossil-fuel based energy system, but…","at://did:plc:ni6cl7jipinqldoyowqlbrwp/app.bsky.feed.post/3mkrajuy6en2k"
bluesky,"May 1, 2026 @ 10:00:00.000","May 9, 2026 @ 20:00:15.109","May 1, 2026 @ 13:40:02.000","cost of living Australia",3,0,0,"0.481",positive,true,false,false,Australia,"Treasurer Jim Chalmers said even if speculation is correct, ""people shouldn’t expect there to be this huge amount of new revenue"". #australia #cost #of #living #finance","at://did:plc:7h5gromctlaqguvvp7grlyir/app.bsky.feed.post/3mkr7f2iv4p2p"
bluesky,"May 1, 2026 @ 10:00:00.000","May 9, 2026 @ 20:51:46.549","May 1, 2026 @ 13:32:36.337","fuel prices",1,1,1,0,neutral,true,true,true,Australia,"We did some analysis on Australian fuel prices using AIP terminal gate price data. The petrol story and the diesel story are quite different.","at://did:plc:7d2lvmhhynrlgnutonxd35zc/app.bsky.feed.post/3mkr6xqt3wd2s"
bluesky,"May 1, 2026 @ 10:00:00.000","May 9, 2026 @ 20:51:46.549","May 1, 2026 @ 13:30:16.253","fuel prices",0,0,0,"-0.273",negative,false,false,true,WA,"Washington state gas prices shatter records at $5.57/gallon. The Inland Northwest faces some of the steepest fuel costs in America. Transportation experts reveal how drivers can cut costs immediately.","at://did:plc:d32cfvbqhwkkfsk7rfwaiyet/app.bsky.feed.post/3mkr6tlac5m2y"
bluesky,"May 1, 2026 @ 10:00:00.000","May 9, 2026 @ 20:51:46.549","May 1, 2026 @ 13:22:19.495","fuel prices",0,0,0,0,neutral,false,false,true,Unknown,"Nope....no purpose behind causing higher fuel prices","at://did:plc:sbrkq5zsfqisrwukghhjkvo6/app.bsky.feed.post/3mkr6feiink2k"
bluesky,"May 1, 2026 @ 10:00:00.000","May 9, 2026 @ 20:51:46.549","May 1, 2026 @ 13:16:28.959","fuel prices",3,1,0,"-0.727",negative,false,true,true,Unknown,"That’s sad. SoCal would be jealous over those fuel prices. I don’t know how many are making it with the cost of living skyrocketing.","at://did:plc:ea2x22fzbzdzpanx543mve75/app.bsky.feed.post/3mkr62w6ydk2r"
bluesky,"May 1, 2026 @ 10:00:00.000","May 9, 2026 @ 20:51:46.549","May 1, 2026 @ 13:11:35.000","fuel prices",17,1,8,"0.178",positive,false,false,true,Unknown,"
				Amazon, UPS, FedEx, and USPS To Add Fuel Surcharges As Gas Prices Soar
			 #Newsweek","at://did:plc:wjatbj4hiinxfqaeixaw2bcp/app.bsky.feed.post/3mkr5salqzt2j"
bluesky,"May 1, 2026 @ 10:00:00.000","May 9, 2026 @ 20:51:46.550","May 1, 2026 @ 13:07:29.890","fuel prices",0,0,0,"-0.226",negative,false,false,true,Unknown,"Chris Norlund~
What they're not telling you about the economy
youtu.be/q-4eCuhrgaY?...
Gas and diesel prices in  As of early 2026, prices in remote communities often exceed $10–$17 per gallon, with some locations showing fuel at $17.50 a gallon, driven by rising costs and limited access. Alaska","at://did:plc:3y32ire2hg4dwpurnlebtoxo/app.bsky.feed.post/3mkr5ku3yp22q"
bluesky,"May 1, 2026 @ 10:00:00.000","May 9, 2026 @ 20:51:46.550","May 1, 2026 @ 13:00:51.455","fuel prices",0,1,0,"-0.555",negative,false,false,true,WA,"[3/5] official website shows that the company will increase fuel prices for international airlines, but the specific increase has not been disclosed. Affected by the shortage of aviation kerosene caused by the war in the Middle East, the operations of many airlines around the world","at://did:plc:xhrtfphu4gzqrztkpb3a63qf/app.bsky.feed.post/3mkr56ya2vb2a"
bluesky,"May 1, 2026 @ 10:00:00.000","May 9, 2026 @ 20:51:46.550","May 1, 2026 @ 13:00:50.783","fuel prices",0,1,0,"-0.67",negative,false,false,true,WA,"[2/5] ground some flights due to fuel shortages caused by the war. India's largest oil refiner, which is also the industry's pricing benchmark, announced that it would maintain domestic aviation kerosene prices at 104,927 rupees (approximately US$1,105) per thousand liters. Its","at://did:plc:xhrtfphu4gzqrztkpb3a63qf/app.bsky.feed.post/3mkr56xll5j27"
bluesky,"May 1, 2026 @ 10:00:00.000","May 9, 2026 @ 20:51:46.551","May 1, 2026 @ 13:00:50.109","fuel prices",0,1,0,"-0.625",negative,false,false,true,WA,"[1/5] 2026-05-01 10:46:00 - [India keeps domestic aviation kerosene prices unchanged and raises fuel prices for international routes] Indian Oil Corporation kept the price of domestic aviation kerosene unchanged in May. Many airlines had previously warned that they might be forced to","at://did:plc:xhrtfphu4gzqrztkpb3a63qf/app.bsky.feed.post/3mkr56wx22v2o"
bluesky,"May 1, 2026 @ 10:00:00.000","May 9, 2026 @ 19:59:40.374","May 1, 2026 @ 12:54:16.307","diesel Australia",0,1,1,"-0.361",negative,true,false,true,WA,"You realise because of your president’s war whims the rest of the world is paying WAY more than that. Diesel in Australia hit AU$3 a litre recently. That’s (calculator time) about US$9.80.
Please understand we don’t blame you personally, but sort yourselves out, America.","at://did:plc:v6xpwxkzgjkkb6jvqr7sq27d/app.bsky.feed.post/3mkr4t7bpds2f"
bluesky,"May 1, 2026 @ 10:00:00.000","May 9, 2026 @ 21:01:35.154","May 1, 2026 @ 12:50:39.578","fuel prices",0,1,0,0,neutral,false,false,true,Unknown,"[1/3] 2026-05-01 10:42:43 - [India sharply reduces export taxes on diesel and aviation fuel in the first half of May] Due to changes in international benchmark oil prices, India has significantly reduced export duties on diesel and aviation fuel in the first 15 days of May. The Indian","at://did:plc:xhrtfphu4gzqrztkpb3a63qf/app.bsky.feed.post/3mkr4mqp53n2v"
bluesky,"May 1, 2026 @ 10:00:00.000","May 9, 2026 @ 21:01:35.155","May 1, 2026 @ 12:43:26.097","fuel prices",2,0,0,"0.707",positive,false,false,true,Unknown,"Very happy to have bought a Bolt EV four years ago that's saved us $17k in fuel costs over that time.  Coincidentally, you can buy a used one for $17k these days.

I guarantee you'll spend less time worrying about running out of range than you did complaining about gas prices.","at://did:plc:e4btbkr2jcknwwxtdce2r6oi/app.bsky.feed.post/3mkr47t6vmk2v"
bluesky,"May 1, 2026 @ 10:00:00.000","May 9, 2026 @ 21:01:35.155","May 1, 2026 @ 12:40:16.724","fuel prices",0,0,0,"-0.392",negative,false,false,true,Unknown,"[3/3] raise ticket prices to cover fuel costs, but no final decision has been made yet, said the person, who asked not to be identified because the matter is private.","at://did:plc:xhrtfphu4gzqrztkpb3a63qf/app.bsky.feed.post/3mkr426pbeo2x"
bluesky,"May 1, 2026 @ 10:00:00.000","May 9, 2026 @ 21:01:35.155","May 1, 2026 @ 12:30:40.725","fuel prices",0,0,0,"0.361",positive,false,false,true,Unknown,"Gasoline prices here in Michigan :  $5.00 Regular, $6.00 for Diesel fuel.  The MAGAt's are to thanked for Delusional Donny in office. He effs up everything he touches. He is mentally challenged and you don't have to be a psychologist to see that. 🤨","at://did:plc:lik3ddqyrf3rxk7ckp6vanhn/app.bsky.feed.post/3mkr3izbl2c2v"
bluesky,"May 1, 2026 @ 10:00:00.000","May 9, 2026 @ 21:01:35.155","May 1, 2026 @ 12:30:00.458","fuel prices",0,0,0,"-0.691",negative,false,true,true,WA,"PHILIPPINE INFLATION likely accelerated to as high as 6.4% in April, driven by higher prices of fuel, electricity and food amid the war in the Middle East, as well as a weaker peso, the Bangko Sentral ng Pilipinas (BSP) said on Tuesday. zurl.co/HdnwX","at://did:plc:2qjij4etp5jrqyelyynq7eoc/app.bsky.feed.post/3mkr3humkcz2x"
bluesky,"May 1, 2026 @ 10:00:00.000","May 9, 2026 @ 19:59:33.111","May 1, 2026 @ 12:29:05.000","fuel Australia",0,1,0,"-0.447",negative,true,false,true,Victoria,"Air to Ground Message: 

AIRCRAFT VH-EBK DEPART YPPH ARRIVE YMML DATE 26APR30 UTC 02.24.44 FLT NO QFA760 FUEL OUT 23768.24 UTC OUT 22.40.36 FUEL IN 6967.18 UTC IN 02.24.44 GGER REASON ENGINE SHUTDOWN 

Area: Melbourne, Australia 
A: #a1eb20d4568 
F: #fe94ad30613","at://did:plc:h45npzawmwlb4xcqqxk6fiec/app.bsky.feed.post/3mkr3g6wrti26"
bluesky,"May 1, 2026 @ 10:00:00.000","May 9, 2026 @ 20:05:09.841","May 1, 2026 @ 12:22:46.581","cost of living Sydney",6,0,0,"-0.005",neutral,true,false,false,NSW,"This isn't me giving up on living overseas again. Its me taking advantage of a situation. The owner's life has changed, and she needs to get shot of the properties she owns in Sydney and to get rid of them all is going to cost a small fortune in real estate agent fees. But if she sells one to me.","at://did:plc:5t2srudtfik2i7reugd3227a/app.bsky.feed.post/3mkr32v3tsc2u"
bluesky,"May 1, 2026 @ 10:00:00.000","May 9, 2026 @ 21:01:35.155","May 1, 2026 @ 12:22:33.517","fuel prices",0,0,0,"0.586",positive,false,false,true,Unknown,"Not to mention trucking, air transport  etc… when fuel prices increase like this it hits everyone either directly or indirectly.","at://did:plc:4rsvmfv2ldtrqhr3m7vsall6/app.bsky.feed.post/3mkr32in5yc2g"
bluesky,"May 1, 2026 @ 10:00:00.000","May 9, 2026 @ 21:01:35.156","May 1, 2026 @ 12:21:57.941","fuel prices",0,0,0,0,neutral,false,false,true,Unknown,"[Detailed Summary] France is facing a drastic escalation in fuel costs, with gasoline and diesel prices surpassing two eu...

Source: https://www.francia24.com/prezzi-del-carburante-a-picco-studente-a-un-euro-trump-minaccia-lormus-azure-vola-londra-trema-russia-cina-a-guerra-meteo-parigi-e-milano/","at://did:plc:uuykykkdbtq2plsexeztdhpf/app.bsky.feed.post/3mkr2zgrcjr2s"
bluesky,"May 1, 2026 @ 10:00:00.000","May 9, 2026 @ 19:59:58.017","May 1, 2026 @ 12:17:02.420","petrol prices",0,0,0,"0.654",positive,false,false,true,WA,"#Petrol and diesel prices in India have remained stable despite the ongoing war.

www.newsinc24.com/news/pak-min...","at://did:plc:6qomd7wrtbnrjq5p3cww7fuc/app.bsky.feed.post/3mkr2qmuv322e"
bluesky,"May 1, 2026 @ 10:00:00.000","May 9, 2026 @ 19:59:58.017","May 1, 2026 @ 12:15:43.104","petrol prices",1,0,0,"-0.599",negative,false,false,true,WA,"Commercial LPG Prices Hiked By Rs 993 Amid War, Petrol, Diesel Rates Steady

Read: www.ndtv.com/india-news/c...","at://did:plc:j7jesp5bwulzurgsslozwzkp/app.bsky.feed.post/3mkr2obakus23"
bluesky,"May 1, 2026 @ 10:00:00.000","May 9, 2026 @ 21:01:35.156","May 1, 2026 @ 12:14:24.000","fuel prices",0,0,0,"0.751",positive,false,false,true,Unknown,"House Democratic Whip Calls for Better Solutions as Gas Prices Soar

Rising fuel costs have become a daily headline for households across the United Sta...","at://did:plc:mj77cdlu5wumix2kmfcxidtw/app.bsky.feed.post/3mkr2m22q3i22"
bluesky,"May 1, 2026 @ 10:00:00.000","May 9, 2026 @ 19:59:40.374","May 1, 2026 @ 12:11:15.000","diesel Australia",0,0,0,"0.402",positive,true,false,true,Australia,"King Charles, Queen Camilla conclude US state visit; Trump floats new plan to reopen the … 

Another 100 million litres of jet fuel and 50 million litres of diesel are bound for Australia, the government has announced. “We have now secured ...","at://did:plc:sycz22ye52cejfu4zsftv3ad/app.bsky.feed.post/3mkr2gdzdcq2w"
bluesky,"May 1, 2026 @ 10:00:00.000","May 9, 2026 @ 20:03:21.752","May 1, 2026 @ 12:10:43.682","electricity Australia",0,0,0,0,neutral,true,true,false,WA,"Australia is seeing a drop in wholesale electricity prices, & due to a massive surge in battery installations! With both large-scale & home battery capacity doubling across the country, renewable energy storage is completely reshaping the grid.

youtu.be/boivDXGX5BU?...","at://did:plc:gtzlpfwsackzghlfiwj5jc5g/app.bsky.feed.post/3mkr2fdoorc2t"
bluesky,"May 1, 2026 @ 10:00:00.000","May 9, 2026 @ 21:01:35.156","May 1, 2026 @ 12:00:24.914","fuel prices",2,0,1,"-0.458",negative,false,false,true,Unknown,"Fuel prices are fucking insane...","at://did:plc:mrpp4zx6qz2obrrktd6pajxz/app.bsky.feed.post/3mkqzsvlovs2h"
bluesky,"May 1, 2026 @ 10:00:00.000","May 9, 2026 @ 21:01:35.156","May 1, 2026 @ 12:00:23.000","fuel prices",0,0,0,"-0.791",negative,false,false,true,WA,"What is Flex Fuel? The gas alternative Fresno mechanics say not to use

https://www.newsbeep.com/us-ca/294156/

FRESNO, Calif. (KFSN) — As the war in Iran rages on, gas prices have hit their highest point…","at://did:plc:sgoxvcaizltgekedoj4zeuly/app.bsky.feed.post/3mkqzsxqkck27"
bluesky,"May 1, 2026 @ 10:00:00.000","May 9, 2026 @ 21:01:35.156","May 1, 2026 @ 11:57:51.259","fuel prices",0,0,0,"0.296",positive,false,false,true,Unknown,"Why does he have a chart showing crypto markets rising while he is giving us bold faced lies about fuel prices?","at://did:plc:3f7mfeb4pexxffeaczv4h7nc/app.bsky.feed.post/3mkqzod2afs2l"
bluesky,"May 1, 2026 @ 10:00:00.000","May 9, 2026 @ 19:59:58.017","May 1, 2026 @ 11:47:10.000","petrol prices",0,0,0,"-0.866",negative,false,false,true,WA,"US gas reaches $4.30 per gallon; Trump says prices will drop after Iran war | US-Israel war on Iran News

https://www.europesays.com/news/22890/

Price of petrol in US jumps by nearly 30 cents in one week amid Strait of Hormuz blockade…","at://did:plc:msian4dqa2rqalf3biilnf3m/app.bsky.feed.post/3mkqz3csthe2x"
bluesky,"May 1, 2026 @ 10:00:00.000","May 9, 2026 @ 21:01:35.156","May 1, 2026 @ 11:45:12.000","fuel prices",0,0,0,"-0.34",negative,false,false,true,Unknown,"Business: Devon Petroleum SMC Ltd enters Uganda’s oil sector

https://www.europesays.com/africa/213342/

________________   Despite the ongoing skyrocketing and uncertainties surrounding fuel prices and supply, operators at Devon Petroleum SMC…","at://did:plc:v3lkb3m4lu6nzv6npkah6umc/app.bsky.feed.post/3mkqyxrjhyw2r"
bluesky,"May 1, 2026 @ 10:00:00.000","May 9, 2026 @ 21:01:35.157","May 1, 2026 @ 11:40:49.761","fuel prices",6,2,2,"0.103",positive,false,false,true,Unknown,"In California, gas prices have reached an average of over $6 a gallon. Fuel costs hit everyday Californians every time they shop, travel or dine out.
nbcbay.com/uKGYFiV","at://did:plc:hfjravhji4k4oehia5kyjbxz/app.bsky.feed.post/3mkqypuulrc2c"
bluesky,"May 1, 2026 @ 10:00:00.000","May 9, 2026 @ 21:01:35.157","May 1, 2026 @ 11:32:20.160","fuel prices",5,1,0,"-0.852",negative,false,false,true,WA,"Diesel truck. Yesterday, $5.99/gallon. Bought three gallons at the lowest priced station at $5.59/. The second time buying three gallons.

The day before trump started his war, filled the tank at $3.38/ gallon.

Sooo much winning. trump doesn’t give a rats ass how fuel prices are hurting Americans.","at://did:plc:dsnlz7x5m24k2jjpb6a44fek/app.bsky.feed.post/3mkqyaousk22i"
bluesky,"May 1, 2026 @ 10:00:00.000","May 9, 2026 @ 21:01:35.157","May 1, 2026 @ 11:29:29.843","fuel prices",1,1,0,"-0.382",negative,false,false,true,Unknown,"flying out to Scotland while fuel prices skyrocket over the course of hours really makes me feel like I'm racing against the plot of a disaster film","at://did:plc:wm7xdykh6bvyez7tbvechan5/app.bsky.feed.post/3mkqy3mh5ds2l"
bluesky,"May 1, 2026 @ 10:00:00.000","May 9, 2026 @ 21:01:35.157","May 1, 2026 @ 11:27:08.865","fuel prices",1,0,0,"-0.67",negative,false,false,true,Unknown,"People will have to fill up more often and you KNOW they aren’t gonna reduce prices. It’s a scam. Plus if your car isn’t flex fuel, increased ethanol will eventually wreck your engine.","at://did:plc:pm6bz5xx7s5i2pilwdbpbwhw/app.bsky.feed.post/3mkqxxgbvkk2u"
bluesky,"May 1, 2026 @ 10:00:00.000","May 9, 2026 @ 21:01:35.158","May 1, 2026 @ 11:24:17.428","fuel prices",1,0,0,"-0.791",negative,false,true,true,WA,"Trump did this:

Several U.S. budget airlines are asking the federal government for a $2.5 billion lifeline, warning that soaring jet fuel prices are putting pressure on their business models and threatening thousands of jobs along with the affordable fares that millions of travelers depend on.","at://did:plc:fd5keyoor7ikgjdgalh34k7i/app.bsky.feed.post/3mkqxscizkc2o"
bluesky,"May 1, 2026 @ 10:00:00.000","May 9, 2026 @ 21:01:35.158","May 1, 2026 @ 11:20:03.711","fuel prices",68,24,34,"-0.599",negative,false,true,true,WA,"As the war with Iran sends jet fuel prices soaring, several U.S. budget airlines are asking the federal government for a $2.5 billion lifeline. https://to.pbs.org/4uqyfT4","at://did:plc:dtwphuxvtvimwtra5yh4ujt4/app.bsky.feed.post/3mkqxkqkski2t"
bluesky,"May 1, 2026 @ 10:00:00.000","May 9, 2026 @ 19:59:58.018","May 1, 2026 @ 11:17:55.562","petrol prices",2,0,1,"0.918",positive,true,false,true,Australia,"Thank you Australia for being a beautiful country to cruise around!! We miss visiting the USA and Canada!! 
Safe Voyage Family and friends!! At least our petrol prices have dropped!!","at://did:plc:3egikd2rzj2o26dc7vuhhbdo/app.bsky.feed.post/3mkqxgwdod226"
bluesky,"May 1, 2026 @ 10:00:00.000","May 9, 2026 @ 21:01:35.158","May 1, 2026 @ 11:11:11.095","fuel prices",0,0,0,"-0.135",negative,false,false,true,Unknown,"Get comfy with much higher fuel prices, for consumers as well as transport companies. The leader does not care, about you.","at://did:plc:x5wsn6ir7dbdyrmdis2j2jgm/app.bsky.feed.post/3mkqx2ulzas2s"
bluesky,"May 1, 2026 @ 10:00:00.000","May 9, 2026 @ 21:01:35.158","May 1, 2026 @ 11:03:27.713","fuel prices",0,0,0,"0.296",positive,false,false,true,Unknown,"Las Vegas residents share how they are limiting expenses with record-breaking gas prices. 

AAA reports regular fuel is up 3 cents to an average of $4.06 a gallon.

Read More ➡️ https://www.fox5vegas.com/2026/04/24/prolonged-conflict-iran-pushes-gas-prices-up-again-oil-remains-above-100/","at://did:plc:wobq5ygwk6dvsfwq5urehsop/app.bsky.feed.post/3mkqwn2qmel2d"
bluesky,"May 1, 2026 @ 10:00:00.000","May 9, 2026 @ 20:05:21.040","May 1, 2026 @ 11:03:25.917","fuel Perth",0,0,0,"0.402",positive,true,false,true,WA,"The Federal Government says it has secured two additional shipments of jet fuel, to be sent to Perth and Brisbane. #aviation #aerospace
https://australianaviation.com.au/2026/05/government-secures-100m-litres-of-jet-fuel-to-shore-up-supply/","at://did:plc:qwchdoxpnkaskud37a4dyszj/app.bsky.feed.post/3mkqwmyzd5k2f"
bluesky,"May 1, 2026 @ 10:00:00.000","May 9, 2026 @ 21:01:35.159","May 1, 2026 @ 11:01:54.792","fuel prices",1,0,0,"0.732",positive,false,false,true,Unknown,"So…from footage l have seen and real life , most MAGA folk drive cars and trucks which likely aren’t that fuel efficient. Are they just counting gas prices as donations to the collection bowl? Self- flagellation?","at://did:plc:xqbphffuc5hdqwdk4cjs24ue/app.bsky.feed.post/3mkqwkc33js2q"
bluesky,"May 1, 2026 @ 10:00:00.000","May 9, 2026 @ 21:01:35.159","May 1, 2026 @ 11:00:15.397","fuel prices",1,0,0,"0.273",positive,false,false,true,Unknown,"Prices at gas stations across northeast Indiana and northwest Ohio have increased to as much as $4.99 per gallon this week. 

>>> https://www.21alivenews.com/2026/04/30/local-mechanic-gives-tips-fuel-saving-maintenance-gas-prices-rise/","at://did:plc:hpmlzpkbg5lvzqqzgyip2yoa/app.bsky.feed.post/3mkqwhddkg42s"
bluesky,"May 1, 2026 @ 10:00:00.000","May 9, 2026 @ 21:01:35.159","May 1, 2026 @ 11:00:06.040","fuel prices",0,1,0,"-0.399",negative,false,false,true,Unknown,"However, the short-term outlook is grim. By all accounts, the measures that wealthy countries like Austria have taken to keep fuel prices low for their citizens aren't helping.

(6/7)","at://did:plc:rx6velhpfh4gnwekkxpesnzh/app.bsky.feed.post/3mkqwhtkhae2p"
bluesky,"May 1, 2026 @ 10:00:00.000","May 9, 2026 @ 21:01:35.159","May 1, 2026 @ 10:47:29.040","fuel prices",2,0,0,"0.422",positive,false,false,true,Unknown,"Solar, wind, batteries, electric vehicles, & heat pumps offer an affordable escape from the volatile world of #FossilPoisons.

Jet fuel prices increased 70%, gasoline prices 30% to 40%, 
wholesale gas by at least 60%. 

Heating oil, which many rural households rely on, has climbed even higher.","at://did:plc:72zqvygzouel5byw7nlhv4zr/app.bsky.feed.post/3mkqvqigdo223"
bluesky,"May 1, 2026 @ 10:00:00.000","May 9, 2026 @ 19:59:58.018","May 1, 2026 @ 10:46:01.078","petrol prices",2,0,0,"-0.813",negative,false,false,false,WA,"End the war now then, you bastard","at://did:plc:kfc2aosupf3u3tbsjo3le6ct/app.bsky.feed.post/3mkqvnumuzk2h"
bluesky,"May 1, 2026 @ 10:00:00.000","May 9, 2026 @ 21:01:35.159","May 1, 2026 @ 10:45:08.268","fuel prices",1,0,0,"-0.153",negative,false,true,true,WA,"The future is with renewable energy sources.  Stable Genius' War with Iran is raising fossil fuel prices and likely to accelerate the transition.

ritholtz.com/2026/04/rene...","at://did:plc:2umwmmdcqr47lttubmdhee6h/app.bsky.feed.post/3mkqvmc6cz22g"
bluesky,"May 1, 2026 @ 10:00:00.000","May 9, 2026 @ 21:01:35.160","May 1, 2026 @ 10:38:45.869","fuel prices",0,0,0,"-0.075",negative,false,true,false,WA,"“The good news is that #TrumpIran 's war .. are clearly turbocharging the growth of #renewableenergy ..

Those who live in extreme poverty in the developing world are going to be hit the hardest.”

www.facebook.com/share/1DY7S1...","at://did:plc:phxvjc4civo3rgchsn6edmdw/app.bsky.feed.post/3mkqvaviigs2w"
bluesky,"May 1, 2026 @ 10:00:00.000","May 9, 2026 @ 19:59:33.111","May 1, 2026 @ 10:38:30.339","fuel Australia",0,0,0,"0.671",positive,true,false,true,Australia,"Albanese locks in more fuel for Australia as United States asks for help to reopen the Strait of Hormuz trib.al/LeQIGQd","at://did:plc:mzeafnu2fiz4jsuohywamioa/app.bsky.feed.post/3mkqvagzykp25"
bluesky,"May 1, 2026 @ 10:00:00.000","May 9, 2026 @ 21:01:35.160","May 1, 2026 @ 10:34:45.613","fuel prices",1,0,0,"-0.226",negative,false,false,true,Unknown,"It's not just our gas prices, it's Airlines running out of fuel to serve routes. It's people stranded in the Middle East because the carriers stopped flying. www.travelandtourworld.com/news/article...","at://did:plc:vfxhfri2tilu75lugq45f5te/app.bsky.feed.post/3mkquzqefic2i"
bluesky,"May 1, 2026 @ 10:00:00.000","May 9, 2026 @ 20:07:16.522","May 1, 2026 @ 10:20:02.000","fuel price Australia",0,0,0,"-0.527",negative,true,false,true,Australia,"But the airline is adding flights between Australia and Europe as the global industry grapples with fuel price shock. #business #the #economy","at://did:plc:7h5gromctlaqguvvp7grlyir/app.bsky.feed.post/3mkqu7gahgw2e"
bluesky,"May 1, 2026 @ 10:00:00.000","May 9, 2026 @ 20:07:16.522","May 1, 2026 @ 10:14:26.579","fuel price Australia",0,0,0,"-0.527",negative,true,false,true,Australia,"📢 But the airline is adding flights between Australia and Europe as the global industry grapples with fuel price shock.","at://did:plc:ne7m7b4d5kh6olknylykzsvb/app.bsky.feed.post/3mkqtvfv4ri2x"
bluesky,"May 1, 2026 @ 10:00:00.000","May 9, 2026 @ 20:07:16.522","May 1, 2026 @ 10:14:16.827","fuel price Australia",0,0,0,"-0.527",negative,true,false,true,Australia,"📢 But the airline is adding flights between Australia and Europe as the global industry grapples with fuel price shock.

👉 More news/weather bots ","at://did:plc:wmr6nx6bl2biemfsvbm3y54i/app.bsky.feed.post/3mkqtv4lhsj2i"
bluesky,"May 1, 2026 @ 10:00:00.000","May 9, 2026 @ 20:00:29.380","May 1, 2026 @ 10:10:23.885","inflation Australia",0,1,0,"-0.849",negative,true,true,false,Australia,"Australia and New Zealand are not parties to the conflict, do not import meaningful volumes of Iranian crude, and sit at the far end of the global supply chain. Yet their inflation prints, central-bank decisions, and corporate earnings are now hostage to the Strait of Hormuz.","at://did:plc:llyib2qojznvswvelaiakjfp/app.bsky.feed.post/3mkqto6t5fu2s"
bluesky,"May 1, 2026 @ 10:00:00.000","May 9, 2026 @ 21:01:35.160","May 1, 2026 @ 10:10:15.920","fuel prices",0,1,0,"-0.296",negative,false,true,true,Unknown,"CPI risking a fresh leg up just as both economies were settling into a disinflation narrative built around 2026 rate cuts. The transmission mechanism is concrete and observable. Jet fuel feeds directly into airline ticket prices and air-freight surcharges; diesel feeds into","at://did:plc:llyib2qojznvswvelaiakjfp/app.bsky.feed.post/3mkqtnxaulp2g"
bluesky,"May 1, 2026 @ 10:00:00.000","May 9, 2026 @ 20:00:29.380","May 1, 2026 @ 10:10:13.401","inflation Australia",0,1,0,"0.382",positive,true,true,false,Australia,"cools spending and brings inflation down. When prices rise because a barrel of Brent suddenly costs more, rate hikes do little to the supply shock itself but plenty to growth and employment. That is the trade-off the Reserve Bank of Australia and the RBNZ now face, with headline","at://did:plc:llyib2qojznvswvelaiakjfp/app.bsky.feed.post/3mkqtnuq5l62l"
bluesky,"May 1, 2026 @ 10:00:00.000","May 9, 2026 @ 21:01:35.160","May 1, 2026 @ 10:10:10.764","fuel prices",1,1,0,"0.7",positive,false,true,true,Unknown,"through fuel pumps, freight invoices, and supermarket shelves before landing in household budgets. Cost-push inflation differs from the demand-driven variety that central banks find easier to tame. When prices rise because consumers are flush with cash, raising interest rates","at://did:plc:llyib2qojznvswvelaiakjfp/app.bsky.feed.post/3mkqtnsdbk42w"
bluesky,"May 1, 2026 @ 10:00:00.000","May 9, 2026 @ 21:01:35.161","May 1, 2026 @ 10:10:05.608","fuel prices",0,1,0,"-0.625",negative,true,false,true,WA,"Reuters reported on April 30, 2026 that Australian and New Zealand companies, from Qantas and Air New Zealand to ANZ and Westpac, are flagging financial strain as the U.S.-Israeli war on Iran pushes fuel prices higher and dents business and consumer","at://did:plc:llyib2qojznvswvelaiakjfp/app.bsky.feed.post/3mkqtnnfixl2z"
bluesky,"May 1, 2026 @ 10:00:00.000","May 9, 2026 @ 21:01:35.161","May 1, 2026 @ 10:09:51.745","fuel prices",0,0,0,0,neutral,false,false,false,Unknown,"EFTA00436840.jpg
#epsteinweb #efta00436840
https://epsteinweb.org
Available in the iOS app store now!
https://apps.apple.com/us/app/epstein-web/id6758880661","at://did:plc:ndjyym3ihrqu3g25gdztefrv/app.bsky.feed.post/3mkqtn7xahj2c"
bluesky,"May 1, 2026 @ 10:00:00.000","May 9, 2026 @ 21:01:35.161","May 1, 2026 @ 10:09:48.570","fuel prices",1,0,0,0,neutral,false,false,false,Unknown,"Parts 1-2/2 — EFTA00436839.jpg
#epsteinweb #efta00436839
https://epsteinweb.org
Available in the iOS app store now!
https://apps.apple.com/us/app/epstein-web/id6758880661","at://did:plc:ndjyym3ihrqu3g25gdztefrv/app.bsky.feed.post/3mkqtn4xb2d27"
bluesky,"May 1, 2026 @ 10:00:00.000","May 9, 2026 @ 21:01:35.161","May 1, 2026 @ 10:09:45.704","fuel prices",0,0,0,0,neutral,false,false,false,Unknown,"Parts 1-2/2 — EFTA00436838.jpg
#epsteinweb #efta00436838
https://epsteinweb.org
Available in the iOS app store now!
https://apps.apple.com/us/app/epstein-web/id6758880661","at://did:plc:ndjyym3ihrqu3g25gdztefrv/app.bsky.feed.post/3mkqtn2crti2w"
bluesky,"May 1, 2026 @ 10:00:00.000","May 9, 2026 @ 21:01:35.161","May 1, 2026 @ 10:09:38.242","fuel prices",6,1,1,"-0.382",negative,false,false,true,WA,"Uniter 
Happy for @altnasa.bsky.social to send Cadet Bone Spurs to the Dark Side of the Moon 

Unfortunately, Trump’s Iran War and rocketing fuel prices make a return trip unaffordable.","at://did:plc:7b4suts7jrsl7mva5uamrb6i/app.bsky.feed.post/3mkqtmst3kv2d"
bluesky,"May 1, 2026 @ 10:00:00.000","May 9, 2026 @ 21:01:35.161","May 1, 2026 @ 10:04:51.228","fuel prices",168,3,37,"-0.848",negative,false,false,true,Unknown,"The UAE is leaving OPEC. Saudi Arabia is leaving LIV. Israel is annexing almost 10% of Lebanon. Gas prices are out of control, so much so that Trump stans on cable news are simply making up numbers all of us know are false. The jet fuel crisis will shortly become a travel crisis.","at://did:plc:vpfavbhwv4okwh6ydgp5uxf6/app.bsky.feed.post/3mkqteb43fs27"
bluesky,"May 1, 2026 @ 10:00:00.000","May 9, 2026 @ 21:01:35.162","May 1, 2026 @ 10:04:17.362","fuel prices",0,0,0,"0.832",positive,false,true,true,Unknown,"PRIME Developers relief on softened construction inflation: Construction developers and contractors are experiencing relief as the growth in the average prices of key construction components, including materials, fuel, labour, and transport, significantly flattened in… https://ranked.news/740823?u=b","at://did:plc:42han5exrxyrgdsbwosrp7sy/app.bsky.feed.post/3mkqtdc5b7b2a"
bluesky,"May 1, 2026 @ 10:00:00.000","May 9, 2026 @ 20:00:29.380","May 1, 2026 @ 10:00:41.368","inflation Australia",0,0,0,"-0.271",negative,false,false,false,Australia,"
Bluesky's Top 10 Trending Words (past 10min):
💨x1* - iran 🔓
💨x33 - hawks
💨x1* - democracy 🔓
💨x1* - epstein 🔓
💨x1* - ukraine 🔓
💨x21 - knicks
💨x20 - 60-19
💨x18 - hughes
💨x1* - gaza 🔓
💨x15 - comey
*🔓 = Unlocked Emergency Words (see img)

#FreePalestine 🇵🇸

(Something not right? Reply!)","at://did:plc:mcb6n67plnrlx4lg35natk2b/app.bsky.feed.post/3mkqt4rrm5u2z"
bluesky,"May 1, 2026 @ 10:00:00.000","May 9, 2026 @ 21:01:35.162","May 1, 2026 @ 10:00:10.610","fuel prices",0,0,0,"-0.527",negative,false,false,true,Unknown,"Drivers cut fuel spending as petrol prices surge: Motorists are significantly reducing their fuel consumption due to soaring petrol prices, a trend attributed to the ongoing fallout from the Iran conflict, according to Savvas Prokopiou, head of the petrol station owne… https://ranked.news/743375?u=b","at://did:plc:42han5exrxyrgdsbwosrp7sy/app.bsky.feed.post/3mkqt3wsjkg2x"
bluesky,"Apr 30, 2026 @ 10:00:00.000","May 9, 2026 @ 21:01:35.162","May 1, 2026 @ 09:46:12.196","fuel prices",24,6,3,"0.372",positive,false,false,true,WA,"you can tell Fuel by Metallica is a song from a much better time for the economy. you want fuel, you want fire, you want that which you desire? me and you both pal but at these prices it's highly unlikely","at://did:plc:am42gfpvrxm45q2nipdvyryt/app.bsky.feed.post/3mkqscvvwps2m"
bluesky,"Apr 30, 2026 @ 10:00:00.000","May 9, 2026 @ 20:03:21.752","May 1, 2026 @ 09:45:48.086","electricity Australia",5,2,2,"0.162",positive,true,true,false,WA,"Waste-to-energy 
In snowy north Europe, W2E plants send heat into district‑heating networks and make electricity as a bonus
Australia doesn't have same heat demand, so climate case and so biz case weaker; solar, wind + storage cleaner and cheaper
ABC Life Matters
www.abc.net.au/listen/progr...","at://did:plc:siy6dvqvtlkl4tbytdjwsv5c/app.bsky.feed.post/3mkqsc6w6rk2p"
bluesky,"Apr 30, 2026 @ 10:00:00.000","May 9, 2026 @ 21:01:35.162","May 1, 2026 @ 09:45:04.258","fuel prices",0,0,0,"0.077",positive,false,false,true,WA,"Amid rising fuel prices, California lawmakers want to make zero-emission trucks more affordable. Will steep rebates be enough to make some carriers ditch the diesel?  https://tinyurl.com/sdvbczm8","at://did:plc:wyshhuioh6yql52qtsmddn6d/app.bsky.feed.post/3mkqsav5xc42m"
bluesky,"Apr 30, 2026 @ 10:00:00.000","May 9, 2026 @ 21:01:35.163","May 1, 2026 @ 09:33:00.184","fuel prices",1,0,1,"0.725",positive,false,false,true,Unknown,"I see USA from a distance & people are getting truly angier & with less than 6 months to the mid-terms, fuel prices are not going to go down but fuel futures indicate its not going to go down! Gerrymandering won't work & GOP senate seats will be loss in larger numbers! Schumer has to go to win big !","at://did:plc:owqj3aqw2szzvi72uvnklrxv/app.bsky.feed.post/3mkqrlcloi22z"
bluesky,"Apr 30, 2026 @ 10:00:00.000","May 9, 2026 @ 21:01:35.163","May 1, 2026 @ 09:29:23.470","fuel prices",2,0,1,"0.371",positive,false,false,true,WA,"You can Gerrymander all the maps all you want to ....but that will not Change the Price of Gas or diesel fuel or the Economy & its high prices  you have created with you unilateral  war ...  Your brand is toxic to the Republicans Party ...you can not arrest everyone but they sure can fire you!","at://did:plc:exxszs2yh7ftrtqcbydzvcbw/app.bsky.feed.post/3mkqretw2qc2j"
bluesky,"Apr 30, 2026 @ 10:00:00.000","May 9, 2026 @ 21:01:35.163","May 1, 2026 @ 09:20:53.074","fuel prices",1,0,0,"0.62",positive,false,false,true,Unknown,"If gas and diesel prices spike, can companies afford to ship? Can their carriers even get fuel? 

Trump and his perjured Republican party have created a cascade of scarcity.","at://did:plc:gbtjldfjzjhihcg3j3f475in/app.bsky.feed.post/3mkqqvn624k2g"
bluesky,"Apr 30, 2026 @ 10:00:00.000","May 9, 2026 @ 21:01:35.163","May 1, 2026 @ 09:20:22.232","fuel prices",0,0,0,0,neutral,false,false,false,Unknown,"EFTA00435761.jpg
#epsteinweb #efta00435761
https://epsteinweb.org
Available in the iOS app store now!
https://apps.apple.com/us/app/epstein-web/id6758880661","at://did:plc:ndjyym3ihrqu3g25gdztefrv/app.bsky.feed.post/3mkqquq4lbo2w"
bluesky,"Apr 30, 2026 @ 10:00:00.000","May 9, 2026 @ 21:01:35.164","May 1, 2026 @ 09:20:19.156","fuel prices",0,0,0,0,neutral,false,false,false,Unknown,"Parts 1-2/2 — EFTA00435760.jpg
#epsteinweb #efta00435760
https://epsteinweb.org
Available in the iOS app store now!
https://apps.apple.com/us/app/epstein-web/id6758880661","at://did:plc:ndjyym3ihrqu3g25gdztefrv/app.bsky.feed.post/3mkqquna6hv2t"
bluesky,"Apr 30, 2026 @ 10:00:00.000","May 9, 2026 @ 21:01:35.164","May 1, 2026 @ 09:20:16.085","fuel prices",0,0,0,0,neutral,false,false,false,Unknown,"EFTA00435759.jpg
#epsteinweb #efta00435759
https://epsteinweb.org
Available in the iOS app store now!
https://apps.apple.com/us/app/epstein-web/id6758880661","at://did:plc:ndjyym3ihrqu3g25gdztefrv/app.bsky.feed.post/3mkqqukbeac2f"
bluesky,"Apr 30, 2026 @ 10:00:00.000","May 9, 2026 @ 21:01:35.164","May 1, 2026 @ 09:19:55.053","fuel prices",4,0,0,"-0.494",negative,false,false,true,Unknown,"Trump has no intention of lowering fuel prices","at://did:plc:6fvvaoxvxgea7ngj6vrpwnts/app.bsky.feed.post/3mkqqtvtjuk2w"
bluesky,"Apr 30, 2026 @ 10:00:00.000","May 9, 2026 @ 21:01:35.164","May 1, 2026 @ 09:17:04.892","fuel prices",0,0,0,"-0.67",negative,false,false,true,WA,"📰 #Finance

""New Zealand consumer confidence has slumped to a three-year low as the Iran war drives up fuel prices, hitting household incomes and stoking fears of an economic slowdown.""","at://did:plc:4aeinxjwao74le6dktiiyxg4/app.bsky.feed.post/3mkqqotskvq2a"
bluesky,"Apr 30, 2026 @ 10:00:00.000","May 9, 2026 @ 21:01:35.164","May 1, 2026 @ 09:15:18.278","fuel prices",2,0,0,0,neutral,false,false,true,Unknown,"You should see SoCal diesel prices….well fuel prices in general.","at://did:plc:ea2x22fzbzdzpanx543mve75/app.bsky.feed.post/3mkqqlnutwc2r"
bluesky,"Apr 30, 2026 @ 10:00:00.000","May 9, 2026 @ 21:01:35.164","May 1, 2026 @ 09:12:17.284","fuel prices",0,0,0,"0.522",positive,false,false,true,Victoria,"Just think of this if you aren't pissed off yet: High gas prices means high prices for every other product & service. Plus, you're not only paying for your own gas, food & services, you're paying for Mr. Dump's Airforce One fuel & every expense of the Fed & it's do-nothing  GOP admin & congress.","at://did:plc:qvw6vd25gdjuytlmtpamtvct/app.bsky.feed.post/3mkqqgbbex22i"
bluesky,"Apr 30, 2026 @ 10:00:00.000","May 9, 2026 @ 21:01:36.338","May 1, 2026 @ 09:10:50.000","fuel prices",0,0,0,"-0.296",negative,false,false,true,Unknown,"Air Canada suspends 2026 full-year guidance amid uncertain jet fuel costs

https://www.newsbeep.com/ca/639531/

MONTREAL — Air Canada is suspending its guidance for the full 2026 year as jet fuel prices remain…","at://did:plc:2gp3m6bnzqynpqq4nlwto5ar/app.bsky.feed.post/3mkqqdsklkx2m"
bluesky,"Apr 30, 2026 @ 10:00:00.000","May 9, 2026 @ 19:59:34.338","May 1, 2026 @ 09:08:06.000","fuel Australia",0,1,0,"-0.447",negative,true,false,true,Victoria,"(1/2) Air to Ground Message: 

FUEL QUANTITY SNAPSHOT  FLT NO  TIME     DATE    FROM TO   FLT CNT  SW VER  QFA80   23:03:56 26APR30 ---- ----  236     KG-MAX    OUT-LEFT-IN  CENT IN-RIGHT-OUT TRIM  TOTAL   2918 30296 XXXXX 30109  2932  2404  68656   

Area: Melbourne, Australia 
A: #a40e10e6426","at://did:plc:h45npzawmwlb4xcqqxk6fiec/app.bsky.feed.post/3mkqq6sa5c52u"
bluesky,"Apr 30, 2026 @ 10:00:00.000","May 9, 2026 @ 21:01:36.339","May 1, 2026 @ 09:08:01.558","fuel prices",1,0,0,"-0.599",negative,false,false,true,WA,"War in the Middle East isn’t just a regional crisis—it’s hitting Africa’s ports, farms and wallets 🌍⛽ From $4M detours around Hormuz to fertilizer prices up 35%, millions face higher food and fuel... https://hyperlocalnews.website/inten/geopolitical-crisis-hits-africa-middle-east-war.html","at://did:plc:cva3fiqxul3cpnlszofgvdba/app.bsky.feed.post/3mkqq6nfwhp2a"
bluesky,"Apr 30, 2026 @ 10:00:00.000","May 9, 2026 @ 19:59:34.338","May 1, 2026 @ 09:06:11.000","fuel Australia",0,1,0,"-0.447",negative,true,false,true,Victoria,"Air to Ground Message: 

FUEL QUANTITY SNAPSHOT ACID FLT NO TIME DATE FROM TO FLT CNT SW VER VH-QPE QFA80 23:01:48 26APR30 ---- ---- 236 CQFA12 KG-REF OUT-LEFT-IN CENT IN-RIGHT-OUT TRIM 

Area: Melbourne, Australia 
A: #a40e10e6426 
F: #ffab6377767","at://did:plc:h45npzawmwlb4xcqqxk6fiec/app.bsky.feed.post/3mkqq3edos62o"
bluesky,"Apr 30, 2026 @ 10:00:00.000","May 9, 2026 @ 19:59:34.338","May 1, 2026 @ 09:05:11.000","fuel Australia",0,1,0,"-0.447",negative,true,false,true,Victoria,"Air to Ground Message: 

FUEL QUANTITY SNAPSHOT ACID FLT NO TIME DATE FROM TO FLT CNT SW VER QFA80 23:01:08 26APR30 ---- ---- 236 CQFA12 KG-MAX OUT-LEFT-IN CENT IN-RIGHT-OUT TRIM 

Area: Melbourne, Australia 
A: #a40e10e6426 
F: #ffab6377767","at://did:plc:h45npzawmwlb4xcqqxk6fiec/app.bsky.feed.post/3mkqpzlgig42n"
bluesky,"Apr 30, 2026 @ 10:00:00.000","May 9, 2026 @ 20:05:21.041","May 1, 2026 @ 08:55:25.379","fuel Perth",158,13,84,"0.911",positive,true,false,true,WA,"In the same speech to mining sector in Perth where @albomp.bsky.social ruled out a tax on fossil fuel windfall profits, he committed to an Abundance agenda. You need to understand this absolute tosh. More unsustainable growth. Slashing protections. 

Do you trust corps not to kill you for 💰?
#Auspol","at://did:plc:svtoa36j2obowkx5ngo76hx2/app.bsky.feed.post/3mkqpi4akgc2y"
bluesky,"Apr 30, 2026 @ 10:00:00.000","May 9, 2026 @ 19:59:58.018","May 1, 2026 @ 08:52:30.136","petrol prices",0,0,0,"-0.153",negative,false,false,true,Unknown,"📢 Consumers are hurting as higher petrol prices hit weekly budgets, the latest ANZ-Roy Morgan Consumer Confidence showed.“There’s no question that the...","at://did:plc:cgnoycruicy3dngoqwmfodhr/app.bsky.feed.post/3mkqpcv7ceh2y"
bluesky,"Apr 30, 2026 @ 10:00:00.000","May 9, 2026 @ 19:59:34.338","May 1, 2026 @ 08:50:09.000","fuel Australia",0,1,0,"-0.447",negative,true,false,true,Victoria,"(1/2) Air to Ground Message: 

FUEL QUANTITY SNAPSHOT  FLT NO  TIME     DATE    FROM TO   FLT CNT  SW VER  QFA80   22:46:14 26APR30 ---- ----  236     CQFA12  KG-REF    OUT-LEFT-IN  CENT IN-RIGHT-OUT TRIM  TOTAL   2941 19780 XXXXX 17478  2945  1929  45069   

Area: Melbourne, Australia 
A:","at://did:plc:h45npzawmwlb4xcqqxk6fiec/app.bsky.feed.post/3mkqp6oz45y26"
bluesky,"Apr 30, 2026 @ 10:00:00.000","May 9, 2026 @ 19:59:34.339","May 1, 2026 @ 08:50:06.000","fuel Australia",0,1,0,"-0.447",negative,true,false,true,Victoria,"Air to Ground Message: 

FUEL QUANTITY SNAPSHOT ACID FLT NO TIME DATE FROM TO FLT CNT SW VER .VH-QPE QFA80 22:46:14 26APR30 ---- ---- 236 CQFA12 KG-REF OUT-LEFT-IN CENT IN-RIGHT-OUT TRIM 

Area: Melbourne, Australia 
A: #a40e10e6426 
F: #ffab6377767","at://did:plc:h45npzawmwlb4xcqqxk6fiec/app.bsky.feed.post/3mkqp6mzpr22s"
bluesky,"Apr 30, 2026 @ 10:00:00.000","May 9, 2026 @ 21:01:36.339","May 1, 2026 @ 08:48:18.000","fuel prices",0,0,0,"0.382",positive,false,true,true,Victoria,"Euro zone inflation jumps to 3% as economic growth almost stalls

https://www.newsbeep.com/uk/559508/

Fuel prices are displayed at a service station in Paris showing high gasoline and diesel costs due to…","at://did:plc:6w7425hsc4mjjkte2mbsxdhw/app.bsky.feed.post/3mkqp3ipyyv24"
bluesky,"Apr 30, 2026 @ 10:00:00.000","May 9, 2026 @ 19:59:34.339","May 1, 2026 @ 08:47:11.000","fuel Australia",0,1,0,"-0.447",negative,true,false,true,Victoria,"(1/2) Air to Ground Message: 

FUEL QUANTITY SNAPSHOT ACID FLT NO TIME DATE FROM TO FLT CNT SW VER .VH-QPE QFA80 22:43:05 26APR30 ---- ---- 236 CQFA12 KG-REF OUT-LEFT-IN CENT IN-RIGHT-OUT TRIM TOTAL 2936 18120 XXXXX 15821 2945 1702 41531 

Area: Melbourne, Australia 
A: #a40e10e6426 
F:","at://did:plc:h45npzawmwlb4xcqqxk6fiec/app.bsky.feed.post/3mkqozfcduu2n"
bluesky,"Apr 30, 2026 @ 10:00:00.000","May 9, 2026 @ 21:01:36.339","May 1, 2026 @ 08:47:04.059","fuel prices",2,0,1,"-0.273",negative,false,false,true,Unknown,"Starmer should immediately order the Royal Navy to board every Russian shadow tanker that sails into the Channel and use the confiscated oil to keep the fuel prices low in Britain.

He won't do it, of course, because it would be a couragous decision.","at://did:plc:bey67b7metcoel4wnv6om5ie/app.bsky.feed.post/3mkqoz65f6k24"
bluesky,"Apr 30, 2026 @ 10:00:00.000","May 9, 2026 @ 19:59:34.339","May 1, 2026 @ 08:45:06.000","fuel Australia",0,1,0,"-0.447",negative,true,false,true,Victoria,"Air to Ground Message: 

FUEL QUANTITY SNAPSHOT  FLT NO  QFA80   22:41:26 26APR30  KG-MAX    OUT-LEFT-IN  CENT IN-RIGHT-OUT TRIM  TOTAL   2945 17743 XXXXX 15685  2945  1680  41005 

Area: Melbourne, Australia 
A: #a40e10e6426 
F: #ffab6377767","at://did:plc:h45npzawmwlb4xcqqxk6fiec/app.bsky.feed.post/3mkqovoflb42w"
bluesky,"Apr 30, 2026 @ 10:00:00.000","May 9, 2026 @ 21:01:36.339","May 1, 2026 @ 08:44:51.244","fuel prices",2,0,0,"0.477",positive,false,true,true,WA,"GOP logic: encourage our overreliance on fossil fuels, start a war that shrinks the global supply of fossil fuels, let gas prices soar, watch inflation take it toll on regular Americans, celebrate all the $$$ fossil fuel companies are making, spin baby spin","at://did:plc:wbe5krm3x5ws7xzaopcopvh7/app.bsky.feed.post/3mkqov7i6zs2z"
bluesky,"Apr 30, 2026 @ 10:00:00.000","May 9, 2026 @ 21:01:36.340","May 1, 2026 @ 08:43:23.124","fuel prices",0,0,0,0,neutral,false,false,true,Unknown,"[The dizzying escalation in fuel prices, affecting both diesel and gasoline in France, exacerbated by Middle Eastern geop...

Source: https://www.francia24.com/prezzi-del-carburante-a-picco-studente-a-un-euro-trump-minaccia-lormus-azure-vola-londra-trema-russia-cina-a-guerra-meteo-parigi-e-milano/","at://did:plc:uuykykkdbtq2plsexeztdhpf/app.bsky.feed.post/3mkqoslis4s2r"
bluesky,"Apr 30, 2026 @ 10:00:00.000","May 9, 2026 @ 19:59:34.339","May 1, 2026 @ 08:43:15.000","fuel Australia",0,1,0,"-0.447",negative,true,false,true,Victoria,"(1/2) Air to Ground Message: 

FUEL QUANTITY SNAPSHOT  FLT NO  TIME     DATE    FROM TO   FLT CNT  SW VER  QFA80   22:39:35 26APR30 ---- ----  236     KG-REF    OUT-LEFT-IN  CENT IN-RIGHT-OUT TRIM  TOTAL   2945 16796 XXXXX 14900  2947  1553  39136 

Area: Melbourne, Australia 
A: #a40e10e6426","at://did:plc:h45npzawmwlb4xcqqxk6fiec/app.bsky.feed.post/3mkqosedvjc2c"
bluesky,"Apr 30, 2026 @ 10:00:00.000","May 9, 2026 @ 19:59:34.339","May 1, 2026 @ 08:43:11.000","fuel Australia",0,1,0,"-0.447",negative,true,false,true,Victoria,"Air to Ground Message: 

FUEL QUANTITY SNAPSHOT ACID FLT NO TIME DATE FROM TO FLT CNT SW VER VH-QPE QFA80 22:39:35 26APR30 ---- ---- 236 CQFA12 KG-REF OUT-LEFT-IN CENT IN-RIGHT-OUT TRIM 

Area: Melbourne, Australia 
A: #a40e10e6426 
F: #ffab6377767","at://did:plc:h45npzawmwlb4xcqqxk6fiec/app.bsky.feed.post/3mkqosajurv2o"
bluesky,"Apr 30, 2026 @ 10:00:00.000","May 9, 2026 @ 19:59:34.339","May 1, 2026 @ 08:43:06.000","fuel Australia",0,1,0,"-0.447",negative,true,false,true,Victoria,"(1/2) Air to Ground Message: 

FUEL QUANTITY SNAPSHOT ACID FLT NO TIME DATE FROM TO FLT CNT SW VER VH-QPE QFA80 22:38:06 26APR30 ---- ---- 236 CQFA12 KG-MAX OUT-LEFT-IN CENT IN-RIGHT-OUT TRIM TOTAL 2947 16462 XXXXX 14653 2950 1520 38537 

Area: Melbourne, Australia 
A: #a40e10e6426 
F:","at://did:plc:h45npzawmwlb4xcqqxk6fiec/app.bsky.feed.post/3mkqos4xivg2o"
bluesky,"Apr 30, 2026 @ 10:00:00.000","May 9, 2026 @ 19:59:34.340","May 1, 2026 @ 08:43:04.000","fuel Australia",0,1,0,"-0.447",negative,true,false,true,Victoria,"Air to Ground Message: 

FUEL QUANTITY SNAPSHOT 
FLT NO TIME DATE FROM TO FLT CNT SW VER QFA80 22:38:06 26APR30 ---- ---- 236 CQFA12 KG-MAX OUT-LEFT-IN CENT IN-RIGHT-OUT TRIM 

Area: Melbourne, Australia 
A: #a40e10e6426 
F: #ffab6377767","at://did:plc:h45npzawmwlb4xcqqxk6fiec/app.bsky.feed.post/3mkqos242bd2u"
bluesky,"Apr 30, 2026 @ 10:00:00.000","May 9, 2026 @ 21:01:36.340","May 1, 2026 @ 08:34:56.818","fuel prices",9,0,0,"-0.586",negative,false,true,true,Unknown,"🇩🇪 Government introduces a 17ct price cut on fuels for May 1st. On April 30th, fuel prices go up 17ct.

🇧🇪 Government keeps gutting budgets to reduce the deficit, then intends to spend billions on buying back nuclear power plants.

Why can't I have reasonable governance in either of my two places?","at://did:plc:cwu7cq6gheelpe4egvb4py3h/app.bsky.feed.post/3mkqodilqvc2r"
bluesky,"Apr 30, 2026 @ 10:00:00.000","May 9, 2026 @ 19:59:58.018","May 1, 2026 @ 08:32:54.809","petrol prices",7,1,1,"-0.077",negative,false,false,true,Unknown,"Americans are freaking out over petrol prices. That's like €0.96 a litre. While we're paying €1.91 a litre. Their gallon would cost us €7.26 or $8.52. Bring on the electric cars.","at://did:plc:zmc3x74xlmbhydq67wedyu3l/app.bsky.feed.post/3mkqo7uaiec2i"
bluesky,"Apr 30, 2026 @ 10:00:00.000","May 9, 2026 @ 21:01:36.340","May 1, 2026 @ 08:30:14.645","fuel prices",0,0,0,"0.44",positive,false,false,true,Unknown,"As gas prices in the Miami Valley teeter closer to $5 a gallon, diesel fuel isn’t faring any better, and some truckers are paying even more. https://www.wdtn.com/news/local-news/miami-valley-truck-drivers-struggle-with-rising-gas-prices/","at://did:plc:p5etsqqxmu4ncmlgftverr7e/app.bsky.feed.post/3mkqo33kmus2m"
bluesky,"Apr 30, 2026 @ 10:00:00.000","May 9, 2026 @ 20:05:27.716","May 1, 2026 @ 08:30:12.861","fuel Western Australia",21,1,12,"0.891",positive,true,true,true,WA,"👏👏👏👏👏👏 

A hearty congratulations to Pilot Energy + Kala Data in Western Australia who have successfully  plugged a cute little 1 megawatt data centre into some spluttering fossil fuel turbines located at a decaying, dying oil field run by Pilot Energy. 

www.smh.com.au/business/com...","at://did:plc:66lbtw2porscqpmair6mir37/app.bsky.feed.post/3mkqo2zt46t2d"
bluesky,"Apr 30, 2026 @ 10:00:00.000","May 9, 2026 @ 21:01:36.340","May 1, 2026 @ 08:27:16.204","fuel prices",0,0,0,"0.226",positive,false,true,true,Unknown,"Yeah, even at current prices, American petrol is incredibly cheap compared to most of the rest of the World, especially Europe.  But the costs of actually running a car are not.  Because 1) fuel efficiency 2) lack of alternative options.","at://did:plc:kf4dnwd2qdlj7apvevv45tof/app.bsky.feed.post/3mkqnvrcyic2y"
bluesky,"Apr 30, 2026 @ 10:00:00.000","May 9, 2026 @ 19:59:34.340","May 1, 2026 @ 08:26:03.000","fuel Australia",0,1,0,"-0.447",negative,true,false,true,Victoria,"Air to Ground Message: 

FUEL QUANTITY SNAPSHOT FLT NO TIME DATE FROM TO FLT CNT SW VER QFA80 22:21:45 26APR30 ---- ---- 236 CQFA12 KG-REF OUT-LEFT-IN CENT IN-RIGHT-OUT TRIM TOTAL 196 4429 XXXXX 4378 83 78 9163 

Area: Melbourne, Australia 
A: #a40e10e6426 
F: #ffab6377767","at://did:plc:h45npzawmwlb4xcqqxk6fiec/app.bsky.feed.post/3mkqntlo6lz2e"
bluesky,"Apr 30, 2026 @ 10:00:00.000","May 9, 2026 @ 19:59:58.019","May 1, 2026 @ 08:24:07.080","petrol prices",0,1,0,"-0.527",negative,false,false,true,WA,"Same here no Buc-ee's visits yet but
many memories of Stuckey's and
consulting the cheese log for our
next gas toilet stop just a little
further down the life is a open
highway you may wanna ride
it all.nite.long. but prices for
petrol and sundry other
needs are rising quick
head out on that R66","at://did:plc:owkzebxrmnoat2afhd5mki6h/app.bsky.feed.post/3mkqnq4xd4s2z"
bluesky,"Apr 30, 2026 @ 10:00:00.000","May 9, 2026 @ 21:01:36.341","May 1, 2026 @ 08:23:03.659","fuel prices",0,1,0,"-0.858",negative,false,false,true,Unknown,"Fckng Cruel Amerikkkah, 
Where the divide 'tween the

 ""drive"" & the ""drive nots"" 

widens with the stranglehold Iran has over Hormuz.

Hegseth and Trump =
>>>big>>>ass>>LOSERS
Dumb>>>fcks!!

And we all suffer, obviously at the pump, and anywhere fuel is used to supply us with 
P R O D U C T S!!!","at://did:plc:na6zed527jlwtrnxwvw7uuif/app.bsky.feed.post/3mkqnoaklhs2c"
bluesky,"Apr 30, 2026 @ 10:00:00.000","May 9, 2026 @ 19:59:58.019","May 1, 2026 @ 08:21:57.530","petrol prices",0,0,0,"-0.402",negative,false,false,true,Unknown,"US petrol prices surged nearly 30 cents in one week due to the Strait of Hormuz blockade and ongoing tensions with Iran.
","at://did:plc:2ys35qzvc265dtaltqdmgxcm/app.bsky.feed.post/3mkqnmbienx2y"
bluesky,"Apr 30, 2026 @ 10:00:00.000","May 9, 2026 @ 21:01:36.341","May 1, 2026 @ 08:21:43.257","fuel prices",2,1,0,"-0.582",negative,false,false,true,WA,"raising interest rates is futile in the midst of moron’s war against iran.

fuel prices are included in the CPI.

fuel is a major driver.

monetary policy cannot fix a moron induced supply shock.

#I’mNotAnEconomist #auspol","at://did:plc:45vqhw2rqkyawowlymb7r6yu/app.bsky.feed.post/3mkqnlts7xc2h"
bluesky,"Apr 30, 2026 @ 10:00:00.000","May 9, 2026 @ 21:01:36.341","May 1, 2026 @ 08:20:46.563","fuel prices",0,0,0,"-0.827",negative,false,true,true,WA,"🛑 Don's war has doubled jet fuel prices, driving up the cost for wildfire-fighting. Last year, the 500 or so aircraft the government used to fight large wildfires burned through $50 million of jet fuel. 💰Now TAXPAYERS could see the fuel bill  double to $100 million.","at://did:plc:7f5avfrcdmbgyqx5qqgkxlqw/app.bsky.feed.post/3mkqnk5pzqk2h"
bluesky,"Apr 30, 2026 @ 10:00:00.000","May 9, 2026 @ 19:59:59.162","May 1, 2026 @ 08:20:12.000","petrol prices",0,0,0,"-0.866",negative,false,false,true,WA,"US gas reaches $4.30 per gallon; Trump says prices will drop after Iran war | US-Israel war on Iran News

https://www.europesays.com/2957100/

Price of petrol in US jumps by nearly 30 cents in one week amid Strait of Hormuz blockade…","at://did:plc:lm2uhaoqoe6yo76oeihndfyi/app.bsky.feed.post/3mkqnjbm23d26"
bluesky,"Apr 30, 2026 @ 10:00:00.000","May 9, 2026 @ 21:01:36.341","May 1, 2026 @ 08:20:07.000","fuel prices",0,0,0,"0.66",positive,false,true,true,WA,"5 Great EVs for Under $50,000

https://www.evshift.com/447199/5-great-evs-for-under-50000/

Gas prices—along with the cost of living—are soaring, and perhaps they have you thinking it might be time to break up with fuel permanently. If you want to never spend a dime at a gas station pump again, …","at://did:plc:7dzisek6r5umenig45favjer/app.bsky.feed.post/3mkqnj44zu527"
bluesky,"Apr 30, 2026 @ 10:00:00.000","May 9, 2026 @ 20:00:29.381","May 1, 2026 @ 08:15:13.960","inflation Australia",1,0,0,"-0.87",negative,true,true,false,Australia,"Nations (Australia?) commemorate COP principles by re-enacting their pledges from the first COP meeting in 1997

👉 Not because they care
👉 Not because voters have been on the streets demanding urgent action

Perhaps because now, every country faces raging inflation, economic chaos and social unrest","at://did:plc:vxdf4e7c6mq2b4lnt4sdqiab/app.bsky.feed.post/3mkqnaakwb222"
bluesky,"Apr 30, 2026 @ 10:00:00.000","May 9, 2026 @ 19:59:59.162","May 1, 2026 @ 08:00:10.000","petrol prices",0,0,0,"-0.866",negative,false,false,true,WA,"US gas reaches $4.30 per gallon; Trump says prices will drop after Iran war | US-Israel war on Iran News

https://www.newsbeep.com/513236/

Price of petrol in US jumps by nearly 30 cents in one week amid Strait of Hormuz blockade…","at://did:plc:gi6gydeibb64wvhwm6tehjht/app.bsky.feed.post/3mkqmfgfx2j2i"
bluesky,"Apr 30, 2026 @ 10:00:00.000","May 9, 2026 @ 19:59:34.341","May 1, 2026 @ 07:59:56.167","fuel Australia",0,0,0,"0.681",positive,true,true,true,Australia,"Fuel Supply Chains: Australia's Stockpile Reality

Is Australia's fuel supply chain secure? Explore stockpile realities, strategic reserves, and the nation's energy buffer in times of…

https://theboard.world/articles/energy/fuel-supply-chains-australia-stockpile-realities

#energy #oil #OPEC #macro","at://did:plc:k5bxdlpblblb6nygunqvdgis/app.bsky.feed.post/3mkqmevglkl2s"
bluesky,"Apr 30, 2026 @ 10:00:00.000","May 9, 2026 @ 21:01:36.342","May 1, 2026 @ 07:58:43.936","fuel prices",0,1,0,"0.586",positive,false,true,true,WA,"I wonder if rentatool actually has ever spoken to actual working class people? My neighbours are concerned with energy prices, food prices, mortgage/rents , the nhs , affording to have kids ,transport to work, clean water, fuel and car costs,crime, druggies in town centres,lack of jobs,not migrants.","at://did:plc:itm6mbzbkwfqee6rhxcaluc2/app.bsky.feed.post/3mkqmcqenss2h"
bluesky,"Apr 30, 2026 @ 10:00:00.000","May 9, 2026 @ 21:01:36.342","May 1, 2026 @ 07:50:37.038","fuel prices",1,1,0,"-0.296",negative,false,true,true,Unknown,"Converts to 1.12 EUR per litre which probably seems cheap to most Europeans these days.
i.e Germany currently has prices of 2.12 EUR/l or 9.93 USD/gal at a lower GDP per capita.
Car dependency and income inequality should be a higher priority than fuel prices.","at://did:plc:3vhplebjkpmt3dyn7j6gpwx7/app.bsky.feed.post/3mkqlu7zqhk2c"
bluesky,"Apr 30, 2026 @ 10:00:00.000","May 9, 2026 @ 19:59:59.163","May 1, 2026 @ 07:47:09.000","petrol prices",0,0,0,"-0.128",negative,false,false,true,Unknown,"Oil hits 4-year high on Hormuz Strait, fresh U.S. military action fears

https://www.europesays.com/iran/91754/

A gas station in Berlin, Germany, displays the latest per liter prices for petrol, diesel and LPG on…","at://did:plc:msian4dqa2rqalf3biilnf3m/app.bsky.feed.post/3mkqlo56yrm24"
bluesky,"Apr 30, 2026 @ 10:00:00.000","May 9, 2026 @ 19:59:59.163","May 1, 2026 @ 07:45:20.000","petrol prices",0,0,0,"-0.128",negative,false,false,true,Unknown,"Oil hits 4-year high on Hormuz Strait, fresh U.S. military action fears

https://www.europesays.com/iran/91754/

A gas station in Berlin, Germany, displays the latest per liter prices for petrol, diesel and LPG on…","at://did:plc:wiuqiruv62xilr6p43bdyep5/app.bsky.feed.post/3mkqlktqjkd2u"
bluesky,"Apr 30, 2026 @ 10:00:00.000","May 9, 2026 @ 19:59:59.164","May 1, 2026 @ 07:40:23.000","petrol prices",0,0,0,"-0.128",negative,false,false,true,Unknown,"Oil hits 4-year high on Hormuz Strait, fresh U.S. military action fears

https://www.europesays.com/iran/91754/

A gas station in Berlin, Germany, displays the latest per liter prices for petrol, diesel and LPG on…","at://did:plc:lm2uhaoqoe6yo76oeihndfyi/app.bsky.feed.post/3mkqlbxxdtd26"
bluesky,"Apr 30, 2026 @ 10:00:00.000","May 9, 2026 @ 21:01:36.342","May 1, 2026 @ 07:35:17.000","fuel prices",0,0,0,"0.459",positive,false,false,true,Unknown,"SkyCity puts Grand Hotel up for sale after high fuel prices force earnings downgrade.","at://did:plc:aq3f6my2y6epiw63eegafvlh/app.bsky.feed.post/3mkqkyszuwl24"
bluesky,"Apr 30, 2026 @ 10:00:00.000","May 9, 2026 @ 21:01:36.342","May 1, 2026 @ 07:35:14.548","fuel prices",0,1,0,"-0.34",negative,false,false,true,Unknown,"JUST IN: Air Canada pulls its full-year 2026 guidance amid uncertainty over jet fuel prices.","at://did:plc:wzlw5nsbpcebsiccs6iu7ipj/app.bsky.feed.post/3mkqkyqflth2j"
bluesky,"Apr 30, 2026 @ 10:00:00.000","May 9, 2026 @ 20:00:29.381","May 1, 2026 @ 07:33:37.583","inflation Australia",0,0,0,0,neutral,false,false,false,Australia,"Parts 1-2/2 — EFTA00433193.jpg
#epsteinweb #efta00433193
https://epsteinweb.org
Available in the iOS app store now!
https://apps.apple.com/us/app/epstein-web/id6758880661","at://did:plc:ndjyym3ihrqu3g25gdztefrv/app.bsky.feed.post/3mkqkvu3fl52v"
bluesky,"Apr 30, 2026 @ 10:00:00.000","May 9, 2026 @ 21:01:36.342","May 1, 2026 @ 07:33:15.190","fuel prices",0,0,0,"0.194",positive,false,false,true,WA,"KLM reported a stronger operational performance in the first quarter of 2026, despite extreme winter weather challenges; warning fuel prices cloud the remainder of 2026.

aviationsourcenews.com/klm-sees-str...

#KLM #avgeek #aviation #aviationnews #aviationdaily #Aviationnews","at://did:plc:bpsrsdvsqzazkvw6wwket5uu/app.bsky.feed.post/3mkqkv6gzsc2v"
bluesky,"Apr 30, 2026 @ 10:00:00.000","May 9, 2026 @ 19:59:34.341","May 1, 2026 @ 07:33:10.000","fuel Australia",0,1,0,"-0.447",negative,true,false,true,Victoria,"Air to Ground Message: 

AIRCRAFT VH-QPE DEPART RJAA ARRIVE YMML DATE 26APR30 UTC 21.28.45 FLT NO QFA80 FUEL OUT 67802.98 UTC OUT 11.31.40 FUEL IN 8146.52 UTC IN 21.28.45 GGER REASON ENGINE SHUTDOWN 

Area: Melbourne, Australia 
A: #a40e10e6426 
F: #ffab6377767","at://did:plc:h45npzawmwlb4xcqqxk6fiec/app.bsky.feed.post/3mkqkv254ec26"
bluesky,"Apr 30, 2026 @ 10:00:00.000","May 9, 2026 @ 19:59:40.375","May 1, 2026 @ 07:30:22.390","diesel Australia",0,0,0,0,neutral,true,false,true,Australia,"2026-05-01 05:19:08 - Market news: Australia has received another batch of 50 million liters of diesel shipping supplies.","at://did:plc:xhrtfphu4gzqrztkpb3a63qf/app.bsky.feed.post/3mkqkpzr66a2v"
bluesky,"Apr 30, 2026 @ 10:00:00.000","May 9, 2026 @ 19:59:34.341","May 1, 2026 @ 07:30:19.809","fuel Australia",0,0,0,0,neutral,true,false,true,Australia,"2026-05-01 05:18:48 - Market news: Australia has finalized two batches of aviation fuel cargo shipments totaling 100 million liters.","at://did:plc:xhrtfphu4gzqrztkpb3a63qf/app.bsky.feed.post/3mkqkpxcdoq2o"
bluesky,"Apr 30, 2026 @ 10:00:00.000","May 9, 2026 @ 19:59:34.341","May 1, 2026 @ 07:29:05.000","fuel Australia",0,1,0,"-0.447",negative,true,false,true,Victoria,"(1/2) Air to Ground Message: 

R32/A33032 AIRCRAFT VH-QPC DEPART VHHH ARRIVE YMML DATE 26APR30 UTC 21.24.37 FLT NO QFA30 FUEL OUT 62178.43 UTC OUT 12.08.56 FUEL IN 7783.64 UTC IN 21.24.37 GGER REASON:ENGINE SHUTDOWN 

Area: Melbourne, Australia 
Type: Airbus A330-300
A: #a79295237c7 
F:","at://did:plc:h45npzawmwlb4xcqqxk6fiec/app.bsky.feed.post/3mkqknq2uuc26"
bluesky,"Apr 30, 2026 @ 10:00:00.000","May 9, 2026 @ 21:01:36.342","May 1, 2026 @ 07:20:09.857","fuel prices",0,0,0,"-0.128",negative,false,false,true,Unknown,"2026-05-01 05:06:14 - The CEO of Air Canada says the pace of rising jet fuel prices is testing the resilience of demand across the commercial aviation industry and highlighting the need to maintain business restraint and discipline.","at://did:plc:xhrtfphu4gzqrztkpb3a63qf/app.bsky.feed.post/3mkqk5rlwla2u"
bluesky,"Apr 30, 2026 @ 10:00:00.000","May 9, 2026 @ 21:01:36.342","May 1, 2026 @ 07:16:20.117","fuel prices",0,1,0,0,neutral,false,false,false,Unknown,"https://theconversation.com/is-oil-king-again-chinas-surging-cleantech-exports-show-the-opposite-is-true-281349 [1/2]","at://did:plc:ym53gt4swfpkjbpeysla4hz6/app.bsky.feed.post/3mkqjx4rlkr2t"
bluesky,"Apr 30, 2026 @ 10:00:00.000","May 9, 2026 @ 19:59:59.164","May 1, 2026 @ 07:15:12.000","petrol prices",0,0,0,"-0.631",negative,false,false,true,Unknown,"The orange menace is quite unpopular.

But his least unpopular policies are on immigration.

So, sorry, but fuck you American public.

(Also, high petrol prices, the most unpopular thing about the man, are really good for the planet, so well done him /s, and fuck you also American public)","at://did:plc:4vlv3tytkcc54cy7g5j7hhkr/app.bsky.feed.post/3mkqjv2clii72"
bluesky,"Apr 30, 2026 @ 10:00:00.000","May 9, 2026 @ 21:01:36.343","May 1, 2026 @ 07:10:16.000","fuel prices",0,0,0,"-0.599",negative,false,false,true,WA,"Air Canada is suspending its guidance for the full 2026 year as jet fuel prices remain volatile due to war in the Middle East, though it did offer an outlook for the second quarter.","at://did:plc:73vkh3bocvb6uewxbpmhay7d/app.bsky.feed.post/3mkqjm3aets27"
bluesky,"Apr 30, 2026 @ 10:00:00.000","May 9, 2026 @ 21:01:36.343","May 1, 2026 @ 07:08:47.901","fuel prices",3,0,0,0,neutral,false,false,true,Unknown,"It's a post from a channel called the ""Sunrise Movement"" where, in response to a headline about fuel prices being at a 4 year high due to the the closure of the Strait of Hormuz, they have posted the 'identify the differences between these two pictures' meme with the Democrats and Exxon Mobil.","at://did:plc:nhbctvc2os5y24gfsx53evps/app.bsky.feed.post/3mkqjjh4wf22i"
bluesky,"Apr 30, 2026 @ 10:00:00.000","May 9, 2026 @ 21:01:36.343","May 1, 2026 @ 07:04:56.682","fuel prices",0,0,1,"-0.67",negative,false,false,true,Unknown,"📰 #Finance

""Air Canada suspended its full-year 2026 guidance due to uncertainty related to jet fuel prices.""","at://did:plc:4aeinxjwao74le6dktiiyxg4/app.bsky.feed.post/3mkqjckui7r2y"
bluesky,"Apr 30, 2026 @ 10:00:00.000","May 9, 2026 @ 19:59:59.165","May 1, 2026 @ 07:04:32.387","petrol prices",82,6,15,"-0.964",negative,false,true,true,WA,"The internet is really slow / broken, petrol prices are through the roof, inflation is shit & about to get real bad, 99% are struggling..

And yet the govt isn't run by the Socialists - I thought this was the socialist hell that all the FB trolls warned us about, turns out it's capitalism","at://did:plc:l43f5finrcugyqz534j5z265/app.bsky.feed.post/3mkqjbthayk27"
bluesky,"Apr 30, 2026 @ 10:00:00.000","May 9, 2026 @ 21:01:36.343","May 1, 2026 @ 07:02:30.938","fuel prices",0,0,0,"-0.202",negative,false,true,true,Unknown,"April data shows U.S. inflation hit a 4-year high with the Prices Charged Index at 57.0, as firms pass rising fuel and logistics costs to consumers. #SMI #USA #Economy https://www.worldeconomics.com/SalesManagersIndex/UnitedStates/UnitedStatesOfAmerica.aspx","at://did:plc:qi7fuotnx6neapp7zkitmq2u/app.bsky.feed.post/3mkqj67rtgv2q"
bluesky,"Apr 30, 2026 @ 10:00:00.000","May 9, 2026 @ 19:59:40.375","May 1, 2026 @ 07:00:55.559","diesel Australia",0,0,0,"0.273",positive,true,true,true,WA,"The #DjarindjinAboriginalCorporation in remote NW Australia are building a multimillion$ solar/battery farm that will generte enough renewable energy to meet 80% of their power needs.  
They continue to experience outages from governmentowned diesel generators.","at://did:plc:szq63syo2aiw3jolckrix2qo/app.bsky.feed.post/3mkqj3eo7us2e"
bluesky,"Apr 30, 2026 @ 10:00:00.000","May 9, 2026 @ 21:01:36.343","May 1, 2026 @ 07:00:49.776","fuel prices",0,0,0,"-0.67",negative,false,false,true,Unknown,"🚨 BREAKING
📰 Air Canada Suspends 2026 Guidance Amid Rising Fuel Prices

Air Canada suspended its full-year 2026 guidance due to uncertainty related to jet fuel prices.

📍 Bloomberg Markets","at://did:plc:47es52nhpquxzjjb3udmqaev/app.bsky.feed.post/3mkqj37tgar2s"
bluesky,"Apr 30, 2026 @ 10:00:00.000","May 9, 2026 @ 21:01:36.343","May 1, 2026 @ 07:00:49.712","fuel prices",0,0,0,"-0.67",negative,false,false,true,Unknown,"🚨 BREAKING
📰 Air Canada Suspends 2026 Guidance Amid Rising Fuel Prices

Air Canada suspended its full-year 2026 guidance due to uncertainty related to jet fuel prices.

📍 Bloomberg Markets","at://did:plc:47es52nhpquxzjjb3udmqaev/app.bsky.feed.post/3mkqj37r4xe2a"
bluesky,"Apr 30, 2026 @ 10:00:00.000","May 9, 2026 @ 21:01:36.343","May 1, 2026 @ 07:00:11.476","fuel prices",0,0,0,0,neutral,false,false,true,Unknown,"[BLOOMBERG] AIR CANADA SUSPENDS 2026 GUIDANCE AMID RISING FUEL PRICES","at://did:plc:642zd52d36yxdwshde6edydk/app.bsky.feed.post/3mkqj22p7uc2c"
bluesky,"Apr 30, 2026 @ 10:00:00.000","May 9, 2026 @ 21:01:36.344","May 1, 2026 @ 06:56:27.215","fuel prices",8,0,1,"-0.586",negative,false,true,true,Unknown,"Career politician Rob Wittman seems to be operating in a different reality. He backs policies that have sent fuel prices soaring for Virginians. $2.87 a gallon? Either that’s a blatant lie, or he’s got a hookup the rest of us don’t.","at://did:plc:nqybyr2ibl422dbtun6gcbsg/app.bsky.feed.post/3mkqiteqy7k22"
bluesky,"Apr 30, 2026 @ 10:00:00.000","May 9, 2026 @ 21:01:36.344","May 1, 2026 @ 06:53:47.828","fuel prices",0,1,0,"-0.649",negative,false,false,true,WA,"""European airlines could face collapse as early as September if jet fuel prices remain at record highs, the chief executive of Wizz Air has warned.""","at://did:plc:7tf7r65pifiavvjemyees75i/app.bsky.feed.post/3mkqiomqvt22k"
bluesky,"Apr 30, 2026 @ 10:00:00.000","May 9, 2026 @ 19:59:59.165","May 1, 2026 @ 06:52:40.740","petrol prices",0,0,0,0,neutral,false,false,true,Unknown,"📢 Gaspy director Mike Newton with the latest petrol prices. Video / Ryan Bridge TODAY","at://did:plc:ayvurlgtwyz4drt7kqf4cgnh/app.bsky.feed.post/3mkqimmu75j2d"
bluesky,"Apr 30, 2026 @ 10:00:00.000","May 9, 2026 @ 19:59:59.166","May 1, 2026 @ 06:45:08.000","petrol prices",0,0,0,"-0.128",negative,false,false,true,Unknown,"Oil hits 4-year high on Hormuz Strait, fresh U.S. military action fears

https://www.newsbeep.com/il/418913/

A gas station in Berlin, Germany, displays the latest per liter prices for petrol, diesel and LPG on…","at://did:plc:bi45ejy2s6egyhidp5lcodaa/app.bsky.feed.post/3mkqi7ay6cn2y"
bluesky,"Apr 30, 2026 @ 10:00:00.000","May 9, 2026 @ 21:01:36.344","May 1, 2026 @ 06:42:19.017","fuel prices",0,0,0,0,neutral,false,true,true,WA,"🔴 Petrol and diesel prices are set to rise amid chaos in the Strait of Hormuz. Buckle up, folks—higher fuel costs are coming your way. Just another reminder that our wallets are always at the mercy of global politics. Read it. Get it. Share it. #EnergyCrisis #mikronews","at://did:plc:76vlll762w63x2bsaj5sq5hm/app.bsky.feed.post/3mkqi246ijt25"
bluesky,"Apr 30, 2026 @ 10:00:00.000","May 9, 2026 @ 21:01:36.345","May 1, 2026 @ 06:34:34.478","fuel prices",0,0,0,"-0.914",negative,false,true,true,WA,"Wrong Prof. that's how a $7.00 hamburger goes up to $16.00 or more. As all prices increase across the board and your worst off then where you began. And all labor cries out for higher wages & cycles continues. Have Billionaires pay equal tax burdens & lower cost of fuel, that's how you begin.","at://did:plc:b273ttnhry5vrtbjlfqiiqd6/app.bsky.feed.post/3mkqhmatgic2s"
bluesky,"Apr 30, 2026 @ 10:00:00.000","May 9, 2026 @ 21:01:36.345","May 1, 2026 @ 06:30:05.422","fuel prices",0,0,0,"-0.649",negative,false,false,true,Unknown,"Rising Fuel Prices Force Policymakers to Weigh Excruciating Choices www.nytimes.com/2026/04/30/b...","at://did:plc:6c7g2r35nwxespadg635hpdr/app.bsky.feed.post/3mkqheaaiic25"
bluesky,"Apr 30, 2026 @ 10:00:00.000","May 9, 2026 @ 21:01:36.345","May 1, 2026 @ 06:26:59.072","fuel prices",0,0,0,"0.922",positive,false,true,true,Unknown,"Overburdened carpool parents
Trump fuel prices up

Offer free school bus passes

Most Public School Districts
went Green Tech years ago

Help responsible parents w/transport
Ease traffic congestion 
Ease Global climate 
Ease financial hardship
=
Solutions
@apnews.com 
@governor.ca.gov","at://did:plc:jruwt67rcbyol5nqif2bo2to/app.bsky.feed.post/3mkqh6ojmyk2l"
bluesky,"Apr 30, 2026 @ 10:00:00.000","May 9, 2026 @ 19:59:59.167","May 1, 2026 @ 06:23:36.000","petrol prices",0,0,0,"-0.45",negative,false,false,true,WA,"Another shortage caused by the Iran war...

""Everybody is talking about petrol prices but nobody is talking about helium""

https://www.smh.com.au/business/the-economy/the-next-casualty-of-trump-s-war-is-already-here-20260429-p5zrvi.html

#iran #uspol","at://did:plc:v5gajklzqkzuyjc6xzpvldd2/app.bsky.feed.post/3mkqgypqadqn2"
bluesky,"Apr 30, 2026 @ 10:00:00.000","May 9, 2026 @ 21:01:36.345","May 1, 2026 @ 06:17:38.888","fuel prices",0,0,0,0,neutral,false,false,true,WA,"Stares in Oregon gas prices hovering between $5.09 and $6.00 for REGULAR gas (Don't look at diesel or super/premium)

(also don't look at any fuel prices north of about Centralia, WA, $6.00 for 83 octane regular is cheap cheap cheap)","at://did:plc:nf7slw323m74j53wdtzdtviw/app.bsky.feed.post/3mkqgnyc3es2o"
bluesky,"Apr 30, 2026 @ 10:00:00.000","May 9, 2026 @ 19:59:59.167","May 1, 2026 @ 06:13:44.681","petrol prices",18,0,0,"-0.749",negative,false,false,true,Unknown,"He had been so much fighting for 'cheap Russian oil' and now when deliveries has been resumed - no effect on petrol prices.

It drives me crazy that many Slovaks still believes him...","at://did:plc:md76lzwcwi5f7gut3ektc3jk/app.bsky.feed.post/3mkqggywolc2e"
bluesky,"Apr 30, 2026 @ 10:00:00.000","May 9, 2026 @ 21:01:36.346","May 1, 2026 @ 06:11:36.541","fuel prices",0,0,0,"-0.889",negative,false,false,true,WA,"Amidst this punishing increase in gas prices, Trump just paid a wind farm company $800 million to STOP the wind farm project.  The Iran war underscores the fact that a paid lackey of the fossil fuel industry does not make a good president.","at://did:plc:cnmlzcxnjwt6y5pb6lbj4yit/app.bsky.feed.post/3mkqgd6q5uc2s"
bluesky,"Apr 30, 2026 @ 10:00:00.000","May 9, 2026 @ 21:01:36.346","May 1, 2026 @ 06:07:45.062","fuel prices",0,0,0,"-0.843",negative,false,false,true,WA,"THEY HAVE SOURED ON HIM  DUE TO PRICES ON GAS,FOOD,UTILITIES, ETC. HE WILL FEEL THE PAIN POLITICALLY.  AIRLINES PRICES(FUEL,BAGGAGE) HAVE SKYROCKETED AS WELL. YOU STARTED THIS WAR AND BOMBED THE ECONOMY.  NO COMING BACK. PEOPLE HAVE TO CHOOSE..DOCTOR,FOOD AND OR GAS.👀🥺😲","at://did:plc:xvbepipv5kf4xyedsew5b3t3/app.bsky.feed.post/3mkqg4bxx6c2u"
bluesky,"Apr 30, 2026 @ 10:00:00.000","May 9, 2026 @ 21:01:36.346","May 1, 2026 @ 06:06:13.802","fuel prices",0,0,1,0,neutral,false,false,true,Unknown,"04-30-26 AAA Fuel Prices Today
gasprices.aaa.com","at://did:plc:bx2one6aaewknjwqo4d56tpe/app.bsky.feed.post/3mkqfzkww3c2m"
bluesky,"Apr 30, 2026 @ 10:00:00.000","May 9, 2026 @ 21:01:36.347","May 1, 2026 @ 05:57:11.718","fuel prices",0,0,0,"-0.273",negative,false,true,true,WA,"The Iran war has nearly doubled jet fuel prices in the United States. That means the bill for firefighting aircraft operations this summer will likely rise by tens of millions of dollars.

apple.news/AKp9UcFQmT4i...","at://did:plc:tjnxen4r7rr22ugfqehh2h5r/app.bsky.feed.post/3mkqfjfxu5k2w"
bluesky,"Apr 30, 2026 @ 10:00:00.000","May 9, 2026 @ 21:01:36.347","May 1, 2026 @ 05:54:07.034","fuel prices",12,0,0,0,neutral,false,false,true,WA,"reverses the blockage of the strait but uses so much fuel the gas prices spike anyway","at://did:plc:zltqtmydso6kikzw7wafpj4p/app.bsky.feed.post/3mkqfdvtqok2f"
bluesky,"Apr 30, 2026 @ 10:00:00.000","May 9, 2026 @ 21:01:36.347","May 1, 2026 @ 05:48:42.719","fuel prices",0,0,0,0,neutral,false,false,true,Unknown,"⛽HEADS UP⛽

Fuel prices to change at midnight tonight 

GAS: 7.4  ⬆️ ¢ per litre

DIESEL: 2.6  ⬆️¢ per litre","at://did:plc:o32lowdds5ugiv77gi6fsev6/app.bsky.feed.post/3mkqf2aksjs2o"
bluesky,"Apr 30, 2026 @ 10:00:00.000","May 9, 2026 @ 21:01:36.347","May 1, 2026 @ 05:48:25.190","fuel prices",0,0,0,"-0.904",negative,false,false,true,WA,"For the ninety eleventh time, the Keystone Pipeline is operational. It was the extension that was cancelled because of environmental concerns (damage to an aquifer on indigenous land). It carries heavy crude which is a grade for asphalt, not fuel. It  would have had zero impact on gas prices. #Liar","at://did:plc:arns7vp3rgzjecdd2xvnqncb/app.bsky.feed.post/3mkqezptink2x"
bluesky,"Apr 30, 2026 @ 10:00:00.000","May 9, 2026 @ 21:01:36.349","May 1, 2026 @ 05:40:10.585","fuel prices",1,0,0,"-0.226",negative,false,false,true,Unknown,"So we can drink to forget the other high prices, including fuel....","at://did:plc:4ww5qtng6xxh66j4nmka7eqp/app.bsky.feed.post/3mkqeky5cy22q"
bluesky,"Apr 30, 2026 @ 10:00:00.000","May 9, 2026 @ 21:01:36.350","May 1, 2026 @ 05:39:00.748","fuel prices",295,21,144,"-0.273",negative,false,true,true,WA,"The Iran war has nearly doubled jet fuel prices in the United States. That means the bill for firefighting aircraft operations this summer will likely rise by tens of millions of dollars.","at://did:plc:ln72v57ivz2g46uqf4xxqiuh/app.bsky.feed.post/3mkqeivm77i27"
bluesky,"Apr 30, 2026 @ 10:00:00.000","May 9, 2026 @ 21:01:36.350","May 1, 2026 @ 05:38:24.377","fuel prices",0,2,0,"0.402",positive,false,true,true,Unknown,"Finally the truth comes out.

Bank of Canada Governor Tiff Macklem just admitted it on camera:

Higher oil prices + fuel taxes = more inflation & possible rate hikes.

For years Trudeau told us the carbon tax “wouldn’t be inflationary.” vid&more at:  

x.com/JayGenXer/st...
#topoli #onpoli #cdnpoli","at://did:plc:ztg7s6zljk4yy3vj3az4vc4k/app.bsky.feed.post/3mkqehsu57c2t"
bluesky,"Apr 30, 2026 @ 10:00:00.000","May 9, 2026 @ 21:01:36.350","May 1, 2026 @ 05:35:38.532","fuel prices",1,0,0,"-0.866",negative,false,false,true,Unknown,"Thats the effect in the USA, the effect around the world has been far far worse. Countries running out of fuel, farms unable to function because they cant afford fuel costs. Rising prices, lower economic growth, higher unemployment. Its been a disaster for Asia, Africa and Europe.","at://did:plc:py2clx5hf3do6aqdl2uslfim/app.bsky.feed.post/3mkqecuow7s2b"
bluesky,"Apr 30, 2026 @ 10:00:00.000","May 9, 2026 @ 21:01:36.351","May 1, 2026 @ 05:29:36.660","fuel prices",19,3,6,"-0.599",negative,false,false,true,WA,"Fuel prices have risen significantly since the U.S.-Israel war on Iran began on Feb. 28. The average price for a gallon of gas in Texas rose from $2.55 in early February to $3.78 at the end of April, according to AAA.","at://did:plc:e5tpuleqbitliydj7npaotqg/app.bsky.feed.post/3mkqdy3ljkc2s"
bluesky,"Apr 30, 2026 @ 10:00:00.000","May 9, 2026 @ 21:01:36.351","May 1, 2026 @ 05:12:22.000","fuel prices",1,0,0,"-0.958",negative,false,false,true,WA,"Wizz Air CEO Jozsef Varadi is sounding a terrifying alarm: European airlines could start collapsing by September if Trump's catastrophic Iran war keeps jet fuel prices at record-shattering highs and Middle East supply chains stay strangled.","at://did:plc:jjheidmljqrsatjic4e6hmm2/app.bsky.feed.post/3mkqczbvggj2g"
bluesky,"Apr 30, 2026 @ 10:00:00.000","May 9, 2026 @ 21:01:36.351","May 1, 2026 @ 05:05:53.575","fuel prices",6,1,2,"-0.382",negative,false,false,true,Unknown,"Sorry for the delay, procedure went longer

Fuel prices to change at midnight

Gas up 7.4 cents 

Diesel up 2.6 cents","at://did:plc:4b4kfd25vqnmewptxzscuuu4/app.bsky.feed.post/3mkqcnogf4s2c"
bluesky,"Apr 30, 2026 @ 10:00:00.000","May 9, 2026 @ 21:01:37.524","May 1, 2026 @ 04:57:18.000","fuel prices",0,0,0,"0.402",positive,false,true,true,Unknown,"Fuel prices across Germany are rising again. Despite seeing a slight reduction in fuel costs in recent weeks, both diesel and Super E10 are currently more expen... https://news.osna.fm/?p=44008  | #news #climb #cuts #despite #fuel","at://did:plc:herztenjlu2bxfu2y57y73oq/app.bsky.feed.post/3mkqc6dizmw2u"
bluesky,"Apr 30, 2026 @ 10:00:00.000","May 9, 2026 @ 21:01:37.525","May 1, 2026 @ 04:55:42.968","fuel prices",1,1,0,"-0.491",negative,false,true,true,Unknown,"How about bringing the ""full power of the state"" to bear on Trump and Netanyahu and tackle the problem at source? 
p.s. Controlling that particular axis of evil would also help massively with world peace, justice, UK projected 6.2% inflation, the refugee crisis and fuel/energy prices!!","at://did:plc:3zh6uvg6dz5r4atgry6vczx7/app.bsky.feed.post/3mkqc3i45a222"
bluesky,"Apr 30, 2026 @ 10:00:00.000","May 9, 2026 @ 21:01:37.525","May 1, 2026 @ 04:54:52.954","fuel prices",1,0,0,"0.62",positive,false,false,true,WA,"Nothing Trump has done has been good for them, tariffs, fuel prices, labor, water, environment, but at least they don't have to worry about trans kids in sports in some place they've never been or a future lacking in American alpha males.

/s","at://did:plc:2nlfru67tg6hkzz3tczccz7p/app.bsky.feed.post/3mkqbzyfshc2o"
bluesky,"Apr 30, 2026 @ 10:00:00.000","May 9, 2026 @ 19:59:59.167","May 1, 2026 @ 04:49:40.365","petrol prices",1,0,0,0,neutral,false,false,false,Unknown,"Parts 1-2/2 — EFTA00429365.jpg
#epsteinweb #efta00429365
https://epsteinweb.org
Available in the iOS app store now!
https://apps.apple.com/us/app/epstein-web/id6758880661","at://did:plc:ndjyym3ihrqu3g25gdztefrv/app.bsky.feed.post/3mkqbqoki6v2y"
bluesky,"Apr 30, 2026 @ 10:00:00.000","May 9, 2026 @ 21:01:37.525","May 1, 2026 @ 04:48:05.218","fuel prices",5,2,4,"-0.155",negative,false,false,true,WA,"The war in Iran has caused a massive crunch in the global supply chain. Virtually nothing has been hit harder than jet fuel. Jet fuel prices are soaring, flight tickets are getting more expensive and some airlines may not survive the crisis.","at://did:plc:iyw6e6ugwyafyvdsrcxbf7nd/app.bsky.feed.post/3mkqbntomnv2b"
bluesky,"Apr 30, 2026 @ 10:00:00.000","May 9, 2026 @ 21:01:37.526","May 1, 2026 @ 04:45:54.104","fuel prices",4,0,3,"-0.519",negative,false,true,true,Unknown,"The aviation industry has experienced jet fuel problems before. But this time is different.

With a shortage and spiking prices, airlines are considering drastic measures, and some might not survive.

My latest reporting for @theworld.org:

theworld.org/stories/2026...","at://did:plc:fxboepnioflbuzgoq3ej3ivp/app.bsky.feed.post/3mkqbjwjkn22c"
bluesky,"Apr 30, 2026 @ 10:00:00.000","May 9, 2026 @ 21:01:37.526","May 1, 2026 @ 04:45:17.000","fuel prices",0,0,0,"-0.226",negative,false,false,true,Unknown,"Passenger carriers vulnerable due to fuel price hike in Latvia / Article

https://www.europesays.com/dk/72194/

Since March of this year, when fuel prices rose sharply, more than 700,000 euros in additional funds have…","at://did:plc:zcfs4a2fl2fgggydypqo56u4/app.bsky.feed.post/3mkqbivoulc2k"
bluesky,"Apr 30, 2026 @ 10:00:00.000","May 9, 2026 @ 21:01:37.526","May 1, 2026 @ 04:41:26.312","fuel prices",8,1,0,"0.807",positive,false,true,true,Victoria,"The Russian Ministry of Energy and the Federal Tax Service have prepared an agreement to be signed with oil companies that will regulate the volume of fuel on the domestic market as well as retail prices for fuel taking into account inflation.

www.kommersant.ru/doc/8633691","at://did:plc:tac5c6r63jw7n2uq4yb4yjl4/app.bsky.feed.post/3mkqbca7xpe25"
bluesky,"Apr 30, 2026 @ 10:00:00.000","May 9, 2026 @ 21:01:37.527","May 1, 2026 @ 04:36:46.364","fuel prices",18,1,8,"-0.624",negative,false,false,true,Unknown,"“As oil and gas companies pocket massive profits from rising fuel prices, new fossil fuel subsidies are a deep betrayal of Canadians struggling with affordability worries and the rising costs of climate disasters,” says @carobrouillette.bsky.social. Yes indeed!","at://did:plc:7aracb6xki6zqbkw4go47msg/app.bsky.feed.post/3mkqazob7ks2b"
bluesky,"Apr 30, 2026 @ 10:00:00.000","May 9, 2026 @ 21:01:37.527","May 1, 2026 @ 04:27:42.218","fuel prices",2,1,1,"-0.56",negative,false,false,true,Unknown,"""For a country like Canada, the world’s 4th largest oil producer, it seems counterintuitive that we are so affected by supply disruptions elsewhere in the world. 

With all our resources and fossil-fuel companies, shouldn’t Canadian gas prices be more insulated from global shocks?"" asks Jory Cohen","at://did:plc:qkwj4hstt5ez4jecdqjpcly2/app.bsky.feed.post/3mkqajf7psk2g"
bluesky,"Apr 30, 2026 @ 10:00:00.000","May 9, 2026 @ 21:01:37.527","May 1, 2026 @ 04:26:07.898","fuel prices",1,0,0,"-0.825",negative,false,false,true,Unknown,"The timeline on BlueSky is full of USians complaining about fuel prices with very little mention of price increases in other countries.  There will be a refugee crisis because of these disruptions, but it's tragic USians are paying an extra $20 to fill their tanks.","at://did:plc:by3yh44sgnj3en7asnenlz4n/app.bsky.feed.post/3mkqaglbbhc2n"
bluesky,"Apr 30, 2026 @ 10:00:00.000","May 9, 2026 @ 21:01:37.527","May 1, 2026 @ 04:18:45.257","fuel prices",0,0,0,"-0.296",negative,false,false,true,Unknown,"Still lower than the Biden administration fuel prices","at://did:plc:6lsjtz4oaqeg4ltze7jzsyit/app.bsky.feed.post/3mkq7zf4xtc2z"
bluesky,"Apr 30, 2026 @ 10:00:00.000","May 9, 2026 @ 21:01:37.527","May 1, 2026 @ 04:15:59.991","fuel prices",1,1,0,0,neutral,false,false,true,Unknown,"
#California   #Export   #fuel   #gas   #Gas prices   #Hormuz   #Iran   #oil   #Strait of Hormuz","at://did:plc:mhqnbglrgmwiuz3kgexbi7uf/app.bsky.feed.post/3mkq7uhnbaz2q"
bluesky,"Apr 30, 2026 @ 10:00:00.000","May 9, 2026 @ 21:01:37.528","May 1, 2026 @ 04:15:04.929","fuel prices",2,1,1,"-0.568",negative,false,true,true,WA,"Core inflation rate hit 3.2% in March

first-quarter growth disappointed at 2%

California gas prices hit $6 per gallon

fuel costs jump nearly 30 cents in a week across the U.S.

WALL STREET DOESN'T CARE","at://did:plc:r2s6xkvew32m6c6kmbo6i5jl/app.bsky.feed.post/3mkq7ssz2s22c"
bluesky,"Apr 30, 2026 @ 10:00:00.000","May 9, 2026 @ 21:01:37.528","May 1, 2026 @ 04:06:25.258","fuel prices",6,0,0,"-0.402",negative,false,true,true,Unknown,"1. run out of comparatively cheaper fuel faster
2. government deficit roars -> austerity applied after
3. inflation roars
4. house prices rise","at://did:plc:2p7a3z4uzfpoepv3aa36ykjq/app.bsky.feed.post/3mkq7ddfykk2j"
bluesky,"Apr 30, 2026 @ 10:00:00.000","May 9, 2026 @ 21:01:37.528","May 1, 2026 @ 04:03:58.091","fuel prices",0,1,0,"-0.915",negative,false,true,true,WA,"ACoM News Briefing Recap | From Oil Shock to Checkout Lines: US–Iran War Drives Global Spike in Consumer Costs
See More: buff.ly/6drTpAz
Rising oil prices and supply chain disruptions from the US–Iran war are driving up costs for fuel, food, and everyday goods worldwide.
#Inflation #ACoM","at://did:plc:rwfl5wpsynnykhvgrqnvte3v/app.bsky.feed.post/3mkq76yg2r52j"
bluesky,"Apr 30, 2026 @ 10:00:00.000","May 9, 2026 @ 21:01:37.528","May 1, 2026 @ 04:02:51.870","fuel prices",0,0,0,0,neutral,false,true,true,Unknown,"What is the military paying for diesel and Mogas and jet fuel? 

Those prices and their inflation should have his attention","at://did:plc:fvfto26xz3icja44kakk6vcf/app.bsky.feed.post/3mkq74xvvtk2g"
bluesky,"Apr 30, 2026 @ 10:00:00.000","May 9, 2026 @ 21:01:37.529","May 1, 2026 @ 04:01:44.020","fuel prices",0,0,0,"-0.891",negative,false,true,true,Unknown,"Soaring fuel prices in Pakistan threaten economic and political crises: Pakistan is facing a severe economic and political crisis driven by soaring fuel prices, which have surged from $300 million to $800 million in oil import bills since the Middle East conflict bega… https://ranked.news/741293?u=b","at://did:plc:42han5exrxyrgdsbwosrp7sy/app.bsky.feed.post/3mkq72yiax72s"
bluesky,"Apr 30, 2026 @ 10:00:00.000","May 9, 2026 @ 19:59:15.480","May 1, 2026 @ 04:01:05.491","petrol Australia",1,0,0,0,neutral,true,true,true,Australia,"Australia currently is paying the equivalent of around $9:30/40 US cents for petrol in some areas.","at://did:plc:wwkkw6wqizk76hbk2n5chywx/app.bsky.feed.post/3mkq6zshi3s2q"
bluesky,"Apr 30, 2026 @ 10:00:00.000","May 9, 2026 @ 19:59:59.168","May 1, 2026 @ 04:00:59.510","petrol prices",0,0,0,"-0.875",negative,false,true,true,Unknown,"Dangote Refinery Increases Petrol and Diesel Prices Amidst Crude Oil Surge: Dangote Refinery has significantly increased its ex-depot prices for petrol and diesel due to rising international crude oil prices. Brent crude surged from $105 per barrel to $125 per barrel,… https://ranked.news/741704?u=b","at://did:plc:42han5exrxyrgdsbwosrp7sy/app.bsky.feed.post/3mkq6zo44oz2l"
bluesky,"Apr 30, 2026 @ 10:00:00.000","May 9, 2026 @ 21:01:37.529","May 1, 2026 @ 04:00:05.960","fuel prices",0,0,0,"-0.844",negative,false,false,true,WA,"🌙 EVENING WRAP
━━━━━━━━━━━━━━━━━━━━

🚀 **Oil Prices Surge to $126/Barrel Amid Iran War Escalation**  
President Trump upholds naval blockade of Iran's ports until nuclear program ends, fueling fears of prolonged Middle East fuel disruptions and hitting wartime highs.

🤖 **US Tech Giants Ramp U...","at://did:plc:ugvpgsga5ffwkh4ytzdzaojk/app.bsky.feed.post/3mkq6xzqkem2j"
bluesky,"Apr 30, 2026 @ 10:00:00.000","May 9, 2026 @ 21:01:37.529","May 1, 2026 @ 03:59:49.277","fuel prices",3,0,1,0,neutral,false,false,true,Unknown,"The average price of a gallon of gas in California has officially crossed the $6-gallon mark, according to new data from a AAA fuel prices report Thursday. See a map of prices across the U.S.: https://www.kcra.com/article/california-gas-prices-above-6-dollars-sacramento-stockton-modesto/71176263?!2 ","at://did:plc:vrubrfg6mqsnd47t5zwv3crm/app.bsky.feed.post/3mkq6xjsesk2j"
bluesky,"Apr 30, 2026 @ 10:00:00.000","May 9, 2026 @ 21:01:37.530","May 1, 2026 @ 03:58:09.671","fuel prices",5,1,0,"-0.691",negative,false,true,true,WA,"Filled up this evening at my local petrol station. As I stood there, nozzle in hand, my mind wandered to all those poor Americans. I haven't ""done the math"" what with them having gallons and a different currency and all. But you've only got to listen to them to know how bad their fuel prices are.","at://did:plc:3fw2tc7zh6i67qimfljzkc4j/app.bsky.feed.post/3mkq6ukrtvk2v"
bluesky,"Apr 30, 2026 @ 10:00:00.000","May 9, 2026 @ 21:01:37.530","May 1, 2026 @ 03:55:36.643","fuel prices",1,0,1,"-0.772",negative,false,false,true,WA,"""Diesel, meanwhile, cost about $7.50 per gallon on average in California on Thursday, a 47% increasse since the war broke out on Feb. 28. Diesel is essential for the economy ...""

California gas prices hit $6 per gallon as fuel costs jump nearly 30 cents in a week across the U.S. cnb.cx/4d28T6V","at://did:plc:wcx7bny6hb4h5toulnuo4h4l/app.bsky.feed.post/3mkq6pytuh22n"
bluesky,"Apr 30, 2026 @ 10:00:00.000","May 9, 2026 @ 21:01:37.530","May 1, 2026 @ 03:52:08.140","fuel prices",0,0,0,0,neutral,false,false,false,Unknown,"Meanwhile, back at the pump
""Gas prices are the highest they’ve been in four years, since late July 2022.""
gasprices.aaa.com/oil-prices-s...","at://did:plc:wlaockadnrw3orei4yvlphxf/app.bsky.feed.post/3mkq6jrytb22c"
bluesky,"Apr 30, 2026 @ 10:00:00.000","May 9, 2026 @ 21:01:37.530","May 1, 2026 @ 03:50:02.775","fuel prices",4,1,2,"-0.751",negative,false,false,true,WA,"The war in Iran has nearly doubled jet fuel prices in the US, driving up the cost for wildfire-fighting aircraft operations this summer. Taxpayers will be the ones to fork over 10s of millions of dollars this year to cover the cost of fighting those fires. 
.","at://did:plc:7knipmiokgq2burctkh43xhz/app.bsky.feed.post/3mkq6g2gxjk2z"
bluesky,"Apr 30, 2026 @ 10:00:00.000","May 9, 2026 @ 21:01:37.531","May 1, 2026 @ 03:46:15.166","fuel prices",0,0,0,"-0.556",negative,false,false,true,Unknown,"Capitalism isn't compatible with too big to fail

Airlines like Spirit and Frontier aren't bankrupt bc of fuel prices - they're bankrupt bc their business model doesn't work

Stop saving bad businesses. Let capitalism thin the herd","at://did:plc:zobtpiewgl3n2eresbjtzqo6/app.bsky.feed.post/3mkq67bew3k2c"
bluesky,"Apr 30, 2026 @ 10:00:00.000","May 9, 2026 @ 21:01:37.531","May 1, 2026 @ 03:45:35.582","fuel prices",2,1,2,"-0.796",negative,false,false,true,Unknown,"fuck Trump, fuel prices are destroying my small business.","at://did:plc:htfunq76ipqugfyjdhr7glds/app.bsky.feed.post/3mkq663mxs225"
bluesky,"Apr 30, 2026 @ 10:00:00.000","May 9, 2026 @ 21:01:37.532","May 1, 2026 @ 03:45:32.940","fuel prices",0,0,0,"0.494",positive,false,true,true,Unknown,"U.S. consumer spending on gasoline and other energy goods increased significantly in March, rising $81.3 billion. Rising fuel costs are impacting households nationwide, with many areas seeing gas prices exceed $4/gallon.","at://did:plc:jldwyrazfdid3c7qyxq2eyyf/app.bsky.feed.post/3mkq65zaeve2r"
bluesky,"Apr 30, 2026 @ 10:00:00.000","May 9, 2026 @ 21:01:37.532","May 1, 2026 @ 03:43:10.123","fuel prices",6,1,0,"-0.084",negative,false,false,true,WA,"I think you've identified an opportunity. If Trump passes an executive order prohibiting the public display of fuel prices, this problem will go away overnight.","at://did:plc:mta7ttupv44axypnxroqhpx2/app.bsky.feed.post/3mkq5zqvtzs26"
bluesky,"Apr 30, 2026 @ 10:00:00.000","May 9, 2026 @ 21:01:37.532","May 1, 2026 @ 03:38:11.401","fuel prices",2,0,2,"-0.848",negative,false,false,true,WA,"Did you know the war in Iran and Lebanon could cost us over $1 trillion? 😱 With fossil fuel prices skyrocketing, families are feeling the pinch. https://www.climatechangenews.com/2026/04/30/what-fossil-fuels-really-cost-us-in-a-world-at-war/","at://did:plc:5pvcdg3acdpg54er3af2di7w/app.bsky.feed.post/3mkq5quicbm27"
bluesky,"Apr 30, 2026 @ 10:00:00.000","May 9, 2026 @ 19:59:40.375","May 1, 2026 @ 03:31:29.483","diesel Australia",0,0,0,"-0.25",negative,true,false,true,Australia,"Cue diesel shortage in Developing World + Australia/NZ
in 3..2..1...

#springplanting
#tractors
#diesel
#fishingboats
#diesel","at://did:plc:bns72e4q4kjm5d6e5dktgyhk/app.bsky.feed.post/3mkq5eupyck2a"
bluesky,"Apr 30, 2026 @ 10:00:00.000","May 9, 2026 @ 21:01:37.533","May 1, 2026 @ 03:25:49.455","fuel prices",0,0,0,"-0.273",negative,false,false,true,Unknown,"Drivers cut fuel spending as petrol prices surge","at://did:plc:fplafesjf6ukdepg4x2xuomh/app.bsky.feed.post/3mkq52qmbtl2y"
bluesky,"Apr 30, 2026 @ 10:00:00.000","May 9, 2026 @ 21:01:37.533","May 1, 2026 @ 03:18:27.772","fuel prices",1,0,0,"-0.765",negative,false,true,true,WA,"2 months later, and we are still fighting a war Trump claimed he won the first week. $60 billion in taxpayer money spent, and Trump's war has achieved nothing more the closure of the Strait of Hormuz, and higher fuel, food, and clothing prices for the entire world.","at://did:plc:of6etixy2q2fbds2fydkumxn/app.bsky.feed.post/3mkq4nla3n22m"
bluesky,"Apr 30, 2026 @ 10:00:00.000","May 9, 2026 @ 21:01:37.534","May 1, 2026 @ 03:18:18.370","fuel prices",0,0,0,"-0.765",negative,false,true,true,WA,"2 months later, and we are still fighting a war Trump claimed he won the first week. $60 billion in taxpayer money spent, and Trump's war has achieved nothing more the closure of the Strait of Hormuz, and higher fuel, food, and clothing prices for the entire world.","at://did:plc:of6etixy2q2fbds2fydkumxn/app.bsky.feed.post/3mkq4ncb4zc2m"
bluesky,"Apr 30, 2026 @ 10:00:00.000","May 9, 2026 @ 21:01:37.534","May 1, 2026 @ 03:16:55.526","fuel prices",3,2,0,"0.612",positive,false,true,true,Unknown,"And, as he expected, rerouting tankers from the Middle East to the U.S. has effectively decoupled consumer fuel prices from Brent prices as the U.S. is experiencing a pretty rapid drop in inventory.","at://did:plc:umncueb2ocbv72q76q2xxqov/app.bsky.feed.post/3mkq4ktb4js2y"
bluesky,"Apr 30, 2026 @ 10:00:00.000","May 9, 2026 @ 21:01:37.534","May 1, 2026 @ 03:16:16.506","fuel prices",0,0,0,"-0.84",negative,false,true,true,WA,"Iran war costs already hit $25 billion and jet fuel prices are skyrocketing. Taxpayers foot the bill for endless conflict while wildfire fighting budgets explode. Enough!
www.npr.org/2026/04/30/n...

#WarCosts #ClimateAction #FundOurFuture","at://did:plc:u4rdpok267o3qxpd2s4esued/app.bsky.feed.post/3mkq4jo266k2j"
bluesky,"Apr 30, 2026 @ 10:00:00.000","May 9, 2026 @ 20:03:55.306","May 1, 2026 @ 03:13:30.557","rent Sydney",0,0,0,"0.718",positive,true,true,false,NSW,"When one woman lives in a political parties head rent free. It's a sign of a mental issue.
www.boredtrashpanda.com/52284/sydney...","at://did:plc:hrgpfvsjuyphsuso5cijqpcr/app.bsky.feed.post/3mkq4eprrn22p"
bluesky,"Apr 30, 2026 @ 10:00:00.000","May 9, 2026 @ 21:01:37.534","May 1, 2026 @ 03:12:58.281","fuel prices",5,0,0,"-0.44",negative,false,false,true,Unknown,"A lot of tractors can hold up to 200 gallons, and, at 7.4 miles per gallons that would get the driver 1480 miles before having to refuel again..at ridiculous prices that most of us could never afford. I rather imagine it is the owner operator truck drivers who r having a hard time w the fuel prices","at://did:plc:r4yunfqszqhenf7zrjxiijpn/app.bsky.feed.post/3mkq4dqyt3c2u"
bluesky,"Apr 30, 2026 @ 10:00:00.000","May 9, 2026 @ 21:01:37.535","May 1, 2026 @ 03:09:49.794","fuel prices",0,1,0,"0.827",positive,false,true,true,WA,"At the moment we have safer high fuel prices, inflation etc. and Iranian leader told some hours ago that 90 Millions of Iranians will defend Nuclear technology and military told a weapon of surprise is upcoming. Always winning. 🥳","at://did:plc:ungdwnfvunz2oh3i3vl4nwqb/app.bsky.feed.post/3mkq465amrc2n"
bluesky,"Apr 30, 2026 @ 10:00:00.000","May 9, 2026 @ 21:01:37.535","May 1, 2026 @ 03:03:03.000","fuel prices",0,0,0,"-0.599",negative,false,false,true,WA,"California gas prices hit $6 as Iran war drives fuel costs higher

https://www.europesays.com/iran/91364/

Gas prices are displayed at a Mobil gas station as the moon rises on March 30, 2026 in…","at://did:plc:msian4dqa2rqalf3biilnf3m/app.bsky.feed.post/3mkq3s57hjk2a"
bluesky,"Apr 30, 2026 @ 10:00:00.000","May 9, 2026 @ 21:01:37.535","May 1, 2026 @ 03:02:34.391","fuel prices",0,0,0,"-0.421",negative,false,false,true,WA,"📢 Waste management outfit WasteCo Group uses about 2.5 million litres of fuel a year. Chair Roger Gower said prices for diesel have probably doubled for the...","at://did:plc:cgnoycruicy3dngoqwmfodhr/app.bsky.feed.post/3mkq3r63w6e2y"
bluesky,"Apr 30, 2026 @ 10:00:00.000","May 9, 2026 @ 21:01:37.535","May 1, 2026 @ 03:00:24.000","fuel prices",0,0,0,"-0.599",negative,false,false,true,WA,"California gas prices hit $6 as Iran war drives fuel costs higher

https://www.europesays.com/iran/91364/

Gas prices are displayed at a Mobil gas station as the moon rises on March 30, 2026 in…","at://did:plc:lm2uhaoqoe6yo76oeihndfyi/app.bsky.feed.post/3mkq3ndgj4i2d"
bluesky,"Apr 30, 2026 @ 10:00:00.000","May 9, 2026 @ 21:01:37.536","May 1, 2026 @ 03:00:23.000","fuel prices",0,0,0,"-0.599",negative,false,false,true,WA,"California gas prices hit $6 as Iran war drives fuel costs higher

https://www.europesays.com/iran/91364/

Gas prices are displayed at a Mobil gas station as the moon rises on March 30, 2026 in…","at://did:plc:wiuqiruv62xilr6p43bdyep5/app.bsky.feed.post/3mkq3nczmur2j"
bluesky,"Apr 30, 2026 @ 10:00:00.000","May 9, 2026 @ 21:01:37.536","May 1, 2026 @ 02:59:05.062","fuel prices",0,0,0,"-0.872",negative,false,false,true,WA,"No the high prices even if temporary are driving demand destruction. Countries won’t switch back from solar to coal/gas. And the uncertainty of war is more incentive to switch than taxes which fossil fuel companies can often overturn.","at://did:plc:usqb4qansbo4huisaah3zmbe/app.bsky.feed.post/3mkq3kwexoc25"
bluesky,"Apr 30, 2026 @ 10:00:00.000","May 9, 2026 @ 21:01:37.536","May 1, 2026 @ 02:55:59.323","fuel prices",2,0,1,"0.71",positive,false,false,true,WA,""" #European leaders should show courage and responsibility toward their people, instead of speaking to them only about fuel prices. Meanwhile, #Ukraine is fighting for its freedom and ours.""       @deskrussia.bsky.social    @pourlukraine.bsky.social 

 desk-russie.info/2026/04/27/g...","at://did:plc:unw7n64vorgethyzszayuu3o/app.bsky.feed.post/3mkq3ffapv223"
bluesky,"Apr 30, 2026 @ 10:00:00.000","May 9, 2026 @ 21:01:37.536","May 1, 2026 @ 02:50:35.000","fuel prices",0,0,0,"-0.599",negative,false,false,true,WA,"California gas prices hit $6 as Iran war drives fuel costs higher

https://www.newsbeep.com/512704/

Gas prices are displayed at a Mobil gas station as the moon rises on March 30, 2026 in…","at://did:plc:gi6gydeibb64wvhwm6tehjht/app.bsky.feed.post/3mkq33uajgs2i"
bluesky,"Apr 30, 2026 @ 10:00:00.000","May 9, 2026 @ 21:01:37.537","May 1, 2026 @ 02:50:20.263","fuel prices",65,1,11,"0.061",positive,false,true,true,WA,"Sen. Gillibrand: ""I don't know if you fully appreciate how much the American people do not support this war…They're feeling it every single day at the gas pump with higher prices for fuel…They're also feeling it with higher grocery costs, and they're exhausted.""","at://did:plc:vunhim5ios6uyjradxi6b4b2/app.bsky.feed.post/3mkq33c64ir26"
bluesky,"Apr 30, 2026 @ 10:00:00.000","May 9, 2026 @ 21:01:37.537","May 1, 2026 @ 02:43:12.989","fuel prices",0,0,0,"-0.599",negative,false,false,true,WA,"California gas prices hit $6 as fuel costs jump again due to Iran war 

www.cnbc.com/2026/04/30/c...","at://did:plc:adi44sl5v37omx32ufnn7orj/app.bsky.feed.post/3mkq2okfzuc25"
bluesky,"Apr 30, 2026 @ 10:00:00.000","May 9, 2026 @ 21:01:37.537","May 1, 2026 @ 02:41:16.000","fuel prices",1,0,0,"0.625",positive,false,false,true,Unknown,"This episode discusses  ""why U.S. fuel inventories are nearing operational minimums, why gas prices may keep rising even if oil doesn’t, and how false reports of peace talks may be distorting markets rather than calming them.""","at://did:plc:47kg2xynp6n3ej7mwr22tiy2/app.bsky.feed.post/3mkq2l3tflj2d"
bluesky,"Apr 30, 2026 @ 10:00:00.000","May 9, 2026 @ 21:01:37.537","May 1, 2026 @ 02:38:04.748","fuel prices",0,0,0,"-0.832",negative,false,true,true,WA,"Venezuelan ex Pres. Maduro used that argument, blaming spiraling grocery prices on the supermarkets. US Pres.  Carter blamed gas stations for spiraling fuel prices. Neither strategy was survivable.","at://did:plc:j65cxapypimtrkbthleimtmy/app.bsky.feed.post/3mkq2fehcac2c"
bluesky,"Apr 30, 2026 @ 10:00:00.000","May 9, 2026 @ 21:01:37.537","May 1, 2026 @ 02:34:58.894","fuel prices",2,1,1,"-0.361",negative,false,false,true,Unknown,"Saw a story about that. Even with those prices, the station's on the verge of bankruptcy, because it costs so very much to get the gas trucked in up there (the truck fuel prices are truly horrific).","at://did:plc:h767zfbpz2blfxsjvfguo2f4/app.bsky.feed.post/3mkq27t7gac2d"
bluesky,"Apr 30, 2026 @ 10:00:00.000","May 9, 2026 @ 21:01:37.538","May 1, 2026 @ 02:32:43.345","fuel prices",0,0,0,"-0.84",negative,false,false,true,WA,"How tariffs and war are hurting California small businesses

Small retailers — facing higher costs, uncertainty from tariffs and now rising fuel and shipping prices — wonder how long they can survive.

calmatters.org/economy/2026...","at://did:plc:5uvup5wdsap5kleyhrm4rbl7/app.bsky.feed.post/3mkq23rws622c"
bluesky,"Apr 30, 2026 @ 10:00:00.000","May 9, 2026 @ 21:01:37.538","May 1, 2026 @ 02:32:25.689","fuel prices",2,0,0,"0.273",positive,false,true,true,Unknown,"""With fossil fuel prices skyrocketing & NYers struggling to pay their utility bills & fill up their cars, implementing a program that raises revenue to help NYers reduce their dependence on gas & oil would promote affordability, not hinder it."" Josh Berman Sierra Club bit.ly/3OME269","at://did:plc:mxeqlbr6wpjrmuctearpjv5n/app.bsky.feed.post/3mkq23b3zwk2x"
bluesky,"Apr 30, 2026 @ 10:00:00.000","May 9, 2026 @ 21:01:38.684","May 1, 2026 @ 02:32:22.288","fuel prices",1,0,0,"-0.772",negative,false,true,true,Unknown,"Once again, stealing solar energy that should rightfully be yours during a cost of living crisis exacerbated by fuel prices","at://did:plc:7ga7ytordd6lqwg76q5xghdy/app.bsky.feed.post/3mkq235u7o22s"
bluesky,"Apr 30, 2026 @ 10:00:00.000","May 9, 2026 @ 21:01:38.684","May 1, 2026 @ 02:31:40.000","fuel prices",0,0,0,"0.599",positive,false,false,true,Unknown,"fuelaround.me UK fuel update (2026-04-30 15:00 UTC)
Unleaded: min 151.9p/L | avg 156.6p/L | max 160.9p/L | Δ avg +0.0p
Super Unleaded: min 162.9p/L | avg 174.0p/L | max 184.9p/L | Δ avg +0.0p
Diesel: min 181.9p/L | avg 188.9p/L | max 194.8p/L | Δ avg -0.0p
Source: fuelaround.me","at://did:plc:mxll3gbfcldenrvavnzpt57n/app.bsky.feed.post/3mkpzzwqmjn2h"
bluesky,"Apr 30, 2026 @ 10:00:00.000","May 9, 2026 @ 21:01:38.684","May 1, 2026 @ 02:24:35.255","fuel prices",0,1,0,"-0.128",negative,false,true,true,WA,"📰 #Finance

""After weeks of fuel inflation across Asia and Europe, higher pump prices are now starting to intensify in the US as war-driven energy shocks show little sign of abating.""","at://did:plc:4aeinxjwao74le6dktiiyxg4/app.bsky.feed.post/3mkpznap6uz2v"
bluesky,"Apr 30, 2026 @ 10:00:00.000","May 9, 2026 @ 19:59:40.375","May 1, 2026 @ 02:14:25.784","diesel Australia",2,0,1,"-0.128",negative,true,true,true,Australia,"Netflix Australia powers APEX’s base camp with a #hydrogen generator, cutting diesel use. Starring Charlize Theron & Taron Egerton, the film showcases #sustainableproduction. EODev continues driving greener sets. 

#HydrogenNow #CleanEnergy #Sustainability #FilmIndustry

fcw.sh/GjZFmR","at://did:plc:sfls75zt7ttplqojhgntmxnb/app.bsky.feed.post/3mkpz337wa22r"
bluesky,"Apr 30, 2026 @ 10:00:00.000","May 9, 2026 @ 21:01:38.684","May 1, 2026 @ 02:06:44.000","fuel prices",22,8,14,0,neutral,false,false,true,Unknown,"California gas prices hit $6 per gallon as fuel costs jump nearly 30 cents in a week across the U.S.","at://did:plc:m7ks2xhfuku7errrtfjux2lg/app.bsky.feed.post/3mkpyndpd7o2x"
bluesky,"Apr 30, 2026 @ 10:00:00.000","May 9, 2026 @ 21:01:38.685","May 1, 2026 @ 02:05:06.673","fuel prices",3,1,0,"0.226",positive,false,true,true,WA,"The thing about putting fuel in your car is that you tend to do it one of two ways: you fill your tank, or you put in a set amount of money's worth. Do either of those things, you get an immediate sense of current prices.

Why try persuading people up is down here?","at://did:plc:mhzudjib7boip3hqda3vaxyr/app.bsky.feed.post/3mkpykfz6g227"
bluesky,"Apr 30, 2026 @ 10:00:00.000","May 9, 2026 @ 21:01:38.685","May 1, 2026 @ 02:02:52.291","fuel prices",0,0,0,"-0.599",negative,false,false,true,WA,"California gas prices hit $6 as fuel costs jump again due to Iran war","at://did:plc:zeckpjbmm5nwwpgjyzcxg7ct/app.bsky.feed.post/3mkpygfu6xs2p"
bluesky,"Apr 30, 2026 @ 10:00:00.000","May 9, 2026 @ 21:01:38.685","May 1, 2026 @ 02:01:23.000","fuel prices",1,1,0,"-0.103",negative,false,true,true,Unknown,"Global energy markets are on edge as oil prices surge following reports of possible US strikes on Iran. This volatility could lead to higher fuel costs for drivers worldwide. Sources: BBC, Axios. #Geopolitics #Markets #IranConflict","at://did:plc:3aejwhzmjnridhzl4xzz72ib/app.bsky.feed.post/3mkpydsx5fh2g"
bluesky,"Apr 30, 2026 @ 10:00:00.000","May 9, 2026 @ 21:01:38.685","May 1, 2026 @ 01:59:39.515","fuel prices",1,0,0,"0.75",positive,false,true,true,Unknown,"the money I saved by going to zero sphere shows will not only pay my annual house taxes, all of my car fuel bills, and a huge chunk of my annual Grocery and electricity bills--but also allow me to afford summer tour in style. 

I'm honestly disillusioned with them allowing prices to get so high","at://did:plc:sg7e6mdojeqp3cr5szoy3u5l/app.bsky.feed.post/3mkpyanz65225"
bluesky,"Apr 30, 2026 @ 10:00:00.000","May 9, 2026 @ 21:01:38.686","May 1, 2026 @ 01:47:11.187","fuel prices",1,0,0,"-0.625",negative,false,false,true,Unknown,"[Detailed Summary]
The soaring prices of fuel (diesel at €2.21/L) and the kerosene crisis, intensified by Middle Easter...

Source: https://www.francia24.com/prezzi-del-carburante-a-picco-studente-a-un-euro-trump-minaccia-lormus-azure-vola-londra-trema-russia-cina-a-guerra-meteo-parigi-e-milano/","at://did:plc:uuykykkdbtq2plsexeztdhpf/app.bsky.feed.post/3mkpxkefr2d2z"
bluesky,"Apr 30, 2026 @ 10:00:00.000","May 9, 2026 @ 21:01:38.686","May 1, 2026 @ 01:40:50.811","fuel prices",0,0,0,"0.44",positive,false,false,true,Unknown,"Couldn't have said it better myself. This picture is the entire reason fuel prices are so high and supplies are dwindling","at://did:plc:k5zvk4c2xbvm7gtqsfwz4tp2/app.bsky.feed.post/3mkpx6zlt5s2t"
bluesky,"Apr 30, 2026 @ 10:00:00.000","May 9, 2026 @ 21:01:38.686","May 1, 2026 @ 01:37:20.168","fuel prices",2,1,0,"-0.649",negative,false,false,true,Unknown,"Bloody hell. That's pretty much UK prices. Your fuel used to be so, so much less than ours","at://did:plc:3h74jcjpmymjr2hs7q2eat4j/app.bsky.feed.post/3mkpwyqpi4s2a"
bluesky,"Apr 30, 2026 @ 10:00:00.000","May 9, 2026 @ 21:01:38.686","May 1, 2026 @ 01:35:30.903","fuel prices",4,0,0,"0.475",positive,false,false,true,WA,"And UK/EU equivalent prices...

Around double those 

US fuel is too cheap anyway... get smaller more efficient cars","at://did:plc:ofjcnv6sqeligvlib6xyz3vv/app.bsky.feed.post/3mkpwviixzk2y"
bluesky,"Apr 30, 2026 @ 10:00:00.000","May 9, 2026 @ 21:01:38.686","May 1, 2026 @ 01:28:17.570","fuel prices",0,0,2,"-0.751",negative,false,true,true,WA,"Rising Fuel Prices Force Policymakers to Weigh Excruciating Choices.

The Bank of England and European Central Bank held interest rates steady as officials search for signs of possible longer-term damage and warn of the impact of a prolonged energy shock.

 www.nytimes.com/2026/04/30/b...","at://did:plc:byhvqoli3yaphgirtkggqe2w/app.bsky.feed.post/3mkpwilaqak23"
bluesky,"Apr 30, 2026 @ 10:00:00.000","May 9, 2026 @ 21:01:38.687","May 1, 2026 @ 01:27:58.982","fuel prices",1,0,0,"-0.599",negative,false,false,true,WA,"📰 Conservative ‘Squawk Box’ host tussles with Scalise over gas prices

A conservative TV host pressed House Majority Leader Steve Scalise (R-La.) on Thursday about rising fuel prices across the U.S. as the war in Iran stretche…

https://viewlinemedia.com/article/75337

#ViewlineNews #UKNews #US","at://did:plc:t3xsuszszej25hvctcui4wie/app.bsky.feed.post/3mkpwhznf2m2s"
bluesky,"Apr 30, 2026 @ 10:00:00.000","May 9, 2026 @ 21:01:38.687","May 1, 2026 @ 01:24:47.646","fuel prices",1,0,0,"0.371",positive,false,false,true,WA,"No war without cash.
Close your wallet; Economic chaos and overpricing;
Create local and state wide cooperatives to keep money close to workers and community, without 12 Asterix levels.
Get rid of gop business, boycott air travel to save tons of fuel. Break lobby prices buying direct via coops.","at://did:plc:dn2jkgucy3acbuklxcavzghs/app.bsky.feed.post/3mkpwcd2dec24"
bluesky,"Apr 30, 2026 @ 10:00:00.000","May 9, 2026 @ 21:01:38.687","May 1, 2026 @ 01:15:00.087","fuel prices",12,1,1,"0.34",positive,false,false,true,WA,"Jacking up fuel prices to decades high right at the beginning of planting season is a great way to lose the farmer vote","at://did:plc:y2pk4u2kz5tgsl3dmloeqmd6/app.bsky.feed.post/3mkpvqsphbk2h"
bluesky,"Apr 30, 2026 @ 10:00:00.000","May 9, 2026 @ 19:59:34.341","May 1, 2026 @ 01:13:27.060","fuel Australia",11,0,5,"-0.082",negative,true,false,true,Australia,"This Has Happened To Russia, YAY
Ukraine 🇺🇦, But Also In India,
Australia, The US And The Middle
East,Which Won't Help With Fuel
Costs.......","at://did:plc:s3m33wvdsixxr2ifnkldlfp3/app.bsky.feed.post/3mkpvnzykkc2s"
bluesky,"Apr 30, 2026 @ 10:00:00.000","May 9, 2026 @ 21:01:38.687","May 1, 2026 @ 01:11:01.137","fuel prices",0,0,0,"0.128",positive,false,false,true,Unknown,"📉 #Bonds

""A group of Air Baltic Corp’s bondholders have hired legal advisers as Latvia’s state-backed airline scrambles to deal with its dwindling cash reserves and soaring fuel prices.""","at://did:plc:4aeinxjwao74le6dktiiyxg4/app.bsky.feed.post/3mkpvjp2yap2s"
bluesky,"Apr 30, 2026 @ 10:00:00.000","May 9, 2026 @ 21:01:38.688","May 1, 2026 @ 01:09:13.500","fuel prices",10,2,3,"0.84",positive,false,true,true,Unknown,"We will bring down energy bills and protect you from volatile fossil fuel prices through an emergency insulation programme and by accelerating the rollout of smart climate-friendly heating and solar panels.

We will use cheaper, cleaner energy to power Scotland securely.","at://did:plc:drbignlpjvdelhwnxs7cz2rt/app.bsky.feed.post/3mkpvgi6if22h"
bluesky,"Apr 30, 2026 @ 10:00:00.000","May 9, 2026 @ 21:01:38.688","May 1, 2026 @ 01:08:23.017","fuel prices",0,0,0,"0.802",positive,false,false,true,Unknown,"Pretty certain all the US Oil Companies will also. The profits should be directly to reduce fuel prices for consumers. Executives don't deserve the unearned money.","at://did:plc:yfmsufsphulfqqjsogdexkcp/app.bsky.feed.post/3mkpvexzulc2m"
bluesky,"Apr 30, 2026 @ 10:00:00.000","May 9, 2026 @ 20:00:39.014","May 1, 2026 @ 01:05:46.074","groceries Australia",2,0,0,"-0.752",negative,true,true,false,WA,"No surprise that supermarkets in Australia are warning of more price hikes on groceries. We already pay more than anywhere else in the world for groceries and most other things along with NZ. This is going to send some families broke.","at://did:plc:wwkkw6wqizk76hbk2n5chywx/app.bsky.feed.post/3mkpvacedwk2o"
bluesky,"Apr 30, 2026 @ 10:00:00.000","May 9, 2026 @ 21:01:38.688","May 1, 2026 @ 01:04:42.441","fuel prices",1,1,0,"-0.855",negative,false,false,true,Unknown,"P.S. Minnesota: come for the weather, league-leading pro sports teams, and low taxes.

(OK, I'm fibbing. I think fuel taxes are modest, but it's having refineries that run on Canadian crude that keeps fuel prices on the lower side.)","at://did:plc:bv6n7ajg6lsevko6xkjnlg2s/app.bsky.feed.post/3mkpv6fohck2j"
bluesky,"Apr 30, 2026 @ 10:00:00.000","May 9, 2026 @ 21:01:38.688","May 1, 2026 @ 01:03:49.586","fuel prices",0,0,0,"0.599",positive,false,false,true,Unknown,"⛽ UK Average Fuel Prices — Thu 30 Apr

Unleaded E10: 157.3p/L
Super Unleaded: 174.6p/L
Diesel: 189.2p/L

Prices from 7,600+ UK stations 🇬🇧
#UKFuel #FuelPrices #Pumpr","at://did:plc:3nsufmrqboehgzars6m7tsfy/app.bsky.feed.post/3mkpv4teay62q"
bluesky,"Apr 30, 2026 @ 10:00:00.000","May 9, 2026 @ 21:01:38.689","May 1, 2026 @ 01:01:52.373","fuel prices",1,0,0,"0.103",positive,false,false,true,WA,"I have a question. Watching BBC this morning in Ireland they had a spot on the oil price it had risen to over $125 a barrel fine but underneath that it said "" delivery in June "" so that means fuel prices shouldn't go up till that oil hits us in June meaning they are price gouging putting it up now.","at://did:plc:i7capg4vml3utgjz6372nmxd/app.bsky.feed.post/3mkpuzdiecc2s"
bluesky,"Apr 30, 2026 @ 10:00:00.000","May 9, 2026 @ 21:01:38.689","May 1, 2026 @ 00:59:55.000","fuel prices",0,1,0,"-0.599",negative,false,false,true,WA,"The costs are already leaving the Pentagon budget. NPR says the war has nearly doubled US jet fuel prices, pushing wildfire aircraft fuel costs toward a possible $100M this season.","at://did:plc:birnz6crksoiqup2tah3q2dv/app.bsky.feed.post/3mkpuvugtlb2l"
bluesky,"Apr 30, 2026 @ 10:00:00.000","May 9, 2026 @ 21:01:38.689","May 1, 2026 @ 00:52:25.494","fuel prices",0,0,0,"-0.202",negative,false,true,true,Unknown,"April data shows U.S. inflation hit a 4-year high with the Prices Charged Index at 57.0, as firms pass rising fuel and logistics costs to consumers. #SMI #USA #Economy https://www.worldeconomics.com/SalesManagersIndex/UnitedStates/UnitedStatesOfAmerica.aspx","at://did:plc:qi7fuotnx6neapp7zkitmq2u/app.bsky.feed.post/3mkpuigzrvj2c"
bluesky,"Apr 30, 2026 @ 10:00:00.000","May 9, 2026 @ 21:01:38.689","May 1, 2026 @ 00:50:39.126","fuel prices",0,0,0,0,neutral,false,false,true,Unknown,"2026-04-30 22:39:26 - Hassett, director of the White House National Economic Council, responded to questions about aviation fuel prices, predicting that oil prices will rise after the opening of the Strait of Hormuz.","at://did:plc:xhrtfphu4gzqrztkpb3a63qf/app.bsky.feed.post/3mkpufbk26h2x"
bluesky,"Apr 30, 2026 @ 10:00:00.000","May 9, 2026 @ 21:01:38.689","May 1, 2026 @ 00:50:26.064","fuel prices",0,0,0,"0.612",positive,false,true,true,Unknown,"2026-04-30 22:37:34 - Total Energy SA has capped fuel prices during public holidays in France.","at://did:plc:xhrtfphu4gzqrztkpb3a63qf/app.bsky.feed.post/3mkpuev35jp2x"
bluesky,"Apr 30, 2026 @ 10:00:00.000","May 9, 2026 @ 21:01:38.689","May 1, 2026 @ 00:48:05.305","fuel prices",0,0,1,"-0.869",negative,false,false,true,WA,"Headlines April 30, 2026:
- Oil Prices Soar to Wartime High as Standoff Shows No End in Sight
- Iranians Live With Pain and Powerlessness, Beneath a Veneer of Normalcy
- Rising Fuel Prices Could Force Excruciating Choices on Economic Policies
#nyt","at://did:plc:4jbe745upwz4gst6hppw2a5m/app.bsky.feed.post/3mkpuaostxq27"
bluesky,"Apr 30, 2026 @ 10:00:00.000","May 9, 2026 @ 21:01:38.690","May 1, 2026 @ 00:46:41.000","fuel prices",0,0,0,"-0.872",negative,false,false,true,WA,"Air France-KLM trims 2026 outlook over Middle East war impact | National

https://www.europesays.com/france/10527/

Air France-KLM cut its 2026 outlook, saying higher fuel prices caused by the Middle East war would expand…","at://did:plc:msian4dqa2rqalf3biilnf3m/app.bsky.feed.post/3mkpu6bgu7r2t"
bluesky,"Apr 30, 2026 @ 10:00:00.000","May 9, 2026 @ 21:01:38.690","May 1, 2026 @ 00:45:15.000","fuel prices",0,0,0,"-0.872",negative,false,false,true,WA,"Air France-KLM trims 2026 outlook over Middle East war impact | National

https://www.europesays.com/france/10527/

Air France-KLM cut its 2026 outlook, saying higher fuel prices caused by the Middle East war would expand…","at://did:plc:pwyrvoajqcy4ovljrticprdx/app.bsky.feed.post/3mkpu3o3lnu24"
bluesky,"Apr 30, 2026 @ 10:00:00.000","May 9, 2026 @ 21:01:38.690","May 1, 2026 @ 00:44:33.815","fuel prices",0,0,0,"0.341",positive,false,false,true,Unknown,"Don't worry JD Vance's investments in AcreTrader will be there to buy the family farm for foreign investors.

Probably the very people raising the prices on their diesel fuel.","at://did:plc:3tsrkwklsvmf7z6ca2bo5xfd/app.bsky.feed.post/3mkpu2f22jk2c"
bluesky,"Apr 30, 2026 @ 10:00:00.000","May 9, 2026 @ 21:01:38.690","May 1, 2026 @ 00:43:56.067","fuel prices",0,0,0,"0.361",positive,false,true,true,Unknown,"What better argument for Green Energy than Trumpy causing fossil fuel prices to go through the roof? Solar,wind,etc doesn’t have to go through the Strait of Hormuz & can be stored locally in batteries that aren’t the size of oil tankers.

Fk the oil companies too","at://did:plc:hyvdk7h274jqt3yyguvqmsp6/app.bsky.feed.post/3mkptzb247s2o"
bluesky,"Apr 30, 2026 @ 10:00:00.000","May 9, 2026 @ 21:01:38.690","May 1, 2026 @ 00:42:14.129","fuel prices",0,0,0,"0.481",positive,false,false,true,Unknown,"NEWS ALERT:
Record high fuel prices today!

Scott is sniffing gas fumes.","at://did:plc:u2w2yowk7ppfir5jmfk4j4ha/app.bsky.feed.post/3mkptw7taek2k"
bluesky,"Apr 30, 2026 @ 10:00:00.000","May 9, 2026 @ 21:01:38.691","May 1, 2026 @ 00:36:11.629","fuel prices",1,0,0,"-0.361",negative,false,false,true,Unknown,"Add $1 to each of those and you have Northern California gas prices. For years. We've been over $5 for at least three years here as our fuel comes up on a barge. Goes north before it comes here in a truck. We're too far from the Bay Area for the truckers to drive. It sucks .","at://did:plc:vzuajq7tbpu4cawphpcakgz4/app.bsky.feed.post/3mkptlg4kj22i"
bluesky,"Apr 30, 2026 @ 10:00:00.000","May 9, 2026 @ 21:01:38.691","May 1, 2026 @ 00:35:56.078","fuel prices",0,0,0,"0.636",positive,false,true,true,Unknown,"Oil prices destroys civilisation! POSSIBLY. But develop alternatives. Ensure publicity for total days and hours where fossil fuel is replaced to produce electricity. Subsidise retail wind/solar power in domestic settings. Get rid of VAT on EV/Hybrid vehicles Restore British Solar/ Wind industry.HOPE","at://did:plc:irwnrcovlc57lseyxq6ercnf/app.bsky.feed.post/3mkptkxbyxk2w"
bluesky,"Apr 30, 2026 @ 10:00:00.000","May 9, 2026 @ 21:01:38.691","May 1, 2026 @ 00:34:23.703","fuel prices",0,0,0,"-0.751",negative,false,false,true,WA,"""The war in Iran has nearly doubled jet fuel prices in the U.S., driving up the cost for wildfire-fighting aircraft operations this summer. Taxpayers will be the ones to fork over tens of millions of dollars this year to cover the cost of fighting those fires.""","at://did:plc:uxrrdwnnx3fc4duy56zj6lz7/app.bsky.feed.post/3mkpti76xy22h"
bluesky,"Apr 30, 2026 @ 10:00:00.000","May 9, 2026 @ 19:59:34.341","May 1, 2026 @ 00:34:12.402","fuel Australia",2,0,1,"-0.459",negative,true,true,true,Australia,"Some food for thought: 6 things Australia should do to tackle the energy crisis rather than just building bigger fuel reserves theconversation.com/6-things-aus...","at://did:plc:vwajgkd45f5damhlwimo3bom/app.bsky.feed.post/3mkpthug3ts23"
bluesky,"Apr 30, 2026 @ 10:00:00.000","May 9, 2026 @ 19:59:34.342","May 1, 2026 @ 00:33:09.521","fuel Australia",1,2,3,"-0.718",negative,true,false,true,WA,"Now Australia is feeling the Iran war oil shock 😳 Australia's minimum fuel reserves would double under $800m Coalition plan, at a cost to drivers.

www.abc.net.au/news/2026-04...","at://did:plc:vwajgkd45f5damhlwimo3bom/app.bsky.feed.post/3mkptfyh3nc23"
bluesky,"Apr 30, 2026 @ 10:00:00.000","May 9, 2026 @ 21:01:38.691","May 1, 2026 @ 00:31:02.000","fuel prices",0,0,0,0,neutral,false,false,true,WA,"If higher fuel prices were meant to push South Africans more decisively toward electric vehicles, the latest used car data from AutoTrader shows that it is happening, just not all at once. Looking at Q1 2026 versus Q1 2025, the shift is clearer when you focus on Consumer Advert Views (CAVs). These…","at://did:plc:revymtt5qssww7e7avbruzic/app.bsky.feed.post/3mkptmbjn7d2k"
bluesky,"Apr 30, 2026 @ 10:00:00.000","May 9, 2026 @ 21:01:38.691","May 1, 2026 @ 00:22:20.262","fuel prices",0,0,0,"-0.649",negative,false,false,true,Unknown,"Rising Fuel Prices Force Policymakers to Weigh Excruciating Choices www.nytimes.com/2026/04/30/b...","at://did:plc:zxywme6l3fcadilmibl436bs/app.bsky.feed.post/3mkpssnbcms2n"
bluesky,"Apr 30, 2026 @ 10:00:00.000","May 9, 2026 @ 21:01:38.692","May 1, 2026 @ 00:20:36.373","fuel prices",0,0,0,"-0.727",negative,false,true,true,WA,"It's not airfare costs due to Iran war that's important. ""The war in Iran has nearly doubled jet fuel prices, driving up cost for wildfire-fighting aircraft operations...wildfires burned through about $50 million worth of jet fuel, the bill could double to nearly $100 million. ."" n.pr/4tP91Oi","at://did:plc:lfky7wngli7umkc3d7t7t2rf/app.bsky.feed.post/3mkpspk6sl223"
bluesky,"Apr 30, 2026 @ 10:00:00.000","May 9, 2026 @ 21:01:38.692","May 1, 2026 @ 00:16:35.254","fuel prices",1,0,2,"-0.952",negative,false,true,true,Unknown,"It's official: Trump has screwed the world

Brent crude oil prices just broke above $120/barrel for the first time since June '22.

Asia is facing its worst ever crisis in history & Europe has just weeks worth of jet fuel left.

The US is exporting record amounts of oil as a result.","at://did:plc:rkjlj2pzmlglvs3wsushdzwy/app.bsky.feed.post/3mkpsieahrk2d"
bluesky,"Apr 30, 2026 @ 10:00:00.000","May 9, 2026 @ 21:01:38.692","May 1, 2026 @ 00:15:26.094","fuel prices",0,0,0,0,neutral,false,false,false,Unknown,"Where are the ""Trump did this"" stickers for the gas pumps?","at://did:plc:vzkgfswxs75ldxm4o2q4xnyb/app.bsky.feed.post/3mkpsgccbfs2x"
bluesky,"Apr 30, 2026 @ 10:00:00.000","May 9, 2026 @ 21:01:38.692","May 1, 2026 @ 00:14:15.573","fuel prices",1,0,1,"-0.649",negative,false,false,true,Unknown,"Rising Fuel Prices Force Policymakers to Weigh Excruciating Choices www.nytimes.com/2026/04/30/b...","at://did:plc:ddcmdof4k5iklckr2almtwkm/app.bsky.feed.post/3mkpse6zpl225"
bluesky,"Apr 30, 2026 @ 10:00:00.000","May 9, 2026 @ 21:01:38.693","May 1, 2026 @ 00:13:46.125","fuel prices",0,0,0,"-0.572",negative,false,true,true,Unknown,"Why is it that trump tells other countries to ""send their tankers here"" to load up on fuel because ""we've got plenty"", yet prices here are skyrocketing? (now apparently, California is importing fuel made from Russian crude oil... because we ""can't"" enforce sanctions)","at://did:plc:37cmy3umwar3gsof2ecs4fya/app.bsky.feed.post/3mkpsdcx2qc2x"
bluesky,"Apr 30, 2026 @ 10:00:00.000","May 9, 2026 @ 20:00:29.381","May 1, 2026 @ 00:11:50.539","inflation Australia",0,0,0,"0.477",positive,true,true,false,Australia,"The Daily Brief intelligence report for Thursday, April 30, 2026. dailybrief.net/april-30-2026/ #IRAN #VOTINGRIGHTSACT #SCOTUS #INFLATION #FLORIDA #FEDERALRESERVE #USMILITARY #GERMANY #MEXICO #NUCLEARTESTING #ISRAEL #GAZA #AUSTRALIA #EUROZONE #BRAZIL #DAILYBRIEF #NEWS #WORLDNEWS #TODAY","at://did:plc:uezn5kbepztfqqgpei6qskor/app.bsky.feed.post/3mkps7upnrs2b"
bluesky,"Apr 30, 2026 @ 10:00:00.000","May 9, 2026 @ 20:00:29.381","May 1, 2026 @ 00:08:52.315","inflation Australia",0,1,1,"0.226",positive,true,true,false,WA,"Australia will not follow suit.. it is not in our Reserve Bank's DNA to withhold interest rate rises, regardless of circumstances. It is the only weapon they have to fight inflation, and inflation is anathema to them. What gov't giveth (relief, pay rises, reduced excise duties), the RBA taketh away.","at://did:plc:mpwdropswk562v4nsfggnn3u/app.bsky.feed.post/3mkps2kqrtk2h"
bluesky,"Apr 30, 2026 @ 10:00:00.000","May 9, 2026 @ 21:01:38.693","May 1, 2026 @ 00:07:37.885","fuel prices",4,0,0,"0.632",positive,false,false,true,Unknown,"High fuel prices, no problem with an electric car and solarpanels. 

Otherwise,
Better don’t use your car, or:

pedalcommander.eu/blogs/garage...","at://did:plc:mz5pbzooazq3tdl5e2nubfmu/app.bsky.feed.post/3mkprydrbec2y"
bluesky,"Apr 30, 2026 @ 10:00:00.000","May 9, 2026 @ 21:01:38.693","May 1, 2026 @ 00:03:11.353","fuel prices",2,1,0,"-0.687",negative,false,false,true,WA,"What is the point of these lies or fabrications or whatever? People know, right now, that fuel prices are astronomical and almost unprecedented (except for here in Sweden where we pay a lot for fuel anyway).

Why say gas is $3 when probably nobody anywhere is paying that low?","at://did:plc:ztcplvtn2w7vrn5e3e4w5y5s/app.bsky.feed.post/3mkprqfle7c2s"
bluesky,"Apr 30, 2026 @ 10:00:00.000","May 9, 2026 @ 21:01:38.693","May 1, 2026 @ 00:01:24.128","fuel prices",0,0,0,"-0.514",negative,false,false,true,Unknown,"‘There are no simple solutions to high fuel prices, and most interventions tend to shift costs or create new problems elsewhere’ | Chris Bayliss","at://did:plc:dbhob4ehbowinclgen27ype2/app.bsky.feed.post/3mkprnzglja2n"
