source,"source_file","publish_date","ingested_at",address,"product_description",postcode,"product_price","brand_description","trading_name",location,"site_features"
"FuelWatch WA","FuelWatchRetail-05-2026.csv","May 17, 2026 @ 10:00:00.000","May 18, 2026 @ 22:00:01.000","194 Great Eastern Hwy",PULP,"6,104","190.9","7-Eleven","7-Eleven Ascot",ASCOT,"(blank)"
"FuelWatch WA","FuelWatchRetail-05-2026.csv","May 17, 2026 @ 10:00:00.000","May 18, 2026 @ 22:00:01.000","194 Great Eastern Hwy","98 RON","6,104","198.9","7-Eleven","7-Eleven Ascot",ASCOT,"(blank)"
"FuelWatch WA","FuelWatchRetail-05-2026.csv","May 17, 2026 @ 10:00:00.000","May 18, 2026 @ 22:00:01.000","174 Balcatta Rd",ULP,"6,021","177.9","7-Eleven","7-Eleven Balcatta",BALCATTA,"(blank)"
"FuelWatch WA","FuelWatchRetail-05-2026.csv","May 17, 2026 @ 10:00:00.000","May 18, 2026 @ 22:00:01.000","174 Balcatta Rd","Brand Diesel","6,021","229.9","7-Eleven","7-Eleven Balcatta",BALCATTA,"(blank)"
"FuelWatch WA","FuelWatchRetail-05-2026.csv","May 17, 2026 @ 10:00:00.000","May 18, 2026 @ 22:00:01.000","102 Princess Rd",ULP,"6,061","175.9","7-Eleven","7-Eleven Balga",BALGA,"(blank)"
"FuelWatch WA","FuelWatchRetail-05-2026.csv","May 17, 2026 @ 10:00:00.000","May 18, 2026 @ 22:00:01.000","102 Princess Rd","98 RON","6,061","198.9","7-Eleven","7-Eleven Balga",BALGA,"(blank)"
"FuelWatch WA","FuelWatchRetail-05-2026.csv","May 17, 2026 @ 10:00:00.000","May 18, 2026 @ 22:00:01.000","1/300 Joseph Banks Bvd",ULP,"6,031","175.9","7-Eleven","7-Eleven Banksia Grove","BANKSIA GROVE","(blank)"
"FuelWatch WA","FuelWatchRetail-05-2026.csv","May 17, 2026 @ 10:00:00.000","May 18, 2026 @ 22:00:01.000","1133-1135 Albany Hwy",PULP,"6,102","189.9","7-Eleven","7-Eleven Bentley",BENTLEY,"(blank)"
"FuelWatch WA","FuelWatchRetail-05-2026.csv","May 17, 2026 @ 10:00:00.000","May 18, 2026 @ 22:00:01.000","1133-1135 Albany Hwy","98 RON","6,102","197.9","7-Eleven","7-Eleven Bentley",BENTLEY,"(blank)"
"FuelWatch WA","FuelWatchRetail-05-2026.csv","May 17, 2026 @ 10:00:00.000","May 18, 2026 @ 22:00:01.000","35 Port Kembla Dr",ULP,"6,163","175.9","7-Eleven","7-Eleven Bibra Lake","BIBRA LAKE","(blank)"
"FuelWatch WA","FuelWatchRetail-05-2026.csv","May 17, 2026 @ 10:00:00.000","May 18, 2026 @ 22:00:01.000","492 Marmion St",ULP,"6,154","175.9","7-Eleven","7-Eleven Booragoon",BOORAGOON,"(blank)"
"FuelWatch WA","FuelWatchRetail-05-2026.csv","May 17, 2026 @ 10:00:00.000","May 18, 2026 @ 22:00:01.000","492 Marmion St",PULP,"6,154","190.9","7-Eleven","7-Eleven Booragoon",BOORAGOON,"(blank)"
"FuelWatch WA","FuelWatchRetail-05-2026.csv","May 17, 2026 @ 10:00:00.000","May 18, 2026 @ 22:00:01.000","492 Marmion St","Brand Diesel","6,154","229.9","7-Eleven","7-Eleven Booragoon",BOORAGOON,"(blank)"
"FuelWatch WA","FuelWatchRetail-05-2026.csv","May 17, 2026 @ 10:00:00.000","May 18, 2026 @ 22:00:01.000","8D Picton Rd",ULP,"6,230","179.9","7-Eleven","7-Eleven Bunbury East","EAST BUNBURY","(blank)"
"FuelWatch WA","FuelWatchRetail-05-2026.csv","May 17, 2026 @ 10:00:00.000","May 18, 2026 @ 22:00:01.000","81-93 West St",PULP,"6,280","194.9","7-Eleven","7-Eleven Busselton",BUSSELTON,"(blank)"
"FuelWatch WA","FuelWatchRetail-05-2026.csv","May 17, 2026 @ 10:00:00.000","May 18, 2026 @ 22:00:01.000","81-93 West St","Brand Diesel","6,280","229.9","7-Eleven","7-Eleven Busselton",BUSSELTON,"(blank)"
"FuelWatch WA","FuelWatchRetail-05-2026.csv","May 17, 2026 @ 10:00:00.000","May 18, 2026 @ 22:00:01.000","81-93 West St","98 RON","6,280","202.9","7-Eleven","7-Eleven Busselton",BUSSELTON,"(blank)"
"FuelWatch WA","FuelWatchRetail-05-2026.csv","May 17, 2026 @ 10:00:00.000","May 18, 2026 @ 22:00:01.000","270 Butler Bvd",PULP,"6,036","191.9","7-Eleven","7-Eleven Butler",BUTLER,"(blank)"
"FuelWatch WA","FuelWatchRetail-05-2026.csv","May 17, 2026 @ 10:00:00.000","May 18, 2026 @ 22:00:01.000","270 Butler Bvd","Brand Diesel","6,036","219.9","7-Eleven","7-Eleven Butler",BUTLER,"(blank)"
"FuelWatch WA","FuelWatchRetail-05-2026.csv","May 17, 2026 @ 10:00:00.000","May 18, 2026 @ 22:00:01.000","270 Butler Bvd","98 RON","6,036","199.9","7-Eleven","7-Eleven Butler",BUTLER,"(blank)"
"FuelWatch WA","FuelWatchRetail-05-2026.csv","May 17, 2026 @ 10:00:00.000","May 18, 2026 @ 22:00:01.000","232 Orrong Rd","Brand Diesel","6,101","229.9","7-Eleven","7-Eleven Carlisle",CARLISLE,"(blank)"
"FuelWatch WA","FuelWatchRetail-05-2026.csv","May 17, 2026 @ 10:00:00.000","May 18, 2026 @ 22:00:01.000","232 Orrong Rd","98 RON","6,101","198.9","7-Eleven","7-Eleven Carlisle",CARLISLE,"(blank)"
"FuelWatch WA","FuelWatchRetail-05-2026.csv","May 17, 2026 @ 10:00:00.000","May 18, 2026 @ 22:00:01.000","2131 West Swan Rd",ULP,"6,055","175.9","7-Eleven","7-Eleven Caversham",CAVERSHAM,"(blank)"
"FuelWatch WA","FuelWatchRetail-05-2026.csv","May 17, 2026 @ 10:00:00.000","May 18, 2026 @ 22:00:01.000","2131 West Swan Rd","Brand Diesel","6,055","222.9","7-Eleven","7-Eleven Caversham",CAVERSHAM,"(blank)"
"FuelWatch WA","FuelWatchRetail-05-2026.csv","May 17, 2026 @ 10:00:00.000","May 18, 2026 @ 22:00:01.000","19 Neerabup Dr",ULP,"6,030","177.9","7-Eleven","7-Eleven Clarkson",CLARKSON,"(blank)"
"FuelWatch WA","FuelWatchRetail-05-2026.csv","May 17, 2026 @ 10:00:00.000","May 18, 2026 @ 22:00:01.000","814 North Lake Rd",PULP,"6,164","188.9","7-Eleven","7-Eleven Cockburn Central","COCKBURN CENTRAL","(blank)"
"FuelWatch WA","FuelWatchRetail-05-2026.csv","May 17, 2026 @ 10:00:00.000","May 18, 2026 @ 22:00:01.000","51 Tiffany Ctr",ULP,"6,230","179.9","7-Eleven","7-Eleven Dalyellup",DALYELLUP,"(blank)"
"FuelWatch WA","FuelWatchRetail-05-2026.csv","May 17, 2026 @ 10:00:00.000","May 18, 2026 @ 22:00:01.000","10 Swaisdale Ent",ULP,"6,055","175.9","7-Eleven","7-Eleven Dayton",DAYTON,"(blank)"
"FuelWatch WA","FuelWatchRetail-05-2026.csv","May 17, 2026 @ 10:00:00.000","May 18, 2026 @ 22:00:01.000","10 Swaisdale Ent",PULP,"6,055","190.9","7-Eleven","7-Eleven Dayton",DAYTON,"(blank)"
"FuelWatch WA","FuelWatchRetail-05-2026.csv","May 17, 2026 @ 10:00:00.000","May 18, 2026 @ 22:00:01.000","10 Swaisdale Ent","Brand Diesel","6,055","229.9","7-Eleven","7-Eleven Dayton",DAYTON,"(blank)"
"FuelWatch WA","FuelWatchRetail-05-2026.csv","May 17, 2026 @ 10:00:00.000","May 18, 2026 @ 22:00:01.000","100 Commonage Rd","Brand Diesel","6,281","235.9","7-Eleven","7-Eleven Dunsborough",DUNSBOROUGH,"(blank)"
"FuelWatch WA","FuelWatchRetail-05-2026.csv","May 17, 2026 @ 10:00:00.000","May 18, 2026 @ 22:00:01.000","100 Commonage Rd","98 RON","6,281","212.9","7-Eleven","7-Eleven Dunsborough",DUNSBOROUGH,"(blank)"
"FuelWatch WA","FuelWatchRetail-05-2026.csv","May 17, 2026 @ 10:00:00.000","May 18, 2026 @ 22:00:01.000","15 Albatross Cres",PULP,"6,232","194.9","7-Eleven","7-Eleven Eaton",EATON,"(blank)"
"FuelWatch WA","FuelWatchRetail-05-2026.csv","May 17, 2026 @ 10:00:00.000","May 18, 2026 @ 22:00:01.000","Cnr Main St & Pinaster Pde",PULP,"6,069","190.9","7-Eleven","7-Eleven Ellenbrook Central",ELLENBROOK,"(blank)"
"FuelWatch WA","FuelWatchRetail-05-2026.csv","May 17, 2026 @ 10:00:00.000","May 18, 2026 @ 22:00:01.000","215 Flores Rd",ULP,"6,530","182.9","7-Eleven","7-Eleven Geraldton North",SPALDING,"(blank)"
"FuelWatch WA","FuelWatchRetail-05-2026.csv","May 17, 2026 @ 10:00:00.000","May 18, 2026 @ 22:00:01.000","215 Flores Rd","98 RON","6,530","205.9","7-Eleven","7-Eleven Geraldton North",SPALDING,"(blank)"
"FuelWatch WA","FuelWatchRetail-05-2026.csv","May 17, 2026 @ 10:00:00.000","May 18, 2026 @ 22:00:01.000","52 Thundelarra Dr","98 RON","6,174","194.9","7-Eleven","7-Eleven Golden Bay","GOLDEN BAY","(blank)"
"FuelWatch WA","FuelWatchRetail-05-2026.csv","May 17, 2026 @ 10:00:00.000","May 18, 2026 @ 22:00:01.000","303 Corfield St",PULP,"6,110","190.9","7-Eleven","7-Eleven Gosnells",GOSNELLS,"(blank)"
"FuelWatch WA","FuelWatchRetail-05-2026.csv","May 17, 2026 @ 10:00:00.000","May 18, 2026 @ 22:00:01.000","303 Corfield St","Brand Diesel","6,110","229.9","7-Eleven","7-Eleven Gosnells",GOSNELLS,"(blank)"
"FuelWatch WA","FuelWatchRetail-05-2026.csv","May 17, 2026 @ 10:00:00.000","May 18, 2026 @ 22:00:01.000","303 Corfield St","98 RON","6,110","198.9","7-Eleven","7-Eleven Gosnells",GOSNELLS,"(blank)"
"FuelWatch WA","FuelWatchRetail-05-2026.csv","May 17, 2026 @ 10:00:00.000","May 18, 2026 @ 22:00:01.000","1 Eaglemont St","Brand Diesel","6,210","225.9","7-Eleven","7-Eleven Greenfields",GREENFIELDS,"(blank)"
"FuelWatch WA","FuelWatchRetail-05-2026.csv","May 17, 2026 @ 10:00:00.000","May 18, 2026 @ 22:00:01.000","13 Lakes Rd",ULP,"6,210","175.9","7-Eleven","7-Eleven Greenfields South",GREENFIELDS,"(blank)"
"FuelWatch WA","FuelWatchRetail-05-2026.csv","May 17, 2026 @ 10:00:00.000","May 18, 2026 @ 22:00:01.000","13 Lakes Rd",PULP,"6,210","190.9","7-Eleven","7-Eleven Greenfields South",GREENFIELDS,"(blank)"
"FuelWatch WA","FuelWatchRetail-05-2026.csv","May 17, 2026 @ 10:00:00.000","May 18, 2026 @ 22:00:01.000","120 Yellowwood Ave",PULP,"6,112","190.9","7-Eleven","7-Eleven Harrisdale",HARRISDALE,"(blank)"
"FuelWatch WA","FuelWatchRetail-05-2026.csv","May 17, 2026 @ 10:00:00.000","May 18, 2026 @ 22:00:01.000","120 Yellowwood Ave","Brand Diesel","6,112","225.9","7-Eleven","7-Eleven Harrisdale",HARRISDALE,"(blank)"
"FuelWatch WA","FuelWatchRetail-05-2026.csv","May 17, 2026 @ 10:00:00.000","May 18, 2026 @ 22:00:01.000","8 Buick Way",PULP,"6,027","190.9","7-Eleven","7-Eleven Joondalup",JOONDALUP,"(blank)"
"FuelWatch WA","FuelWatchRetail-05-2026.csv","May 17, 2026 @ 10:00:00.000","May 18, 2026 @ 22:00:01.000","1 South St","98 RON","6,163","198.9","7-Eleven","7-Eleven Kardinya",KARDINYA,"(blank)"
"FuelWatch WA","FuelWatchRetail-05-2026.csv","May 17, 2026 @ 10:00:00.000","May 18, 2026 @ 22:00:01.000","105 Champion Dr",ULP,"6,111","176.9","7-Eleven","7-Eleven Kelmscott",KELMSCOTT,"(blank)"
"FuelWatch WA","FuelWatchRetail-05-2026.csv","May 17, 2026 @ 10:00:00.000","May 18, 2026 @ 22:00:01.000","4 Church St",ULP,"6,111","175.9","7-Eleven","7-Eleven Kelmscott Central",KELMSCOTT,"(blank)"
"FuelWatch WA","FuelWatchRetail-05-2026.csv","May 17, 2026 @ 10:00:00.000","May 18, 2026 @ 22:00:01.000","4 Church St",PULP,"6,111","190.9","7-Eleven","7-Eleven Kelmscott Central",KELMSCOTT,"(blank)"
"FuelWatch WA","FuelWatchRetail-05-2026.csv","May 17, 2026 @ 10:00:00.000","May 18, 2026 @ 22:00:01.000","4 Church St","98 RON","6,111","198.9","7-Eleven","7-Eleven Kelmscott Central",KELMSCOTT,"(blank)"
"FuelWatch WA","FuelWatchRetail-05-2026.csv","May 17, 2026 @ 10:00:00.000","May 18, 2026 @ 22:00:01.000","8 Mullingar Way",PULP,"6,065","188.9","7-Eleven","7-Eleven Landsdale",LANDSDALE,"(blank)"
"FuelWatch WA","FuelWatchRetail-05-2026.csv","May 17, 2026 @ 10:00:00.000","May 18, 2026 @ 22:00:01.000","8 Mullingar Way","Brand Diesel","6,065","219.9","7-Eleven","7-Eleven Landsdale",LANDSDALE,"(blank)"
"FuelWatch WA","FuelWatchRetail-05-2026.csv","May 17, 2026 @ 10:00:00.000","May 18, 2026 @ 22:00:01.000","8 Mullingar Way","98 RON","6,065","196.9","7-Eleven","7-Eleven Landsdale",LANDSDALE,"(blank)"
"FuelWatch WA","FuelWatchRetail-05-2026.csv","May 17, 2026 @ 10:00:00.000","May 18, 2026 @ 22:00:01.000","1969 Albany Hwy",PULP,"6,109","190.9","7-Eleven","7-Eleven Maddington South",MADDINGTON,"(blank)"
"FuelWatch WA","FuelWatchRetail-05-2026.csv","May 17, 2026 @ 10:00:00.000","May 18, 2026 @ 22:00:01.000","1969 Albany Hwy","Brand Diesel","6,109","219.9","7-Eleven","7-Eleven Maddington South",MADDINGTON,"(blank)"
"FuelWatch WA","FuelWatchRetail-05-2026.csv","May 17, 2026 @ 10:00:00.000","May 18, 2026 @ 22:00:01.000","324 The Broadway","Brand Diesel","6,069","229.9","7-Eleven","7-Eleven Malvern Springs",ELLENBROOK,"(blank)"
"FuelWatch WA","FuelWatchRetail-05-2026.csv","May 17, 2026 @ 10:00:00.000","May 18, 2026 @ 22:00:01.000","296 Pinjarra Rd",ULP,"6,210","175.9","7-Eleven","7-Eleven Mandurah",MANDURAH,"(blank)"
"FuelWatch WA","FuelWatchRetail-05-2026.csv","May 17, 2026 @ 10:00:00.000","May 18, 2026 @ 22:00:01.000","8 Clayton St",PULP,"6,056","190.9","7-Eleven","7-Eleven Midland",MIDLAND,"(blank)"
"FuelWatch WA","FuelWatchRetail-05-2026.csv","May 17, 2026 @ 10:00:00.000","May 18, 2026 @ 22:00:01.000","8 Clayton St","98 RON","6,056","198.9","7-Eleven","7-Eleven Midland",MIDLAND,"(blank)"
"FuelWatch WA","FuelWatchRetail-05-2026.csv","May 17, 2026 @ 10:00:00.000","May 18, 2026 @ 22:00:01.000","162 Russell St",PULP,"6,062","190.9","7-Eleven","7-Eleven Morley",MORLEY,"(blank)"
"FuelWatch WA","FuelWatchRetail-05-2026.csv","May 17, 2026 @ 10:00:00.000","May 18, 2026 @ 22:00:01.000","235 Welshpool Rd",PULP,"6,107","190.9","7-Eleven","7-Eleven Queens Park","QUEENS PARK","(blank)"
"FuelWatch WA","FuelWatchRetail-05-2026.csv","May 17, 2026 @ 10:00:00.000","May 18, 2026 @ 22:00:01.000","35 Kilrush Turn","98 RON","6,030","198.9","7-Eleven","7-Eleven Ridgewood",RIDGEWOOD,"(blank)"
"FuelWatch WA","FuelWatchRetail-05-2026.csv","May 17, 2026 @ 10:00:00.000","May 18, 2026 @ 22:00:01.000","129 Dixon Rd","98 RON","6,168","200.9","7-Eleven","7-Eleven Rockingham","EAST ROCKINGHAM","(blank)"
"FuelWatch WA","FuelWatchRetail-05-2026.csv","May 17, 2026 @ 10:00:00.000","May 18, 2026 @ 22:00:01.000","2 Sepia Ct",PULP,"6,168","190.9","7-Eleven","7-Eleven Rockingham Central",ROCKINGHAM,"(blank)"
"FuelWatch WA","FuelWatchRetail-05-2026.csv","May 17, 2026 @ 10:00:00.000","May 18, 2026 @ 22:00:01.000","2 Sepia Ct","98 RON","6,168","198.9","7-Eleven","7-Eleven Rockingham Central",ROCKINGHAM,"(blank)"
"FuelWatch WA","FuelWatchRetail-05-2026.csv","May 17, 2026 @ 10:00:00.000","May 18, 2026 @ 22:00:01.000","660 Beeliar Dr","98 RON","6,164","198.9","7-Eleven","7-Eleven Success",SUCCESS,"(blank)"
"FuelWatch WA","FuelWatchRetail-05-2026.csv","May 17, 2026 @ 10:00:00.000","May 18, 2026 @ 22:00:01.000","147-149 Grand Ent",ULP,"6,233","179.9","7-Eleven","7-Eleven Treendale",AUSTRALIND,"(blank)"
"FuelWatch WA","FuelWatchRetail-05-2026.csv","May 17, 2026 @ 10:00:00.000","May 18, 2026 @ 22:00:01.000","147-149 Grand Ent","Brand Diesel","6,233","229.9","7-Eleven","7-Eleven Treendale",AUSTRALIND,"(blank)"
"FuelWatch WA","FuelWatchRetail-05-2026.csv","May 17, 2026 @ 10:00:00.000","May 18, 2026 @ 22:00:01.000","929-931 Wanneroo Rd",PULP,"6,065","188.9","7-Eleven","7-Eleven Wanneroo South",WANNEROO,"(blank)"
"FuelWatch WA","FuelWatchRetail-05-2026.csv","May 17, 2026 @ 10:00:00.000","May 18, 2026 @ 22:00:01.000","929-931 Wanneroo Rd","Brand Diesel","6,065","219.9","7-Eleven","7-Eleven Wanneroo South",WANNEROO,"(blank)"
"FuelWatch WA","FuelWatchRetail-05-2026.csv","May 17, 2026 @ 10:00:00.000","May 18, 2026 @ 22:00:01.000","332 Hale Rd",PULP,"6,107","190.9","7-Eleven","7-Eleven Wattle Grove","WATTLE GROVE","(blank)"
"FuelWatch WA","FuelWatchRetail-05-2026.csv","May 17, 2026 @ 10:00:00.000","May 18, 2026 @ 22:00:01.000","332 Hale Rd","Brand Diesel","6,107","219.9","7-Eleven","7-Eleven Wattle Grove","WATTLE GROVE","(blank)"
"FuelWatch WA","FuelWatchRetail-05-2026.csv","May 17, 2026 @ 10:00:00.000","May 18, 2026 @ 22:00:01.000","2 Tamala Lane",ULP,"6,035","177.9","7-Eleven","7-Eleven Yanchep",YANCHEP,"(blank)"
"FuelWatch WA","FuelWatchRetail-05-2026.csv","May 17, 2026 @ 10:00:00.000","May 18, 2026 @ 22:00:01.000","9522 Chester Pass Rd",Diesel,"6,338","270.3",BP,"Amelup Service Station",AMELUP,"(blank)"
"FuelWatch WA","FuelWatchRetail-05-2026.csv","May 17, 2026 @ 10:00:00.000","May 18, 2026 @ 22:00:01.000","225-227 Albany Hwy","98 RON","6,330","204.9",FuelTech,"AMPM Highway","MOUNT MELVILLE","(blank)"
"FuelWatch WA","FuelWatchRetail-05-2026.csv","May 17, 2026 @ 10:00:00.000","May 18, 2026 @ 22:00:01.000","634 Menang Dr",ULP,"6,330","185.9",Ampol,"Ampol Albany Diesel Stop",WILLYUNG,"(blank)"
"FuelWatch WA","FuelWatchRetail-05-2026.csv","May 17, 2026 @ 10:00:00.000","May 18, 2026 @ 22:00:01.000","634 Menang Dr",Diesel,"6,330","229.9",Ampol,"Ampol Albany Diesel Stop",WILLYUNG,"(blank)"
"FuelWatch WA","FuelWatchRetail-05-2026.csv","May 17, 2026 @ 10:00:00.000","May 18, 2026 @ 22:00:01.000","5 Cocos Dr","Brand Diesel","6,163","223.9",Ampol,"Ampol Bibra Lake Diesel Stop","BIBRA LAKE","(blank)"
"FuelWatch WA","FuelWatchRetail-05-2026.csv","May 17, 2026 @ 10:00:00.000","May 18, 2026 @ 22:00:01.000","21 Coronation Dr","98 RON","6,233","211.5",Ampol,"Ampol Binningup",BINNINGUP,"(blank)"
"FuelWatch WA","FuelWatchRetail-05-2026.csv","May 17, 2026 @ 10:00:00.000","May 18, 2026 @ 22:00:01.000","1 Spencer St",ULP,"6,255","191.9",Ampol,"Ampol Bridgetown Diesel Stop",BRIDGETOWN,"(blank)"
"FuelWatch WA","FuelWatchRetail-05-2026.csv","May 17, 2026 @ 10:00:00.000","May 18, 2026 @ 22:00:01.000","1 Spencer St",Diesel,"6,255","232.9",Ampol,"Ampol Bridgetown Diesel Stop",BRIDGETOWN,"(blank)"
"FuelWatch WA","FuelWatchRetail-05-2026.csv","May 17, 2026 @ 10:00:00.000","May 18, 2026 @ 22:00:01.000","124 Throssell St",ULP,"6,225","189.9",Ampol,"Ampol Collie",COLLIE,"(blank)"
"FuelWatch WA","FuelWatchRetail-05-2026.csv","May 17, 2026 @ 10:00:00.000","May 18, 2026 @ 22:00:01.000","204 Great Eastern Hwy","98 RON","6,104","206.9",Ampol,"Ampol Foodary Ascot",ASCOT,"(blank)"
"FuelWatch WA","FuelWatchRetail-05-2026.csv","May 17, 2026 @ 10:00:00.000","May 18, 2026 @ 22:00:01.000","2 Hollosy Way",PULP,"6,065","196.9",Ampol,"Ampol Foodary Ashby",ASHBY,"(blank)"
"FuelWatch WA","FuelWatchRetail-05-2026.csv","May 17, 2026 @ 10:00:00.000","May 18, 2026 @ 22:00:01.000","614 Baldivis Rd",ULP,"6,171","179.9",Ampol,"Ampol Foodary Baldivis",BALDIVIS,"(blank)"
"FuelWatch WA","FuelWatchRetail-05-2026.csv","May 17, 2026 @ 10:00:00.000","May 18, 2026 @ 22:00:01.000","614 Baldivis Rd",PULP,"6,171","196.9",Ampol,"Ampol Foodary Baldivis",BALDIVIS,"(blank)"
"FuelWatch WA","FuelWatchRetail-05-2026.csv","May 17, 2026 @ 10:00:00.000","May 18, 2026 @ 22:00:01.000","60 Bannister Rd",ULP,"6,155","179.9",Ampol,"Ampol Foodary Bannister Road","CANNING VALE","(blank)"
"FuelWatch WA","FuelWatchRetail-05-2026.csv","May 17, 2026 @ 10:00:00.000","May 18, 2026 @ 22:00:01.000","60 Bannister Rd",Diesel,"6,155","222.9",Ampol,"Ampol Foodary Bannister Road","CANNING VALE","(blank)"
"FuelWatch WA","FuelWatchRetail-05-2026.csv","May 17, 2026 @ 10:00:00.000","May 18, 2026 @ 22:00:01.000","60 Bannister Rd","98 RON","6,155","206.9",Ampol,"Ampol Foodary Bannister Road","CANNING VALE","(blank)"
"FuelWatch WA","FuelWatchRetail-05-2026.csv","May 17, 2026 @ 10:00:00.000","May 18, 2026 @ 22:00:01.000","303 Great Eastern Hwy",ULP,"6,104","179.9",Ampol,"Ampol Foodary Belmont",BELMONT,"(blank)"
"FuelWatch WA","FuelWatchRetail-05-2026.csv","May 17, 2026 @ 10:00:00.000","May 18, 2026 @ 22:00:01.000","50 Mavis Rd","Brand Diesel","6,725","249.9",Ampol,"Ampol Foodary Broome",BILINGURR,"(blank)"
"FuelWatch WA","FuelWatchRetail-05-2026.csv","May 17, 2026 @ 10:00:00.000","May 18, 2026 @ 22:00:01.000","115 Strelly St",PULP,"6,280","198.9",Ampol,"Ampol Foodary Busselton",BUSSELTON,"(blank)"
"FuelWatch WA","FuelWatchRetail-05-2026.csv","May 17, 2026 @ 10:00:00.000","May 18, 2026 @ 22:00:01.000","11 Headingly Cr","Brand Diesel","6,036","225.9",Ampol,"Ampol Foodary Butler",BUTLER,"(blank)"
"FuelWatch WA","FuelWatchRetail-05-2026.csv","May 17, 2026 @ 10:00:00.000","May 18, 2026 @ 22:00:01.000","Lot 22 South Western Hwy",PULP,"6,122","196.9",Ampol,"Ampol Foodary Byford",BYFORD,"(blank)"
"FuelWatch WA","FuelWatchRetail-05-2026.csv","May 17, 2026 @ 10:00:00.000","May 18, 2026 @ 22:00:01.000","Lot 22 South Western Hwy",Diesel,"6,122","218.9",Ampol,"Ampol Foodary Byford",BYFORD,"(blank)"
"FuelWatch WA","FuelWatchRetail-05-2026.csv","May 17, 2026 @ 10:00:00.000","May 18, 2026 @ 22:00:01.000","Lot 22 South Western Hwy","98 RON","6,122","206.9",Ampol,"Ampol Foodary Byford",BYFORD,"(blank)"
"FuelWatch WA","FuelWatchRetail-05-2026.csv","May 17, 2026 @ 10:00:00.000","May 18, 2026 @ 22:00:01.000","595 Robinson St",Diesel,"6,701","259.9",Ampol,"Ampol Foodary Carnarvon",KINGSFORD,"(blank)"
"FuelWatch WA","FuelWatchRetail-05-2026.csv","May 17, 2026 @ 10:00:00.000","May 18, 2026 @ 22:00:01.000","595 Robinson St","98 RON","6,701","242.9",Ampol,"Ampol Foodary Carnarvon",KINGSFORD,"(blank)"
"FuelWatch WA","FuelWatchRetail-05-2026.csv","May 17, 2026 @ 10:00:00.000","May 18, 2026 @ 22:00:01.000","7 Ocean Keys Bvd","98 RON","6,030","206.9",Ampol,"Ampol Foodary Clarkson",CLARKSON,"(blank)"
"FuelWatch WA","FuelWatchRetail-05-2026.csv","May 17, 2026 @ 10:00:00.000","May 18, 2026 @ 22:00:01.000","875 Beeliar Dr",ULP,"6,164","179.9",Ampol,"Ampol Foodary Cockburn Central",JANDAKOT,"(blank)"
"FuelWatch WA","FuelWatchRetail-05-2026.csv","May 17, 2026 @ 10:00:00.000","May 18, 2026 @ 22:00:01.000","875 Beeliar Dr","98 RON","6,164","206.9",Ampol,"Ampol Foodary Cockburn Central",JANDAKOT,"(blank)"
"FuelWatch WA","FuelWatchRetail-05-2026.csv","May 17, 2026 @ 10:00:00.000","May 18, 2026 @ 22:00:01.000","110-114 Bayley St",ULP,"6,429","219.9",Ampol,"Ampol Foodary Coolgardie",COOLGARDIE,"(blank)"
"FuelWatch WA","FuelWatchRetail-05-2026.csv","May 17, 2026 @ 10:00:00.000","May 18, 2026 @ 22:00:01.000","110-114 Bayley St","Brand Diesel","6,429","259.9",Ampol,"Ampol Foodary Coolgardie",COOLGARDIE,"(blank)"
"FuelWatch WA","FuelWatchRetail-05-2026.csv","May 17, 2026 @ 10:00:00.000","May 18, 2026 @ 22:00:01.000","365 Scarborough Beach Rd",ULP,"6,018","179.9",Ampol,"Ampol Foodary Doubleview",DOUBLEVIEW,"(blank)"
"FuelWatch WA","FuelWatchRetail-05-2026.csv","May 17, 2026 @ 10:00:00.000","May 18, 2026 @ 22:00:01.000","365 Scarborough Beach Rd","Brand Diesel","6,018","223.9",Ampol,"Ampol Foodary Doubleview",DOUBLEVIEW,"(blank)"
"FuelWatch WA","FuelWatchRetail-05-2026.csv","May 17, 2026 @ 10:00:00.000","May 18, 2026 @ 22:00:01.000","1 Pratt Rd","98 RON","6,232","206.9",Ampol,"Ampol Foodary Eaton",EATON,"(blank)"
"FuelWatch WA","FuelWatchRetail-05-2026.csv","May 17, 2026 @ 10:00:00.000","May 18, 2026 @ 22:00:01.000","112 Oakleigh Dr",ULP,"6,210","179.9",Ampol,"Ampol Foodary Erskine",ERSKINE,"(blank)"
"FuelWatch WA","FuelWatchRetail-05-2026.csv","May 17, 2026 @ 10:00:00.000","May 18, 2026 @ 22:00:01.000","112 Oakleigh Dr","Brand Diesel","6,210","229.9",Ampol,"Ampol Foodary Erskine",ERSKINE,"(blank)"
"FuelWatch WA","FuelWatchRetail-05-2026.csv","May 17, 2026 @ 10:00:00.000","May 18, 2026 @ 22:00:01.000","112 Oakleigh Dr","98 RON","6,210","206.9",Ampol,"Ampol Foodary Erskine",ERSKINE,"(blank)"
"FuelWatch WA","FuelWatchRetail-05-2026.csv","May 17, 2026 @ 10:00:00.000","May 18, 2026 @ 22:00:01.000","59 Dempster St",ULP,"6,450","192.9",Ampol,"Ampol Foodary Esperance",ESPERANCE,"(blank)"
"FuelWatch WA","FuelWatchRetail-05-2026.csv","May 17, 2026 @ 10:00:00.000","May 18, 2026 @ 22:00:01.000","59 Dempster St",PULP,"6,450","209.9",Ampol,"Ampol Foodary Esperance",ESPERANCE,"(blank)"
"FuelWatch WA","FuelWatchRetail-05-2026.csv","May 17, 2026 @ 10:00:00.000","May 18, 2026 @ 22:00:01.000","59 Dempster St","98 RON","6,450","219.9",Ampol,"Ampol Foodary Esperance",ESPERANCE,"(blank)"
"FuelWatch WA","FuelWatchRetail-05-2026.csv","May 17, 2026 @ 10:00:00.000","May 18, 2026 @ 22:00:01.000","77 Maidstone Cr",Diesel,"6,707","272.9",Ampol,"Ampol Foodary Exmouth",EXMOUTH,"(blank)"
"FuelWatch WA","FuelWatchRetail-05-2026.csv","May 17, 2026 @ 10:00:00.000","May 18, 2026 @ 22:00:01.000","77 Maidstone Cr","98 RON","6,707","257.9",Ampol,"Ampol Foodary Exmouth",EXMOUTH,"(blank)"
"FuelWatch WA","FuelWatchRetail-05-2026.csv","May 17, 2026 @ 10:00:00.000","May 18, 2026 @ 22:00:01.000","Lot 602 Forrest Hwy",ULP,"6,208","179.9",Ampol,"Ampol Foodary Forrest Highway North","WEST PINJARRA","(blank)"
"FuelWatch WA","FuelWatchRetail-05-2026.csv","May 17, 2026 @ 10:00:00.000","May 18, 2026 @ 22:00:01.000","Lot 602 Forrest Hwy",PULP,"6,208","196.9",Ampol,"Ampol Foodary Forrest Highway North","WEST PINJARRA","(blank)"
"FuelWatch WA","FuelWatchRetail-05-2026.csv","May 17, 2026 @ 10:00:00.000","May 18, 2026 @ 22:00:01.000","Lot 602 Forrest Hwy","Brand Diesel","6,208","229.9",Ampol,"Ampol Foodary Forrest Highway North","WEST PINJARRA","(blank)"
"FuelWatch WA","FuelWatchRetail-05-2026.csv","May 17, 2026 @ 10:00:00.000","May 18, 2026 @ 22:00:01.000","Lot 601 Forrest Hwy",ULP,"6,208","179.9",Ampol,"Ampol Foodary Forrest Highway South","WEST PINJARRA","(blank)"
"FuelWatch WA","FuelWatchRetail-05-2026.csv","May 17, 2026 @ 10:00:00.000","May 18, 2026 @ 22:00:01.000","63 Alex Wood Dr",PULP,"6,112","196.9",Ampol,"Ampol Foodary Forrestdale",FORRESTDALE,"(blank)"
"FuelWatch WA","FuelWatchRetail-05-2026.csv","May 17, 2026 @ 10:00:00.000","May 18, 2026 @ 22:00:01.000","2 Jon Sanders Dr",ULP,"6,016","179.9",Ampol,"Ampol Foodary Glendalough",GLENDALOUGH,"(blank)"
"FuelWatch WA","FuelWatchRetail-05-2026.csv","May 17, 2026 @ 10:00:00.000","May 18, 2026 @ 22:00:01.000","2 Jon Sanders Dr","Brand Diesel","6,016","219.9",Ampol,"Ampol Foodary Glendalough",GLENDALOUGH,"(blank)"
"FuelWatch WA","FuelWatchRetail-05-2026.csv","May 17, 2026 @ 10:00:00.000","May 18, 2026 @ 22:00:01.000","2 Jon Sanders Dr","98 RON","6,016","206.9",Ampol,"Ampol Foodary Glendalough",GLENDALOUGH,"(blank)"
"FuelWatch WA","FuelWatchRetail-05-2026.csv","May 17, 2026 @ 10:00:00.000","May 18, 2026 @ 22:00:01.000","158 Corfield St",ULP,"6,110","179.9",Ampol,"Ampol Foodary Gosnells",GOSNELLS,"(blank)"
"FuelWatch WA","FuelWatchRetail-05-2026.csv","May 17, 2026 @ 10:00:00.000","May 18, 2026 @ 22:00:01.000","158 Corfield St",PULP,"6,110","196.9",Ampol,"Ampol Foodary Gosnells",GOSNELLS,"(blank)"
"FuelWatch WA","FuelWatchRetail-05-2026.csv","May 17, 2026 @ 10:00:00.000","May 18, 2026 @ 22:00:01.000","158 Corfield St","98 RON","6,110","206.9",Ampol,"Ampol Foodary Gosnells",GOSNELLS,"(blank)"
"FuelWatch WA","FuelWatchRetail-05-2026.csv","May 17, 2026 @ 10:00:00.000","May 18, 2026 @ 22:00:01.000","2100 Albany Hwy",Diesel,"6,110","218.9",Ampol,"Ampol Foodary Gosnells North",GOSNELLS,"(blank)"
"FuelWatch WA","FuelWatchRetail-05-2026.csv","May 17, 2026 @ 10:00:00.000","May 18, 2026 @ 22:00:01.000","35 Minilya Pkwy",PULP,"6,210","196.9",Ampol,"Ampol Foodary Greenfields",GREENFIELDS,"(blank)"
"FuelWatch WA","FuelWatchRetail-05-2026.csv","May 17, 2026 @ 10:00:00.000","May 18, 2026 @ 22:00:01.000","35 Minilya Pkwy","98 RON","6,210","206.9",Ampol,"Ampol Foodary Greenfields",GREENFIELDS,"(blank)"
"FuelWatch WA","FuelWatchRetail-05-2026.csv","May 17, 2026 @ 10:00:00.000","May 18, 2026 @ 22:00:01.000","420 Joondalup Dr",PULP,"6,027","196.9",Ampol,"Ampol Foodary Joondalup",JOONDALUP,"(blank)"
"FuelWatch WA","FuelWatchRetail-05-2026.csv","May 17, 2026 @ 10:00:00.000","May 18, 2026 @ 22:00:01.000","581 Hannan St",PULP,"6,430","196.9",Ampol,"Ampol Foodary Kalgoorlie",SOMERVILLE,"(blank)"
"FuelWatch WA","FuelWatchRetail-05-2026.csv","May 17, 2026 @ 10:00:00.000","May 18, 2026 @ 22:00:01.000","146 Boulder Rd",PULP,"6,430","196.9",Ampol,"Ampol Foodary Kalgoorlie South","SOUTH KALGOORLIE","(blank)"
"FuelWatch WA","FuelWatchRetail-05-2026.csv","May 17, 2026 @ 10:00:00.000","May 18, 2026 @ 22:00:01.000","Lot 3861 Bathgate Rd",ULP,"6,714","199.9",Ampol,"Ampol Foodary Karratha",NICKOL,"(blank)"
"FuelWatch WA","FuelWatchRetail-05-2026.csv","May 17, 2026 @ 10:00:00.000","May 18, 2026 @ 22:00:01.000","490 Karrinyup Rd",ULP,"6,018","179.9",Ampol,"Ampol Foodary Karrinyup",GWELUP,"(blank)"
"FuelWatch WA","FuelWatchRetail-05-2026.csv","May 17, 2026 @ 10:00:00.000","May 18, 2026 @ 22:00:01.000","490 Karrinyup Rd",PULP,"6,018","196.9",Ampol,"Ampol Foodary Karrinyup",GWELUP,"(blank)"
"FuelWatch WA","FuelWatchRetail-05-2026.csv","May 17, 2026 @ 10:00:00.000","May 18, 2026 @ 22:00:01.000","2 Fenton St",ULP,"6,105","179.9",Ampol,"Ampol Foodary Kewdale",KEWDALE,"(blank)"
"FuelWatch WA","FuelWatchRetail-05-2026.csv","May 17, 2026 @ 10:00:00.000","May 18, 2026 @ 22:00:01.000","2 Fenton St",PULP,"6,105","196.9",Ampol,"Ampol Foodary Kewdale",KEWDALE,"(blank)"
"FuelWatch WA","FuelWatchRetail-05-2026.csv","May 17, 2026 @ 10:00:00.000","May 18, 2026 @ 22:00:01.000","Cnr Mandurah Rd & Wellard Rd","98 RON","6,167","206.9",Ampol,"Ampol Foodary Kwinana","KWINANA BEACH","(blank)"
"FuelWatch WA","FuelWatchRetail-05-2026.csv","May 17, 2026 @ 10:00:00.000","May 18, 2026 @ 22:00:01.000","Lot 50 Mandurah Rd","98 RON","6,210","206.9",Ampol,"Ampol Foodary Lakelands","MEADOW SPRINGS","(blank)"
"FuelWatch WA","FuelWatchRetail-05-2026.csv","May 17, 2026 @ 10:00:00.000","May 18, 2026 @ 22:00:01.000","319 Vincent St",PULP,"6,007","196.9",Ampol,"Ampol Foodary Leederville",LEEDERVILLE,"(blank)"
"FuelWatch WA","FuelWatchRetail-05-2026.csv","May 17, 2026 @ 10:00:00.000","May 18, 2026 @ 22:00:01.000","319 Vincent St","98 RON","6,007","206.9",Ampol,"Ampol Foodary Leederville",LEEDERVILLE,"(blank)"
"FuelWatch WA","FuelWatchRetail-05-2026.csv","May 17, 2026 @ 10:00:00.000","May 18, 2026 @ 22:00:01.000","110 Ranford Rd","98 RON","6,155","206.9",Ampol,"Ampol Foodary Livingston","CANNING VALE","(blank)"
"FuelWatch WA","FuelWatchRetail-05-2026.csv","May 17, 2026 @ 10:00:00.000","May 18, 2026 @ 22:00:01.000","76 Malaga Dr",ULP,"6,090","179.9",Ampol,"Ampol Foodary Malaga Drive",MALAGA,"(blank)"
"FuelWatch WA","FuelWatchRetail-05-2026.csv","May 17, 2026 @ 10:00:00.000","May 18, 2026 @ 22:00:01.000","76 Malaga Dr",Diesel,"6,090","225.9",Ampol,"Ampol Foodary Malaga Drive",MALAGA,"(blank)"
"FuelWatch WA","FuelWatchRetail-05-2026.csv","May 17, 2026 @ 10:00:00.000","May 18, 2026 @ 22:00:01.000","76 Malaga Dr","98 RON","6,090","206.9",Ampol,"Ampol Foodary Malaga Drive",MALAGA,"(blank)"
"FuelWatch WA","FuelWatchRetail-05-2026.csv","May 17, 2026 @ 10:00:00.000","May 18, 2026 @ 22:00:01.000","585 Canning Hwy",PULP,"6,154","196.9",Ampol,"Ampol Foodary Melville","ALFRED COVE","(blank)"
"FuelWatch WA","FuelWatchRetail-05-2026.csv","May 17, 2026 @ 10:00:00.000","May 18, 2026 @ 22:00:01.000","585 Canning Hwy","98 RON","6,154","206.9",Ampol,"Ampol Foodary Melville","ALFRED COVE","(blank)"
"FuelWatch WA","FuelWatchRetail-05-2026.csv","May 17, 2026 @ 10:00:00.000","May 18, 2026 @ 22:00:01.000","676 Stirling Hwy","Brand Diesel","6,012","231.9",Ampol,"Ampol Foodary Mosman Park","MOSMAN PARK","(blank)"
"FuelWatch WA","FuelWatchRetail-05-2026.csv","May 17, 2026 @ 10:00:00.000","May 18, 2026 @ 22:00:01.000","676 Stirling Hwy","98 RON","6,012","206.9",Ampol,"Ampol Foodary Mosman Park","MOSMAN PARK","(blank)"
"FuelWatch WA","FuelWatchRetail-05-2026.csv","May 17, 2026 @ 10:00:00.000","May 18, 2026 @ 22:00:01.000","810 Beaufort St",ULP,"6,050","179.9",Ampol,"Ampol Foodary Mt Lawley","MOUNT LAWLEY","(blank)"
"FuelWatch WA","FuelWatchRetail-05-2026.csv","May 17, 2026 @ 10:00:00.000","May 18, 2026 @ 22:00:01.000","810 Beaufort St",PULP,"6,050","196.9",Ampol,"Ampol Foodary Mt Lawley","MOUNT LAWLEY","(blank)"
"FuelWatch WA","FuelWatchRetail-05-2026.csv","May 17, 2026 @ 10:00:00.000","May 18, 2026 @ 22:00:01.000","810 Beaufort St","98 RON","6,050","206.9",Ampol,"Ampol Foodary Mt Lawley","MOUNT LAWLEY","(blank)"
"FuelWatch WA","FuelWatchRetail-05-2026.csv","May 17, 2026 @ 10:00:00.000","May 18, 2026 @ 22:00:01.000","10 Robson Way","98 RON","6,150","206.9",Ampol,"Ampol Foodary Murdoch",MURDOCH,"(blank)"
"FuelWatch WA","FuelWatchRetail-05-2026.csv","May 17, 2026 @ 10:00:00.000","May 18, 2026 @ 22:00:01.000","7 Broadway","Brand Diesel","6,009","229.9",Ampol,"Ampol Foodary Nedlands",NEDLANDS,"(blank)"
"FuelWatch WA","FuelWatchRetail-05-2026.csv","May 17, 2026 @ 10:00:00.000","May 18, 2026 @ 22:00:01.000","204 North Rd",PULP,"6,330","202.9",Ampol,"Ampol Foodary North Road",YAKAMIA,"(blank)"
"FuelWatch WA","FuelWatchRetail-05-2026.csv","May 17, 2026 @ 10:00:00.000","May 18, 2026 @ 22:00:01.000","204 North Rd","98 RON","6,330","212.9",Ampol,"Ampol Foodary North Road",YAKAMIA,"(blank)"
"FuelWatch WA","FuelWatchRetail-05-2026.csv","May 17, 2026 @ 10:00:00.000","May 18, 2026 @ 22:00:01.000","2624 Wanneroo Rd",ULP,"6,032","179.9",Ampol,"Ampol Foodary North Wanneroo",NOWERGUP,"(blank)"
"FuelWatch WA","FuelWatchRetail-05-2026.csv","May 17, 2026 @ 10:00:00.000","May 18, 2026 @ 22:00:01.000","2624 Wanneroo Rd",PULP,"6,032","196.9",Ampol,"Ampol Foodary North Wanneroo",NOWERGUP,"(blank)"
"FuelWatch WA","FuelWatchRetail-05-2026.csv","May 17, 2026 @ 10:00:00.000","May 18, 2026 @ 22:00:01.000","2624 Wanneroo Rd","Brand Diesel","6,032","216.9",Ampol,"Ampol Foodary North Wanneroo",NOWERGUP,"(blank)"
"FuelWatch WA","FuelWatchRetail-05-2026.csv","May 17, 2026 @ 10:00:00.000","May 18, 2026 @ 22:00:01.000","868 Pinjarra Rd",ULP,"6,209","179.9",Ampol,"Ampol Foodary North Yunderup",FURNISSDALE,"(blank)"
"FuelWatch WA","FuelWatchRetail-05-2026.csv","May 17, 2026 @ 10:00:00.000","May 18, 2026 @ 22:00:01.000","111 Great Eastern Hwy",PULP,"6,103","196.9",Ampol,"Ampol Foodary Rivervale",RIVERVALE,"(blank)"
"FuelWatch WA","FuelWatchRetail-05-2026.csv","May 17, 2026 @ 10:00:00.000","May 18, 2026 @ 22:00:01.000","111 Great Eastern Hwy","Brand Diesel","6,103","229.9",Ampol,"Ampol Foodary Rivervale",RIVERVALE,"(blank)"
"FuelWatch WA","FuelWatchRetail-05-2026.csv","May 17, 2026 @ 10:00:00.000","May 18, 2026 @ 22:00:01.000","29 Dixon Rd",ULP,"6,168","179.9",Ampol,"Ampol Foodary Rockingham",ROCKINGHAM,"(blank)"
"FuelWatch WA","FuelWatchRetail-05-2026.csv","May 17, 2026 @ 10:00:00.000","May 18, 2026 @ 22:00:01.000","420 Secret Harbour Bvd",PULP,"6,173","196.9",Ampol,"Ampol Foodary Secret Harbour","SECRET HARBOUR","(blank)"
"FuelWatch WA","FuelWatchRetail-05-2026.csv","May 17, 2026 @ 10:00:00.000","May 18, 2026 @ 22:00:01.000","420 Secret Harbour Bvd","98 RON","6,173","206.9",Ampol,"Ampol Foodary Secret Harbour","SECRET HARBOUR","(blank)"
"FuelWatch WA","FuelWatchRetail-05-2026.csv","May 17, 2026 @ 10:00:00.000","May 18, 2026 @ 22:00:01.000","67 Hamilton Rd",ULP,"6,722","216.9",Ampol,"Ampol Foodary South Hedland","SOUTH HEDLAND","(blank)"
"FuelWatch WA","FuelWatchRetail-05-2026.csv","May 17, 2026 @ 10:00:00.000","May 18, 2026 @ 22:00:01.000","240 Toodyay Rd",PULP,"6,056","196.9",Ampol,"Ampol Foodary Stratton",STRATTON,"(blank)"
"FuelWatch WA","FuelWatchRetail-05-2026.csv","May 17, 2026 @ 10:00:00.000","May 18, 2026 @ 22:00:01.000","194 Rokeby Rd",PULP,"6,008","196.9",Ampol,"Ampol Foodary Subiaco",SUBIACO,"(blank)"
"FuelWatch WA","FuelWatchRetail-05-2026.csv","May 17, 2026 @ 10:00:00.000","May 18, 2026 @ 22:00:01.000","316 Spencer Rd","98 RON","6,108","206.9",Ampol,"Ampol Foodary Thornlie Square",THORNLIE,"(blank)"
"FuelWatch WA","FuelWatchRetail-05-2026.csv","May 17, 2026 @ 10:00:00.000","May 18, 2026 @ 22:00:01.000","79 Buckingham Dr",ULP,"6,065","179.9",Ampol,"Ampol Foodary Wangara",WANGARA,"(blank)"
"FuelWatch WA","FuelWatchRetail-05-2026.csv","May 17, 2026 @ 10:00:00.000","May 18, 2026 @ 22:00:01.000","79 Buckingham Dr","Brand Diesel","6,065","219.9",Ampol,"Ampol Foodary Wangara",WANGARA,"(blank)"
"FuelWatch WA","FuelWatchRetail-05-2026.csv","May 17, 2026 @ 10:00:00.000","May 18, 2026 @ 22:00:01.000","2 Bristol St",ULP,"6,169","179.9",Ampol,"Ampol Foodary Warnbro",WARNBRO,"(blank)"
"FuelWatch WA","FuelWatchRetail-05-2026.csv","May 17, 2026 @ 10:00:00.000","May 18, 2026 @ 22:00:01.000","2 Bristol St",PULP,"6,169","196.9",Ampol,"Ampol Foodary Warnbro",WARNBRO,"(blank)"
"FuelWatch WA","FuelWatchRetail-05-2026.csv","May 17, 2026 @ 10:00:00.000","May 18, 2026 @ 22:00:01.000","56 Albany Hwy",ULP,"6,391","191.9",Ampol,"Ampol Foodary Williams",WILLIAMS,"(blank)"
"FuelWatch WA","FuelWatchRetail-05-2026.csv","May 17, 2026 @ 10:00:00.000","May 18, 2026 @ 22:00:01.000","56 Albany Hwy",Diesel,"6,391","236.9",Ampol,"Ampol Foodary Williams",WILLIAMS,"(blank)"
"FuelWatch WA","FuelWatchRetail-05-2026.csv","May 17, 2026 @ 10:00:00.000","May 18, 2026 @ 22:00:01.000","40 North West Coastal Hwy",Diesel,"6,530","224.9",Ampol,"Ampol Foodary Wonthella",WONTHELLA,"(blank)"
"FuelWatch WA","FuelWatchRetail-05-2026.csv","May 17, 2026 @ 10:00:00.000","May 18, 2026 @ 22:00:01.000","289 Beeliar Dr",PULP,"6,164","196.9",Ampol,"Ampol Foodary Yangebup",YANGEBUP,"(blank)"
"FuelWatch WA","FuelWatchRetail-05-2026.csv","May 17, 2026 @ 10:00:00.000","May 18, 2026 @ 22:00:01.000","289 Beeliar Dr","Brand Diesel","6,164","219.9",Ampol,"Ampol Foodary Yangebup",YANGEBUP,"(blank)"
"FuelWatch WA","FuelWatchRetail-05-2026.csv","May 17, 2026 @ 10:00:00.000","May 18, 2026 @ 22:00:01.000","289 Beeliar Dr","98 RON","6,164","206.9",Ampol,"Ampol Foodary Yangebup",YANGEBUP,"(blank)"
"FuelWatch WA","FuelWatchRetail-05-2026.csv","May 17, 2026 @ 10:00:00.000","May 18, 2026 @ 22:00:01.000","2 Cunningham Rd",Diesel,"6,430","239.9",Ampol,"Ampol Kalgoorlie Diesel Stop","WEST KALGOORLIE","(blank)"
"FuelWatch WA","FuelWatchRetail-05-2026.csv","May 17, 2026 @ 10:00:00.000","May 18, 2026 @ 22:00:01.000","31 Dreyer St",Diesel,"6,405","212.2",Ampol,"Ampol Meckering Roadhouse",MECKERING,"(blank)"
"FuelWatch WA","FuelWatchRetail-05-2026.csv","May 17, 2026 @ 10:00:00.000","May 18, 2026 @ 22:00:01.000","59 Warren Rd",Diesel,"6,275","248.9",Ampol,"Ampol Nannup",NANNUP,"(blank)"
"FuelWatch WA","FuelWatchRetail-05-2026.csv","May 17, 2026 @ 10:00:00.000","May 18, 2026 @ 22:00:01.000","131 Welsh Dr",Diesel,"6,753","266.9",Ampol,"Ampol Newman Diesel Stop",NEWMAN,"(blank)"
"FuelWatch WA","FuelWatchRetail-05-2026.csv","May 17, 2026 @ 10:00:00.000","May 18, 2026 @ 22:00:01.000","131 Welsh Dr","Brand Diesel","6,753","269.9",Ampol,"Ampol Newman Diesel Stop",NEWMAN,"(blank)"
"FuelWatch WA","FuelWatchRetail-05-2026.csv","May 17, 2026 @ 10:00:00.000","May 18, 2026 @ 22:00:01.000","1 Wimbridge Rd",ULP,"6,229","179.9",Ampol,"Ampol Picton Depot With Front",PICTON,"(blank)"
"FuelWatch WA","FuelWatchRetail-05-2026.csv","May 17, 2026 @ 10:00:00.000","May 18, 2026 @ 22:00:01.000","1 Wimbridge Rd","98 RON","6,229","196.9",Ampol,"Ampol Picton Depot With Front",PICTON,"(blank)"
"FuelWatch WA","FuelWatchRetail-05-2026.csv","May 17, 2026 @ 10:00:00.000","May 18, 2026 @ 22:00:01.000","Cnr North Mole Dr & Rous Head Rd","Brand Diesel","6,159","213.5",Ampol,"Ampol Rous Head","NORTH FREMANTLE","(blank)"
"FuelWatch WA","FuelWatchRetail-05-2026.csv","May 17, 2026 @ 10:00:00.000","May 18, 2026 @ 22:00:01.000","Cnr North Mole Dr & Rous Head Rd","98 RON","6,159","205.9",Ampol,"Ampol Rous Head","NORTH FREMANTLE","(blank)"
"FuelWatch WA","FuelWatchRetail-05-2026.csv","May 17, 2026 @ 10:00:00.000","May 18, 2026 @ 22:00:01.000","119 Kurnall Rd",ULP,"6,106","179.9",Ampol,"Ampol Welshpool Diesel Stop",WELSHPOOL,"(blank)"
"FuelWatch WA","FuelWatchRetail-05-2026.csv","May 17, 2026 @ 10:00:00.000","May 18, 2026 @ 22:00:01.000","119 Kurnall Rd","98 RON","6,106","206.9",Ampol,"Ampol Welshpool Diesel Stop",WELSHPOOL,"(blank)"
"FuelWatch WA","FuelWatchRetail-05-2026.csv","May 17, 2026 @ 10:00:00.000","May 18, 2026 @ 22:00:01.000","26 Davis St",Diesel,"6,432","228.9",Astron,"Astron Boulder Kalgoorlie",BOULDER,"(blank)"
"FuelWatch WA","FuelWatchRetail-05-2026.csv","May 17, 2026 @ 10:00:00.000","May 18, 2026 @ 22:00:01.000","121 Quinns Rd",PULP,"6,030","199.5",Astron,"Astron Quinns Rocks","QUINNS ROCKS","(blank)"
"FuelWatch WA","FuelWatchRetail-05-2026.csv","May 17, 2026 @ 10:00:00.000","May 18, 2026 @ 22:00:01.000","Cnr Great Eastern Hwy & Yilgarn Ave",ULP,"6,401","183.4",Atlas,"Atlas Fresh Trading Co Northam",MALABAINE,"(blank)"
"FuelWatch WA","FuelWatchRetail-05-2026.csv","May 17, 2026 @ 10:00:00.000","May 18, 2026 @ 22:00:01.000","472 Great Eastern Hwy","Brand Diesel","6,104","201.9",Atlas,"Atlas Fuel Ascot",ASCOT,"(blank)"
"FuelWatch WA","FuelWatchRetail-05-2026.csv","May 17, 2026 @ 10:00:00.000","May 18, 2026 @ 22:00:01.000","40 Bennett St",PULP,"6,055","186.8",Atlas,"Atlas Fuel Caversham",CAVERSHAM,"(blank)"
"FuelWatch WA","FuelWatchRetail-05-2026.csv","May 17, 2026 @ 10:00:00.000","May 18, 2026 @ 22:00:01.000","40 Bennett St",Diesel,"6,055","204.8",Atlas,"Atlas Fuel Caversham",CAVERSHAM,"(blank)"
"FuelWatch WA","FuelWatchRetail-05-2026.csv","May 17, 2026 @ 10:00:00.000","May 18, 2026 @ 22:00:01.000","121-125 Ridley St","98 RON","6,311","219.9",Atlas,"Atlas Fuel Cuballing",CUBALLING,"(blank)"
"FuelWatch WA","FuelWatchRetail-05-2026.csv","May 17, 2026 @ 10:00:00.000","May 18, 2026 @ 22:00:01.000","12 Antsey Rd",ULP,"6,112","169.5",Atlas,"Atlas Fuel Forrestdale",FORRESTDALE,"(blank)"
"FuelWatch WA","FuelWatchRetail-05-2026.csv","May 17, 2026 @ 10:00:00.000","May 18, 2026 @ 22:00:01.000","78C Hale Rd",ULP,"6,058","171.5",Atlas,"Atlas Fuel Forrestfield",FORRESTFIELD,"(blank)"
"FuelWatch WA","FuelWatchRetail-05-2026.csv","May 17, 2026 @ 10:00:00.000","May 18, 2026 @ 22:00:01.000","78C Hale Rd",PULP,"6,058","181.5",Atlas,"Atlas Fuel Forrestfield",FORRESTFIELD,"(blank)"
"FuelWatch WA","FuelWatchRetail-05-2026.csv","May 17, 2026 @ 10:00:00.000","May 18, 2026 @ 22:00:01.000","78C Hale Rd","98 RON","6,058","191.9",Atlas,"Atlas Fuel Forrestfield",FORRESTFIELD,"(blank)"
"FuelWatch WA","FuelWatchRetail-05-2026.csv","May 17, 2026 @ 10:00:00.000","May 18, 2026 @ 22:00:01.000","184 North West Coastal Hwy",PULP,"6,530","192.9",Atlas,"Atlas Fuel Geraldton",WONTHELLA,"(blank)"
"FuelWatch WA","FuelWatchRetail-05-2026.csv","May 17, 2026 @ 10:00:00.000","May 18, 2026 @ 22:00:01.000","2 Jarrahdale Rd",Diesel,"6,124","208.9",Atlas,"Atlas Fuel Jarrahdale",JARRAHDALE,"(blank)"
"FuelWatch WA","FuelWatchRetail-05-2026.csv","May 17, 2026 @ 10:00:00.000","May 18, 2026 @ 22:00:01.000","1 Mandurah Rd",PULP,"6,167","181.5",Atlas,"Atlas Fuel Kwinana","KWINANA BEACH","(blank)"
"FuelWatch WA","FuelWatchRetail-05-2026.csv","May 17, 2026 @ 10:00:00.000","May 18, 2026 @ 22:00:01.000","1 Mandurah Rd","98 RON","6,167","189.9",Atlas,"Atlas Fuel Kwinana","KWINANA BEACH","(blank)"
"FuelWatch WA","FuelWatchRetail-05-2026.csv","May 17, 2026 @ 10:00:00.000","May 18, 2026 @ 22:00:01.000","227 Morrison Rd","Brand Diesel","6,056","219.9",Atlas,"Atlas Fuel Midvale",MIDVALE,"(blank)"
"FuelWatch WA","FuelWatchRetail-05-2026.csv","May 17, 2026 @ 10:00:00.000","May 18, 2026 @ 22:00:01.000","46 Midlands Rd",ULP,"6,522","219.9",Atlas,"Atlas Fuel Mingenew",MINGENEW,"(blank)"
"FuelWatch WA","FuelWatchRetail-05-2026.csv","May 17, 2026 @ 10:00:00.000","May 18, 2026 @ 22:00:01.000","44 Egerton St",ULP,"6,312","186.9",Atlas,"Atlas Fuel Narrogin",NARROGIN,"(blank)"
"FuelWatch WA","FuelWatchRetail-05-2026.csv","May 17, 2026 @ 10:00:00.000","May 18, 2026 @ 22:00:01.000","44 Egerton St",Diesel,"6,312","236.9",Atlas,"Atlas Fuel Narrogin",NARROGIN,"(blank)"
"FuelWatch WA","FuelWatchRetail-05-2026.csv","May 17, 2026 @ 10:00:00.000","May 18, 2026 @ 22:00:01.000","223 Yale Rd",PULP,"6,108","189.9",Atlas,"Atlas Fuel Thornlie",THORNLIE,"(blank)"
"FuelWatch WA","FuelWatchRetail-05-2026.csv","May 17, 2026 @ 10:00:00.000","May 18, 2026 @ 22:00:01.000","223 Yale Rd",Diesel,"6,108","199.9",Atlas,"Atlas Fuel Thornlie",THORNLIE,"(blank)"
"FuelWatch WA","FuelWatchRetail-05-2026.csv","May 17, 2026 @ 10:00:00.000","May 18, 2026 @ 22:00:01.000","951 Wanneroo Rd",ULP,"6,065","173.5",Atlas,"Atlas Fuel Wanneroo",WANNEROO,"(blank)"
"FuelWatch WA","FuelWatchRetail-05-2026.csv","May 17, 2026 @ 10:00:00.000","May 18, 2026 @ 22:00:01.000","36 Welshpool Rd",ULP,"6,106","169.9",Atlas,"Atlas Fuel Welshpool",WELSHPOOL,"(blank)"
"FuelWatch WA","FuelWatchRetail-05-2026.csv","May 17, 2026 @ 10:00:00.000","May 18, 2026 @ 22:00:01.000","36 Welshpool Rd",Diesel,"6,106","199.9",Atlas,"Atlas Fuel Welshpool",WELSHPOOL,"(blank)"
"FuelWatch WA","FuelWatchRetail-05-2026.csv","May 17, 2026 @ 10:00:00.000","May 18, 2026 @ 22:00:01.000","36 Welshpool Rd","98 RON","6,106","194.9",Atlas,"Atlas Fuel Welshpool",WELSHPOOL,"(blank)"
"FuelWatch WA","FuelWatchRetail-05-2026.csv","May 17, 2026 @ 10:00:00.000","May 18, 2026 @ 22:00:01.000","2 Meagher Dr",ULP,"6,521","199.9",Independent,"Badgingarra Roadhouse & Tourist Park",BADGINGARRA,"(blank)"
"FuelWatch WA","FuelWatchRetail-05-2026.csv","May 17, 2026 @ 10:00:00.000","May 18, 2026 @ 22:00:01.000","46458 South Coast Hwy","98 RON","6,330",210,Liberty,"Bakers Food and Fuel","KING RIVER","(blank)"
"FuelWatch WA","FuelWatchRetail-05-2026.csv","May 17, 2026 @ 10:00:00.000","May 18, 2026 @ 22:00:01.000","18 Beagle Bay Rd",ULP,"6,725",320,Mogas,"Beagle Bay Community Store","DAMPIER PENINSULA","(blank)"
"FuelWatch WA","FuelWatchRetail-05-2026.csv","May 17, 2026 @ 10:00:00.000","May 18, 2026 @ 22:00:01.000","18 Beagle Bay Rd",Diesel,"6,725",390,Mogas,"Beagle Bay Community Store","DAMPIER PENINSULA","(blank)"
"FuelWatch WA","FuelWatchRetail-05-2026.csv","May 17, 2026 @ 10:00:00.000","May 18, 2026 @ 22:00:01.000","177-179 Great Eastern Hwy",ULP,"6,056","175.5","Better Choice","Better Choice Bellevue",BELLEVUE,"(blank)"
"FuelWatch WA","FuelWatchRetail-05-2026.csv","May 17, 2026 @ 10:00:00.000","May 18, 2026 @ 22:00:01.000","177-179 Great Eastern Hwy",PULP,"6,056","192.5","Better Choice","Better Choice Bellevue",BELLEVUE,"(blank)"
"FuelWatch WA","FuelWatchRetail-05-2026.csv","May 17, 2026 @ 10:00:00.000","May 18, 2026 @ 22:00:01.000","177-179 Great Eastern Hwy",LPG,"6,056","147.5","Better Choice","Better Choice Bellevue",BELLEVUE,"(blank)"
"FuelWatch WA","FuelWatchRetail-05-2026.csv","May 17, 2026 @ 10:00:00.000","May 18, 2026 @ 22:00:01.000","177-179 Great Eastern Hwy","98 RON","6,056","201.5","Better Choice","Better Choice Bellevue",BELLEVUE,"(blank)"
"FuelWatch WA","FuelWatchRetail-05-2026.csv","May 17, 2026 @ 10:00:00.000","May 18, 2026 @ 22:00:01.000","25 Preston St","98 RON","6,152","202.5","Better Choice","Better Choice Como",COMO,"(blank)"
"FuelWatch WA","FuelWatchRetail-05-2026.csv","May 17, 2026 @ 10:00:00.000","May 18, 2026 @ 22:00:01.000","21 Edgewater Dr",PULP,"6,027","193.5","Better Choice","Better Choice Edgewater",EDGEWATER,"(blank)"
"FuelWatch WA","FuelWatchRetail-05-2026.csv","May 17, 2026 @ 10:00:00.000","May 18, 2026 @ 22:00:01.000","21 Edgewater Dr","98 RON","6,027","202.5","Better Choice","Better Choice Edgewater",EDGEWATER,"(blank)"
"FuelWatch WA","FuelWatchRetail-05-2026.csv","May 17, 2026 @ 10:00:00.000","May 18, 2026 @ 22:00:01.000","12440 Bussell Hwy",PULP,"6,288","209.5","Better Choice","Better Choice Karridale Roadhouse",KARRIDALE,"(blank)"
"FuelWatch WA","FuelWatchRetail-05-2026.csv","May 17, 2026 @ 10:00:00.000","May 18, 2026 @ 22:00:01.000","3 Carson Rd",ULP,"6,090","173.5","Better Choice","Better Choice Malaga",MALAGA,"(blank)"
"FuelWatch WA","FuelWatchRetail-05-2026.csv","May 17, 2026 @ 10:00:00.000","May 18, 2026 @ 22:00:01.000","3 Carson Rd",LPG,"6,090","149.5","Better Choice","Better Choice Malaga",MALAGA,"(blank)"
"FuelWatch WA","FuelWatchRetail-05-2026.csv","May 17, 2026 @ 10:00:00.000","May 18, 2026 @ 22:00:01.000","211 Bussell Hwy",ULP,"6,285","189.5","Better Choice","Better Choice Margaret River","MARGARET RIVER","(blank)"
"FuelWatch WA","FuelWatchRetail-05-2026.csv","May 17, 2026 @ 10:00:00.000","May 18, 2026 @ 22:00:01.000","211 Bussell Hwy","98 RON","6,285","215.5","Better Choice","Better Choice Margaret River","MARGARET RIVER","(blank)"
"FuelWatch WA","FuelWatchRetail-05-2026.csv","May 17, 2026 @ 10:00:00.000","May 18, 2026 @ 22:00:01.000","150 Wanneroo Rd","Brand Diesel","6,060","225.5","Better Choice","Better Choice Tuart Hill","TUART HILL","(blank)"
"FuelWatch WA","FuelWatchRetail-05-2026.csv","May 17, 2026 @ 10:00:00.000","May 18, 2026 @ 22:00:01.000","149 Vincent St",ULP,"6,304","189.7",Liberty,"Beverley Dome Roadhouse",BEVERLEY,"(blank)"
"FuelWatch WA","FuelWatchRetail-05-2026.csv","May 17, 2026 @ 10:00:00.000","May 18, 2026 @ 22:00:01.000","149 Vincent St","98 RON","6,304","209.7",Liberty,"Beverley Dome Roadhouse",BEVERLEY,"(blank)"
"FuelWatch WA","FuelWatchRetail-05-2026.csv","May 17, 2026 @ 10:00:00.000","May 18, 2026 @ 22:00:01.000","Lot 85 Bidyadanga Rd Bidyadanga Community",ULP,"6,725",284,Independent,"Bidyadanga Store",LAGRANGE,"(blank)"
"FuelWatch WA","FuelWatchRetail-05-2026.csv","May 17, 2026 @ 10:00:00.000","May 18, 2026 @ 22:00:01.000","23253 North West Coast Hwy",Diesel,"6,532","225.9",Independent,"Billabong Homestead Hotel Motel",MEADOW,"(blank)"
"FuelWatch WA","FuelWatchRetail-05-2026.csv","May 17, 2026 @ 10:00:00.000","May 18, 2026 @ 22:00:01.000","Lot 2 North West Coastal Hwy","98 RON","6,532","209.9",Independent,"Billabong Roadhouse",MEADOW,"(blank)"
"FuelWatch WA","FuelWatchRetail-05-2026.csv","May 17, 2026 @ 10:00:00.000","May 18, 2026 @ 22:00:01.000","57 Corboy St",Diesel,"6,424","235.9",Perrys,"Bodallin Roadhouse",BODALLIN,"(blank)"
"FuelWatch WA","FuelWatchRetail-05-2026.csv","May 17, 2026 @ 10:00:00.000","May 18, 2026 @ 22:00:01.000","38 Bannister Rd","98 RON","6,390",222,BP,"Boddington Service Station",BODDINGTON,"(blank)"
"FuelWatch WA","FuelWatchRetail-05-2026.csv","May 17, 2026 @ 10:00:00.000","May 18, 2026 @ 22:00:01.000","8B South Western Hwy",ULP,"6,237","183.9","WA Fuels","Boyanup Fuel",BOYANUP,"(blank)"
"FuelWatch WA","FuelWatchRetail-05-2026.csv","May 17, 2026 @ 10:00:00.000","May 18, 2026 @ 22:00:01.000","8B South Western Hwy",Diesel,"6,237","238.9","WA Fuels","Boyanup Fuel",BOYANUP,"(blank)"
"FuelWatch WA","FuelWatchRetail-05-2026.csv","May 17, 2026 @ 10:00:00.000","May 18, 2026 @ 22:00:01.000","33 Abel St",Diesel,"6,244","230.9",Ampol,"Boyup Brook Tyre Service","BOYUP BROOK","(blank)"
"FuelWatch WA","FuelWatchRetail-05-2026.csv","May 17, 2026 @ 10:00:00.000","May 18, 2026 @ 22:00:01.000","59 Great Eastern Hwy","Brand Diesel","6,056","219.9",BP,"BP 2go Bellevue",BELLEVUE,"(blank)"
"FuelWatch WA","FuelWatchRetail-05-2026.csv","May 17, 2026 @ 10:00:00.000","May 18, 2026 @ 22:00:01.000","59 Great Eastern Hwy","98 RON","6,056","214.9",BP,"BP 2go Bellevue",BELLEVUE,"(blank)"
"FuelWatch WA","FuelWatchRetail-05-2026.csv","May 17, 2026 @ 10:00:00.000","May 18, 2026 @ 22:00:01.000","69 Pinetree Gully Rd",ULP,"6,155","176.9",BP,"BP 2go Burrendah",WILLETTON,"(blank)"
"FuelWatch WA","FuelWatchRetail-05-2026.csv","May 17, 2026 @ 10:00:00.000","May 18, 2026 @ 22:00:01.000","1443 Albany Hwy","98 RON","6,107","200.9",BP,"BP 2go Cannington",CANNINGTON,"(blank)"
"FuelWatch WA","FuelWatchRetail-05-2026.csv","May 17, 2026 @ 10:00:00.000","May 18, 2026 @ 22:00:01.000","228 Morrison Rd",PULP,"6,056","188.9",BP,"BP 2go Morrison Road",MIDVALE,"(blank)"
"FuelWatch WA","FuelWatchRetail-05-2026.csv","May 17, 2026 @ 10:00:00.000","May 18, 2026 @ 22:00:01.000","40 Benara Rd",ULP,"6,062","173.9",BP,"BP 2go Noranda",NORANDA,"(blank)"
"FuelWatch WA","FuelWatchRetail-05-2026.csv","May 17, 2026 @ 10:00:00.000","May 18, 2026 @ 22:00:01.000","183-187 Mandurah Tce",PULP,"6,210","191.9",BP,"BP 2go Silver Sands",MANDURAH,"(blank)"
"FuelWatch WA","FuelWatchRetail-05-2026.csv","May 17, 2026 @ 10:00:00.000","May 18, 2026 @ 22:00:01.000","183-187 Mandurah Tce","Brand Diesel","6,210","229.9",BP,"BP 2go Silver Sands",MANDURAH,"(blank)"
"FuelWatch WA","FuelWatchRetail-05-2026.csv","May 17, 2026 @ 10:00:00.000","May 18, 2026 @ 22:00:01.000","183-187 Mandurah Tce","98 RON","6,210","200.9",BP,"BP 2go Silver Sands",MANDURAH,"(blank)"
"FuelWatch WA","FuelWatchRetail-05-2026.csv","May 17, 2026 @ 10:00:00.000","May 18, 2026 @ 22:00:01.000","941 Whitfords Ave",ULP,"6,026","177.9",BP,"BP 2go Woodvale",WOODVALE,"(blank)"
"FuelWatch WA","FuelWatchRetail-05-2026.csv","May 17, 2026 @ 10:00:00.000","May 18, 2026 @ 22:00:01.000","941 Whitfords Ave",PULP,"6,026","192.9",BP,"BP 2go Woodvale",WOODVALE,"(blank)"
"FuelWatch WA","FuelWatchRetail-05-2026.csv","May 17, 2026 @ 10:00:00.000","May 18, 2026 @ 22:00:01.000","941 Whitfords Ave","Brand Diesel","6,026","229.9",BP,"BP 2go Woodvale",WOODVALE,"(blank)"
"FuelWatch WA","FuelWatchRetail-05-2026.csv","May 17, 2026 @ 10:00:00.000","May 18, 2026 @ 22:00:01.000","941 Whitfords Ave","98 RON","6,026","201.9",BP,"BP 2go Woodvale",WOODVALE,"(blank)"
"FuelWatch WA","FuelWatchRetail-05-2026.csv","May 17, 2026 @ 10:00:00.000","May 18, 2026 @ 22:00:01.000","53 Erindale Rd",PULP,"6,021","198.9",BP,"BP Balcatta",BALCATTA,"(blank)"
"FuelWatch WA","FuelWatchRetail-05-2026.csv","May 17, 2026 @ 10:00:00.000","May 18, 2026 @ 22:00:01.000","53 Erindale Rd",LPG,"6,021","159.9",BP,"BP Balcatta",BALCATTA,"(blank)"
"FuelWatch WA","FuelWatchRetail-05-2026.csv","May 17, 2026 @ 10:00:00.000","May 18, 2026 @ 22:00:01.000","Lot 191 Paparone Rd","98 RON","6,171","201.9",BP,"BP Baldivis Northbound Travel Centre",BALDIVIS,"(blank)"
"FuelWatch WA","FuelWatchRetail-05-2026.csv","May 17, 2026 @ 10:00:00.000","May 18, 2026 @ 22:00:01.000","Lot 192 Leary Rd",Diesel,"6,171","229.9",BP,"BP Baldivis Southbound Travel Centre",BALDIVIS,"(blank)"
"FuelWatch WA","FuelWatchRetail-05-2026.csv","May 17, 2026 @ 10:00:00.000","May 18, 2026 @ 22:00:01.000","Lot 192 Leary Rd","Brand Diesel","6,171","232.9",BP,"BP Baldivis Southbound Travel Centre",BALDIVIS,"(blank)"
"FuelWatch WA","FuelWatchRetail-05-2026.csv","May 17, 2026 @ 10:00:00.000","May 18, 2026 @ 22:00:01.000","Lot 21 Eyre Hwy",Diesel,"6,443","254.5",BP,"BP Balladonia","FRASER RANGE","(blank)"
"FuelWatch WA","FuelWatchRetail-05-2026.csv","May 17, 2026 @ 10:00:00.000","May 18, 2026 @ 22:00:01.000","2 Illawarra Cres North","Brand Diesel","6,066","229.9",BP,"BP Ballajura",BALLAJURA,"(blank)"
"FuelWatch WA","FuelWatchRetail-05-2026.csv","May 17, 2026 @ 10:00:00.000","May 18, 2026 @ 22:00:01.000","1084 Great Northern Hwy",ULP,"6,056","189.9",BP,"BP Baskerville",BASKERVILLE,"(blank)"
"FuelWatch WA","FuelWatchRetail-05-2026.csv","May 17, 2026 @ 10:00:00.000","May 18, 2026 @ 22:00:01.000","701 Beeliar Dr",ULP,"6,164","183.9",BP,"BP Beeliar","COCKBURN CENTRAL","(blank)"
"FuelWatch WA","FuelWatchRetail-05-2026.csv","May 17, 2026 @ 10:00:00.000","May 18, 2026 @ 22:00:01.000","701 Beeliar Dr",PULP,"6,164","198.9",BP,"BP Beeliar","COCKBURN CENTRAL","(blank)"
"FuelWatch WA","FuelWatchRetail-05-2026.csv","May 17, 2026 @ 10:00:00.000","May 18, 2026 @ 22:00:01.000","701 Beeliar Dr","Brand Diesel","6,164","229.9",BP,"BP Beeliar","COCKBURN CENTRAL","(blank)"
"FuelWatch WA","FuelWatchRetail-05-2026.csv","May 17, 2026 @ 10:00:00.000","May 18, 2026 @ 22:00:01.000","261 Eddystone Ave","Brand Diesel","6,027","229.9",BP,"BP Beldon",BELDON,"(blank)"
"FuelWatch WA","FuelWatchRetail-05-2026.csv","May 17, 2026 @ 10:00:00.000","May 18, 2026 @ 22:00:01.000","2 Wellard St","Brand Diesel","6,163","229.9",BP,"BP Bibra Lake","BIBRA LAKE","(blank)"
"FuelWatch WA","FuelWatchRetail-05-2026.csv","May 17, 2026 @ 10:00:00.000","May 18, 2026 @ 22:00:01.000","2 Coghlan St",ULP,"6,725","215.9",BP,"BP Broome Central Service Centre",DJUGUN,"(blank)"
"FuelWatch WA","FuelWatchRetail-05-2026.csv","May 17, 2026 @ 10:00:00.000","May 18, 2026 @ 22:00:01.000","2 Coghlan St",Diesel,"6,725","248.9",BP,"BP Broome Central Service Centre",DJUGUN,"(blank)"
"FuelWatch WA","FuelWatchRetail-05-2026.csv","May 17, 2026 @ 10:00:00.000","May 18, 2026 @ 22:00:01.000","2 Coghlan St","98 RON","6,725","237.9",BP,"BP Broome Central Service Centre",DJUGUN,"(blank)"
"FuelWatch WA","FuelWatchRetail-05-2026.csv","May 17, 2026 @ 10:00:00.000","May 18, 2026 @ 22:00:01.000","1 Johnson St",Diesel,"6,418","249.9",BP,"BP Bruce Rock OPT","BRUCE ROCK","(blank)"
"FuelWatch WA","FuelWatchRetail-05-2026.csv","May 17, 2026 @ 10:00:00.000","May 18, 2026 @ 22:00:01.000","1 Wilfred Rd",ULP,"6,155","177.9",BP,"BP Canning Vale","CANNING VALE","(blank)"
"FuelWatch WA","FuelWatchRetail-05-2026.csv","May 17, 2026 @ 10:00:00.000","May 18, 2026 @ 22:00:01.000","1 Wilfred Rd","Brand Diesel","6,155","229.9",BP,"BP Canning Vale","CANNING VALE","(blank)"
"FuelWatch WA","FuelWatchRetail-05-2026.csv","May 17, 2026 @ 10:00:00.000","May 18, 2026 @ 22:00:01.000","Midlands Rd",ULP,"6,517","215.9",BP,"BP Carnamah",CARNAMAH,"(blank)"
"FuelWatch WA","FuelWatchRetail-05-2026.csv","May 17, 2026 @ 10:00:00.000","May 18, 2026 @ 22:00:01.000","Midlands Rd",Diesel,"6,517","278.9",BP,"BP Carnamah",CARNAMAH,"(blank)"
"FuelWatch WA","FuelWatchRetail-05-2026.csv","May 17, 2026 @ 10:00:00.000","May 18, 2026 @ 22:00:01.000","Midlands Rd","98 RON","6,517","235.9",BP,"BP Carnamah",CARNAMAH,"(blank)"
"FuelWatch WA","FuelWatchRetail-05-2026.csv","May 17, 2026 @ 10:00:00.000","May 18, 2026 @ 22:00:01.000","1134 North West Coastal Hwy",Diesel,"6,701","262.9",BP,"BP Carnarvon","BROWN RANGE","(blank)"
"FuelWatch WA","FuelWatchRetail-05-2026.csv","May 17, 2026 @ 10:00:00.000","May 18, 2026 @ 22:00:01.000","1134 North West Coastal Hwy","98 RON","6,701","238.9",BP,"BP Carnarvon","BROWN RANGE","(blank)"
"FuelWatch WA","FuelWatchRetail-05-2026.csv","May 17, 2026 @ 10:00:00.000","May 18, 2026 @ 22:00:01.000","28K Caloundra Rd",ULP,"6,030","177.9",BP,"BP Clarkson",CLARKSON,"(blank)"
"FuelWatch WA","FuelWatchRetail-05-2026.csv","May 17, 2026 @ 10:00:00.000","May 18, 2026 @ 22:00:01.000","28K Caloundra Rd","98 RON","6,030","202.9",BP,"BP Clarkson",CLARKSON,"(blank)"
"FuelWatch WA","FuelWatchRetail-05-2026.csv","May 17, 2026 @ 10:00:00.000","May 18, 2026 @ 22:00:01.000","210 Great Eastern Hwy","Brand Diesel","6,104","229.9",BP,"BP Connect Ascot (WA)",ASCOT,"(blank)"
"FuelWatch WA","FuelWatchRetail-05-2026.csv","May 17, 2026 @ 10:00:00.000","May 18, 2026 @ 22:00:01.000","2 Prendiville Ave","98 RON","6,027","201.9",BP,"BP Connect Beaumauris","OCEAN REEF","(blank)"
"FuelWatch WA","FuelWatchRetail-05-2026.csv","May 17, 2026 @ 10:00:00.000","May 18, 2026 @ 22:00:01.000","2 Sunlander Dr",ULP,"6,028","176.9",BP,"BP Connect Currambine",CURRAMBINE,"(blank)"
"FuelWatch WA","FuelWatchRetail-05-2026.csv","May 17, 2026 @ 10:00:00.000","May 18, 2026 @ 22:00:01.000","2 Sunlander Dr",PULP,"6,028","191.9",BP,"BP Connect Currambine",CURRAMBINE,"(blank)"
"FuelWatch WA","FuelWatchRetail-05-2026.csv","May 17, 2026 @ 10:00:00.000","May 18, 2026 @ 22:00:01.000","2 Sunlander Dr","Brand Diesel","6,028","225.9",BP,"BP Connect Currambine",CURRAMBINE,"(blank)"
"FuelWatch WA","FuelWatchRetail-05-2026.csv","May 17, 2026 @ 10:00:00.000","May 18, 2026 @ 22:00:01.000","2 Sunlander Dr","98 RON","6,028","200.9",BP,"BP Connect Currambine",CURRAMBINE,"(blank)"
"FuelWatch WA","FuelWatchRetail-05-2026.csv","May 17, 2026 @ 10:00:00.000","May 18, 2026 @ 22:00:01.000","68-70 Brown St",ULP,"6,004","179.9",BP,"BP Connect East Perth","EAST PERTH","(blank)"
"FuelWatch WA","FuelWatchRetail-05-2026.csv","May 17, 2026 @ 10:00:00.000","May 18, 2026 @ 22:00:01.000","68-70 Brown St","98 RON","6,004","203.9",BP,"BP Connect East Perth","EAST PERTH","(blank)"
"FuelWatch WA","FuelWatchRetail-05-2026.csv","May 17, 2026 @ 10:00:00.000","May 18, 2026 @ 22:00:01.000","4 Chisham Ave",PULP,"6,167","190.9",BP,"BP Connect Kwinana Hub","KWINANA TOWN CENTRE","(blank)"
"FuelWatch WA","FuelWatchRetail-05-2026.csv","May 17, 2026 @ 10:00:00.000","May 18, 2026 @ 22:00:01.000","2 Ridgewood Bvd",ULP,"6,030","176.9",BP,"BP Connect Merriwa",RIDGEWOOD,"(blank)"
"FuelWatch WA","FuelWatchRetail-05-2026.csv","May 17, 2026 @ 10:00:00.000","May 18, 2026 @ 22:00:01.000","2 Ridgewood Bvd","Brand Diesel","6,030","223.9",BP,"BP Connect Merriwa",RIDGEWOOD,"(blank)"
"FuelWatch WA","FuelWatchRetail-05-2026.csv","May 17, 2026 @ 10:00:00.000","May 18, 2026 @ 22:00:01.000","246 Leach Hwy",ULP,"6,154","176.9",BP,"BP Connect Myaree",MYAREE,"(blank)"
"FuelWatch WA","FuelWatchRetail-05-2026.csv","May 17, 2026 @ 10:00:00.000","May 18, 2026 @ 22:00:01.000","246 Leach Hwy","98 RON","6,154","201.9",BP,"BP Connect Myaree",MYAREE,"(blank)"
"FuelWatch WA","FuelWatchRetail-05-2026.csv","May 17, 2026 @ 10:00:00.000","May 18, 2026 @ 22:00:01.000","349 Charles St",PULP,"6,006","192.9",BP,"BP Connect North Perth","NORTH PERTH","(blank)"
"FuelWatch WA","FuelWatchRetail-05-2026.csv","May 17, 2026 @ 10:00:00.000","May 18, 2026 @ 22:00:01.000","2 Warburton Ave",ULP,"6,025","176.9",BP,"BP Connect Padbury",PADBURY,"(blank)"
"FuelWatch WA","FuelWatchRetail-05-2026.csv","May 17, 2026 @ 10:00:00.000","May 18, 2026 @ 22:00:01.000","2 Warburton Ave","98 RON","6,025","200.9",BP,"BP Connect Padbury",PADBURY,"(blank)"
"FuelWatch WA","FuelWatchRetail-05-2026.csv","May 17, 2026 @ 10:00:00.000","May 18, 2026 @ 22:00:01.000","214 Warnbro Sound Ave","Brand Diesel","6,169","225.9",BP,"BP Connect Palm Springs",WARNBRO,"(blank)"
"FuelWatch WA","FuelWatchRetail-05-2026.csv","May 17, 2026 @ 10:00:00.000","May 18, 2026 @ 22:00:01.000","222 Rockingham Rd",ULP,"6,163","179.9",BP,"BP Connect Phoenix",SPEARWOOD,"(blank)"
"FuelWatch WA","FuelWatchRetail-05-2026.csv","May 17, 2026 @ 10:00:00.000","May 18, 2026 @ 22:00:01.000","222 Rockingham Rd","Brand Diesel","6,163","229.9",BP,"BP Connect Phoenix",SPEARWOOD,"(blank)"
"FuelWatch WA","FuelWatchRetail-05-2026.csv","May 17, 2026 @ 10:00:00.000","May 18, 2026 @ 22:00:01.000","222 Rockingham Rd","98 RON","6,163","202.9",BP,"BP Connect Phoenix",SPEARWOOD,"(blank)"
"FuelWatch WA","FuelWatchRetail-05-2026.csv","May 17, 2026 @ 10:00:00.000","May 18, 2026 @ 22:00:01.000","339 High Rd",PULP,"6,148","191.9",BP,"BP Connect Riverton",RIVERTON,"(blank)"
"FuelWatch WA","FuelWatchRetail-05-2026.csv","May 17, 2026 @ 10:00:00.000","May 18, 2026 @ 22:00:01.000","339 High Rd","98 RON","6,148","201.9",BP,"BP Connect Riverton",RIVERTON,"(blank)"
"FuelWatch WA","FuelWatchRetail-05-2026.csv","May 17, 2026 @ 10:00:00.000","May 18, 2026 @ 22:00:01.000","2 Chalgrove Ave","98 RON","6,168","200.9",BP,"BP Connect Rockingham Park",ROCKINGHAM,"(blank)"
"FuelWatch WA","FuelWatchRetail-05-2026.csv","May 17, 2026 @ 10:00:00.000","May 18, 2026 @ 22:00:01.000","9 Mends St",PULP,"6,151","192.9",BP,"BP Connect South Perth","SOUTH PERTH","(blank)"
"FuelWatch WA","FuelWatchRetail-05-2026.csv","May 17, 2026 @ 10:00:00.000","May 18, 2026 @ 22:00:01.000","9 Mends St","Brand Diesel","6,151","233.9",BP,"BP Connect South Perth","SOUTH PERTH","(blank)"
"FuelWatch WA","FuelWatchRetail-05-2026.csv","May 17, 2026 @ 10:00:00.000","May 18, 2026 @ 22:00:01.000","810 Beeliar Dr","Brand Diesel","6,164","229.9",BP,"BP Connect Thomsons Lake",SUCCESS,"(blank)"
"FuelWatch WA","FuelWatchRetail-05-2026.csv","May 17, 2026 @ 10:00:00.000","May 18, 2026 @ 22:00:01.000","261 Walter Rd West",PULP,"6,062","192.9",BP,"BP Connect Wellington Rd",MORLEY,"(blank)"
"FuelWatch WA","FuelWatchRetail-05-2026.csv","May 17, 2026 @ 10:00:00.000","May 18, 2026 @ 22:00:01.000","240 Cambridge St","Brand Diesel","6,014","229.9",BP,"BP Connect Wembley",WEMBLEY,"(blank)"
"FuelWatch WA","FuelWatchRetail-05-2026.csv","May 17, 2026 @ 10:00:00.000","May 18, 2026 @ 22:00:01.000","11 Scarborough Beach Rd",ULP,"6,019","176.9",BP,"BP Connect West Coast",SCARBOROUGH,"(blank)"
"FuelWatch WA","FuelWatchRetail-05-2026.csv","May 17, 2026 @ 10:00:00.000","May 18, 2026 @ 22:00:01.000","1 Walton St",Diesel,"6,375","229.9",BP,"BP Corrigin OPT",CORRIGIN,"(blank)"
"FuelWatch WA","FuelWatchRetail-05-2026.csv","May 17, 2026 @ 10:00:00.000","May 18, 2026 @ 22:00:01.000","1 Roy Earl Dr","98 RON","6,284","212.9",BP,"BP Cowaramup",COWARAMUP,"(blank)"
"FuelWatch WA","FuelWatchRetail-05-2026.csv","May 17, 2026 @ 10:00:00.000","May 18, 2026 @ 22:00:01.000","Lot 6 Great Eastern Hwy","98 RON","6,407","215.9",BP,"BP Cunderdin Roadhouse",CUNDERDIN,"(blank)"
"FuelWatch WA","FuelWatchRetail-05-2026.csv","May 17, 2026 @ 10:00:00.000","May 18, 2026 @ 22:00:01.000","29 Growden Pl",Diesel,"6,392","252.9",BP,"BP Darkan OPT",DARKAN,"(blank)"
"FuelWatch WA","FuelWatchRetail-05-2026.csv","May 17, 2026 @ 10:00:00.000","May 18, 2026 @ 22:00:01.000","138 Loch St",PULP,"6,728","228.9",BP,"BP Derby",DERBY,"(blank)"
"FuelWatch WA","FuelWatchRetail-05-2026.csv","May 17, 2026 @ 10:00:00.000","May 18, 2026 @ 22:00:01.000","19 Rodgers St",Diesel,"6,728","256.9",BP,"BP Derby Depot (Recharge Petroleum)",DERBY,"(blank)"
"FuelWatch WA","FuelWatchRetail-05-2026.csv","May 17, 2026 @ 10:00:00.000","May 18, 2026 @ 22:00:01.000","4 Wanneroo Rd","98 RON","6,060","201.9",BP,"BP Dog Swamp",YOKINE,"(blank)"
"FuelWatch WA","FuelWatchRetail-05-2026.csv","May 17, 2026 @ 10:00:00.000","May 18, 2026 @ 22:00:01.000","15 South Western Hwy",ULP,"6,239","189.9",BP,"BP Donnybrook",DONNYBROOK,"(blank)"
"FuelWatch WA","FuelWatchRetail-05-2026.csv","May 17, 2026 @ 10:00:00.000","May 18, 2026 @ 22:00:01.000","137 Dixon Rd",PULP,"6,168","193.9",BP,"BP East Rockingham","EAST ROCKINGHAM","(blank)"
"FuelWatch WA","FuelWatchRetail-05-2026.csv","May 17, 2026 @ 10:00:00.000","May 18, 2026 @ 22:00:01.000","137 Dixon Rd",Diesel,"6,168","226.9",BP,"BP East Rockingham","EAST ROCKINGHAM","(blank)"
"FuelWatch WA","FuelWatchRetail-05-2026.csv","May 17, 2026 @ 10:00:00.000","May 18, 2026 @ 22:00:01.000","137 Dixon Rd","Brand Diesel","6,168","229.9",BP,"BP East Rockingham","EAST ROCKINGHAM","(blank)"
"FuelWatch WA","FuelWatchRetail-05-2026.csv","May 17, 2026 @ 10:00:00.000","May 18, 2026 @ 22:00:01.000","137 Dixon Rd","98 RON","6,168","201.9",BP,"BP East Rockingham","EAST ROCKINGHAM","(blank)"
"FuelWatch WA","FuelWatchRetail-05-2026.csv","May 17, 2026 @ 10:00:00.000","May 18, 2026 @ 22:00:01.000","180 The Promenade","98 RON","6,069","201.9",BP,"BP Ellenbrook",ELLENBROOK,"(blank)"
"FuelWatch WA","FuelWatchRetail-05-2026.csv","May 17, 2026 @ 10:00:00.000","May 18, 2026 @ 22:00:01.000","484 Walter Rd East","Brand Diesel","6,062","225.9",BP,"BP Embleton",EMBLETON,"(blank)"
"FuelWatch WA","FuelWatchRetail-05-2026.csv","May 17, 2026 @ 10:00:00.000","May 18, 2026 @ 22:00:01.000","Lot 315 Great Northern Hwy",Diesel,"6,765","256.9",BP,"BP Fitzroy Crossing","FITZROY CROSSING","(blank)"
"FuelWatch WA","FuelWatchRetail-05-2026.csv","May 17, 2026 @ 10:00:00.000","May 18, 2026 @ 22:00:01.000","2 Alex Wood Dr",PULP,"6,112","193.9",BP,"BP Forrestdale",FORRESTDALE,"(blank)"
"FuelWatch WA","FuelWatchRetail-05-2026.csv","May 17, 2026 @ 10:00:00.000","May 18, 2026 @ 22:00:01.000","2 Alex Wood Dr","98 RON","6,112","201.9",BP,"BP Forrestdale",FORRESTDALE,"(blank)"
"FuelWatch WA","FuelWatchRetail-05-2026.csv","May 17, 2026 @ 10:00:00.000","May 18, 2026 @ 22:00:01.000","Lot 1662 Shenton St",Diesel,"6,530","220.9",BP,"BP Geraldton OPT","WEST END","(blank)"
"FuelWatch WA","FuelWatchRetail-05-2026.csv","May 17, 2026 @ 10:00:00.000","May 18, 2026 @ 22:00:01.000","438 Hannan St",ULP,"6,430","181.9",BP,"BP Golden Gate",KALGOORLIE,"(blank)"
"FuelWatch WA","FuelWatchRetail-05-2026.csv","May 17, 2026 @ 10:00:00.000","May 18, 2026 @ 22:00:01.000","438 Hannan St","98 RON","6,430","204.9",BP,"BP Golden Gate",KALGOORLIE,"(blank)"
"FuelWatch WA","FuelWatchRetail-05-2026.csv","May 17, 2026 @ 10:00:00.000","May 18, 2026 @ 22:00:01.000","11 Coolibah Dr",PULP,"6,024","198.9",BP,"BP Greenwood",GREENWOOD,"(blank)"
"FuelWatch WA","FuelWatchRetail-05-2026.csv","May 17, 2026 @ 10:00:00.000","May 18, 2026 @ 22:00:01.000","11 Coolibah Dr","98 RON","6,024","208.9",BP,"BP Greenwood",GREENWOOD,"(blank)"
"FuelWatch WA","FuelWatchRetail-05-2026.csv","May 17, 2026 @ 10:00:00.000","May 18, 2026 @ 22:00:01.000","1 Canham Way",ULP,"6,024","177.9",BP,"BP Greenwood North",GREENWOOD,"(blank)"
"FuelWatch WA","FuelWatchRetail-05-2026.csv","May 17, 2026 @ 10:00:00.000","May 18, 2026 @ 22:00:01.000","1 Canham Way","Brand Diesel","6,024","223.9",BP,"BP Greenwood North",GREENWOOD,"(blank)"
"FuelWatch WA","FuelWatchRetail-05-2026.csv","May 17, 2026 @ 10:00:00.000","May 18, 2026 @ 22:00:01.000","1 Canham Way","98 RON","6,024","201.9",BP,"BP Greenwood North",GREENWOOD,"(blank)"
"FuelWatch WA","FuelWatchRetail-05-2026.csv","May 17, 2026 @ 10:00:00.000","May 18, 2026 @ 22:00:01.000","1520 Gnangara Rd",LPG,"6,055","159.9",BP,"BP Henley Brook","HENLEY BROOK","(blank)"
"FuelWatch WA","FuelWatchRetail-05-2026.csv","May 17, 2026 @ 10:00:00.000","May 18, 2026 @ 22:00:01.000","1520 Gnangara Rd","98 RON","6,055","208.9",BP,"BP Henley Brook","HENLEY BROOK","(blank)"
"FuelWatch WA","FuelWatchRetail-05-2026.csv","May 17, 2026 @ 10:00:00.000","May 18, 2026 @ 22:00:01.000","342 Beaufort St",ULP,"6,000","179.9",BP,"BP Highgate",PERTH,"(blank)"
"FuelWatch WA","FuelWatchRetail-05-2026.csv","May 17, 2026 @ 10:00:00.000","May 18, 2026 @ 22:00:01.000","68 Warton Rd",PULP,"6,110","192.9",BP,"BP Huntingdale",HUNTINGDALE,"(blank)"
"FuelWatch WA","FuelWatchRetail-05-2026.csv","May 17, 2026 @ 10:00:00.000","May 18, 2026 @ 22:00:01.000","68 Warton Rd","Brand Diesel","6,110","227.9",BP,"BP Huntingdale",HUNTINGDALE,"(blank)"
"FuelWatch WA","FuelWatchRetail-05-2026.csv","May 17, 2026 @ 10:00:00.000","May 18, 2026 @ 22:00:01.000","7 Marshall St","98 RON","6,359","235.9",BP,"BP Hyden OPT",HYDEN,"(blank)"
"FuelWatch WA","FuelWatchRetail-05-2026.csv","May 17, 2026 @ 10:00:00.000","May 18, 2026 @ 22:00:01.000","5 Memorial Rd",ULP,"6,337","209.9",BP,"BP Jerramungup OPT",JERRAMUNGUP,"(blank)"
"FuelWatch WA","FuelWatchRetail-05-2026.csv","May 17, 2026 @ 10:00:00.000","May 18, 2026 @ 22:00:01.000","2 Abello Bvd",ULP,"6,036","175.9",BP,"BP Jindalee",JINDALEE,"(blank)"
"FuelWatch WA","FuelWatchRetail-05-2026.csv","May 17, 2026 @ 10:00:00.000","May 18, 2026 @ 22:00:01.000","2 Abello Bvd",PULP,"6,036","190.9",BP,"BP Jindalee",JINDALEE,"(blank)"
"FuelWatch WA","FuelWatchRetail-05-2026.csv","May 17, 2026 @ 10:00:00.000","May 18, 2026 @ 22:00:01.000","2 Abello Bvd","98 RON","6,036","198.9",BP,"BP Jindalee",JINDALEE,"(blank)"
"FuelWatch WA","FuelWatchRetail-05-2026.csv","May 17, 2026 @ 10:00:00.000","May 18, 2026 @ 22:00:01.000","1 Rolinson Dr",ULP,"6,468","215.9",BP,"BP Kalannie OPT",KALANNIE,"(blank)"
"FuelWatch WA","FuelWatchRetail-05-2026.csv","May 17, 2026 @ 10:00:00.000","May 18, 2026 @ 22:00:01.000","1 Rolinson Dr",Diesel,"6,468","268.9",BP,"BP Kalannie OPT",KALANNIE,"(blank)"
"FuelWatch WA","FuelWatchRetail-05-2026.csv","May 17, 2026 @ 10:00:00.000","May 18, 2026 @ 22:00:01.000","22 Ajana-Kalbarri Rd","98 RON","6,536","210.9",BP,"BP Kalbarri",KALBARRI,"(blank)"
"FuelWatch WA","FuelWatchRetail-05-2026.csv","May 17, 2026 @ 10:00:00.000","May 18, 2026 @ 22:00:01.000","88 Gilbertson Rd","98 RON","6,163","202.9",BP,"BP Kardinya",KARDINYA,"(blank)"
"FuelWatch WA","FuelWatchRetail-05-2026.csv","May 17, 2026 @ 10:00:00.000","May 18, 2026 @ 22:00:01.000","Lot 9 Resource Rd",ULP,"6,714","199.9",BP,"BP Karratha West","GAP RIDGE","(blank)"
"FuelWatch WA","FuelWatchRetail-05-2026.csv","May 17, 2026 @ 10:00:00.000","May 18, 2026 @ 22:00:01.000","76 Dore St",ULP,"6,317","205.9",BP,"BP Katanning OPT",KATANNING,"(blank)"
"FuelWatch WA","FuelWatchRetail-05-2026.csv","May 17, 2026 @ 10:00:00.000","May 18, 2026 @ 22:00:01.000","48 Courtney Pl",Diesel,"6,107","219.9",BP,"BP Kenwick","WATTLE GROVE","(blank)"
"FuelWatch WA","FuelWatchRetail-05-2026.csv","May 17, 2026 @ 10:00:00.000","May 18, 2026 @ 22:00:01.000","549 Abernethy Rd","Brand Diesel","6,105","226.9",BP,"BP Kewdale",KEWDALE,"(blank)"
"FuelWatch WA","FuelWatchRetail-05-2026.csv","May 17, 2026 @ 10:00:00.000","May 18, 2026 @ 22:00:01.000","64-66 Graham st","98 RON","6,367","220.9",BP,"BP Kondinin Roadhouse",KONDININ,"(blank)"
"FuelWatch WA","FuelWatchRetail-05-2026.csv","May 17, 2026 @ 10:00:00.000","May 18, 2026 @ 22:00:01.000","1 Railway St","98 RON","6,475","215.9",BP,"BP Koorda OPT",KOORDA,"(blank)"
"FuelWatch WA","FuelWatchRetail-05-2026.csv","May 17, 2026 @ 10:00:00.000","May 18, 2026 @ 22:00:01.000","27 Scaddan St",Diesel,"6,352","245.9",BP,"BP Kukerin OPT",KUKERIN,"(blank)"
"FuelWatch WA","FuelWatchRetail-05-2026.csv","May 17, 2026 @ 10:00:00.000","May 18, 2026 @ 22:00:01.000","CBH Access Rd",Diesel,"6,365","243.9",BP,"BP Kulin OPT",KULIN,"(blank)"
"FuelWatch WA","FuelWatchRetail-05-2026.csv","May 17, 2026 @ 10:00:00.000","May 18, 2026 @ 22:00:01.000","Cnr Stockman Rd & Bull Run Rd",Diesel,"6,743","237.9",BP,"BP Kununurra Depot (Recharge Petroleum)",KUNUNURRA,"(blank)"
"FuelWatch WA","FuelWatchRetail-05-2026.csv","May 17, 2026 @ 10:00:00.000","May 18, 2026 @ 22:00:01.000","Dewar St",ULP,"6,353","210.9",BP,"BP Lake Grace OPT","LAKE GRACE","(blank)"
"FuelWatch WA","FuelWatchRetail-05-2026.csv","May 17, 2026 @ 10:00:00.000","May 18, 2026 @ 22:00:01.000","Dewar St",Diesel,"6,353","235.9",BP,"BP Lake Grace OPT","LAKE GRACE","(blank)"
"FuelWatch WA","FuelWatchRetail-05-2026.csv","May 17, 2026 @ 10:00:00.000","May 18, 2026 @ 22:00:01.000","164 Hyden-Lake King Rd","98 RON","6,356","235.9",BP,"BP Lake King OPT","LAKE KING","(blank)"
"FuelWatch WA","FuelWatchRetail-05-2026.csv","May 17, 2026 @ 10:00:00.000","May 18, 2026 @ 22:00:01.000","16 Forrest St",Diesel,"6,438","252.9",BP,"BP Leonora OPT",LEONORA,"(blank)"
"FuelWatch WA","FuelWatchRetail-05-2026.csv","May 17, 2026 @ 10:00:00.000","May 18, 2026 @ 22:00:01.000","269 Kalamunda Rd",PULP,"6,057","194.9",BP,"BP Maida Vale","MAIDA VALE","(blank)"
"FuelWatch WA","FuelWatchRetail-05-2026.csv","May 17, 2026 @ 10:00:00.000","May 18, 2026 @ 22:00:01.000","269 Kalamunda Rd","98 RON","6,057","203.9",BP,"BP Maida Vale","MAIDA VALE","(blank)"
"FuelWatch WA","FuelWatchRetail-05-2026.csv","May 17, 2026 @ 10:00:00.000","May 18, 2026 @ 22:00:01.000","370 Victoria Rd",Diesel,"6,090","225.9",BP,"BP Malaga",MALAGA,"(blank)"
"FuelWatch WA","FuelWatchRetail-05-2026.csv","May 17, 2026 @ 10:00:00.000","May 18, 2026 @ 22:00:01.000","96 Giblett St","98 RON","6,258","212.9",BP,"BP Manjimup",MANJIMUP,"(blank)"
"FuelWatch WA","FuelWatchRetail-05-2026.csv","May 17, 2026 @ 10:00:00.000","May 18, 2026 @ 22:00:01.000","47-49 Todd St",ULP,"6,415","184.7",BP,"BP Merredin Roadhouse",MERREDIN,"(blank)"
"FuelWatch WA","FuelWatchRetail-05-2026.csv","May 17, 2026 @ 10:00:00.000","May 18, 2026 @ 22:00:01.000","47-49 Todd St",Diesel,"6,415","231.7",BP,"BP Merredin Roadhouse",MERREDIN,"(blank)"
"FuelWatch WA","FuelWatchRetail-05-2026.csv","May 17, 2026 @ 10:00:00.000","May 18, 2026 @ 22:00:01.000","61-63 Dookling Dr",ULP,"6,575",210,BP,"BP Miling",MILING,"(blank)"
"FuelWatch WA","FuelWatchRetail-05-2026.csv","May 17, 2026 @ 10:00:00.000","May 18, 2026 @ 22:00:01.000","61-63 Dookling Dr",Diesel,"6,575",279,BP,"BP Miling",MILING,"(blank)"
"FuelWatch WA","FuelWatchRetail-05-2026.csv","May 17, 2026 @ 10:00:00.000","May 18, 2026 @ 22:00:01.000","360 Anchorage Dr North",PULP,"6,030","198.9",BP,"BP Mindarie",MINDARIE,"(blank)"
"FuelWatch WA","FuelWatchRetail-05-2026.csv","May 17, 2026 @ 10:00:00.000","May 18, 2026 @ 22:00:01.000","153 Gardiner St",Diesel,"6,510","239.9",BP,"BP Moora Depot",MOORA,"(blank)"
"FuelWatch WA","FuelWatchRetail-05-2026.csv","May 17, 2026 @ 10:00:00.000","May 18, 2026 @ 22:00:01.000","153 Gardiner St","98 RON","6,510","226.9",BP,"BP Moora Depot",MOORA,"(blank)"
"FuelWatch WA","FuelWatchRetail-05-2026.csv","May 17, 2026 @ 10:00:00.000","May 18, 2026 @ 22:00:01.000","Mullewa-Wubin Rd",Diesel,"6,623","279.9",BP,"BP Morawa OPT",MORAWA,"(blank)"
"FuelWatch WA","FuelWatchRetail-05-2026.csv","May 17, 2026 @ 10:00:00.000","May 18, 2026 @ 22:00:01.000","335 Walter Rd West",LPG,"6,062","151.9",BP,"BP Morley",MORLEY,"(blank)"
"FuelWatch WA","FuelWatchRetail-05-2026.csv","May 17, 2026 @ 10:00:00.000","May 18, 2026 @ 22:00:01.000","335 Walter Rd West","98 RON","6,062","201.9",BP,"BP Morley",MORLEY,"(blank)"
"FuelWatch WA","FuelWatchRetail-05-2026.csv","May 17, 2026 @ 10:00:00.000","May 18, 2026 @ 22:00:01.000","2 Mercury Rise",PULP,"6,501","194.9",BP,"BP Muchea",MUCHEA,"(blank)"
"FuelWatch WA","FuelWatchRetail-05-2026.csv","May 17, 2026 @ 10:00:00.000","May 18, 2026 @ 22:00:01.000","2 Mercury Rise",Diesel,"6,501","223.9",BP,"BP Muchea",MUCHEA,"(blank)"
"FuelWatch WA","FuelWatchRetail-05-2026.csv","May 17, 2026 @ 10:00:00.000","May 18, 2026 @ 22:00:01.000","Lot 161 Strugnell St",Diesel,"6,479","249.9",BP,"BP Mukinbudin OPT",MUKINBUDIN,"(blank)"
"FuelWatch WA","FuelWatchRetail-05-2026.csv","May 17, 2026 @ 10:00:00.000","May 18, 2026 @ 22:00:01.000","70 Warren Rd",ULP,"6,275","199.9",BP,"BP Nannup",NANNUP,"(blank)"
"FuelWatch WA","FuelWatchRetail-05-2026.csv","May 17, 2026 @ 10:00:00.000","May 18, 2026 @ 22:00:01.000","70 Warren Rd",Diesel,"6,275","249.9",BP,"BP Nannup",NANNUP,"(blank)"
"FuelWatch WA","FuelWatchRetail-05-2026.csv","May 17, 2026 @ 10:00:00.000","May 18, 2026 @ 22:00:01.000","37 Federal St","98 RON","6,312","213.9",BP,"BP Narrogin",NARROGIN,"(blank)"
"FuelWatch WA","FuelWatchRetail-05-2026.csv","May 17, 2026 @ 10:00:00.000","May 18, 2026 @ 22:00:01.000","101 Great Northern Hwy",ULP,"6,753","199.9",BP,"BP Newman South",NEWMAN,"(blank)"
"FuelWatch WA","FuelWatchRetail-05-2026.csv","May 17, 2026 @ 10:00:00.000","May 18, 2026 @ 22:00:01.000","386 Scarborough Beach Rd",ULP,"6,018","176.9",BP,"BP Nookenburra",INNALOO,"(blank)"
"FuelWatch WA","FuelWatchRetail-05-2026.csv","May 17, 2026 @ 10:00:00.000","May 18, 2026 @ 22:00:01.000","15 Richmond St",ULP,"6,341","210.9",BP,"BP Nyabing OPT",NYABING,"(blank)"
"FuelWatch WA","FuelWatchRetail-05-2026.csv","May 17, 2026 @ 10:00:00.000","May 18, 2026 @ 22:00:01.000","15 Richmond St",Diesel,"6,341","245.9",BP,"BP Nyabing OPT",NYABING,"(blank)"
"FuelWatch WA","FuelWatchRetail-05-2026.csv","May 17, 2026 @ 10:00:00.000","May 18, 2026 @ 22:00:01.000","84 Brockman St",ULP,"6,260","194.9",BP,"BP Pemberton Garage & Service Station",PEMBERTON,"(blank)"
"FuelWatch WA","FuelWatchRetail-05-2026.csv","May 17, 2026 @ 10:00:00.000","May 18, 2026 @ 22:00:01.000","Lot 202 Wimbridge Rd",Diesel,"6,229","229.9",BP,"BP Picton Truckstop",PICTON,"(blank)"
"FuelWatch WA","FuelWatchRetail-05-2026.csv","May 17, 2026 @ 10:00:00.000","May 18, 2026 @ 22:00:01.000","24 Wetherly Dr",ULP,"6,229","182.9",BP,"BP Picton Wetherley Dr",PICTON,"(blank)"
"FuelWatch WA","FuelWatchRetail-05-2026.csv","May 17, 2026 @ 10:00:00.000","May 18, 2026 @ 22:00:01.000","43 Brown St",Diesel,"6,308","239.9",BP,"BP Pingelly OPT",PINGELLY,"(blank)"
"FuelWatch WA","FuelWatchRetail-05-2026.csv","May 17, 2026 @ 10:00:00.000","May 18, 2026 @ 22:00:01.000","46 Bakewell Dr",ULP,"6,172","177.9",BP,"BP Port Kennedy","PORT KENNEDY","(blank)"
"FuelWatch WA","FuelWatchRetail-05-2026.csv","May 17, 2026 @ 10:00:00.000","May 18, 2026 @ 22:00:01.000","46 Bakewell Dr","Brand Diesel","6,172","219.9",BP,"BP Port Kennedy","PORT KENNEDY","(blank)"
"FuelWatch WA","FuelWatchRetail-05-2026.csv","May 17, 2026 @ 10:00:00.000","May 18, 2026 @ 22:00:01.000","47 Morgans St",ULP,"6,346","225.9",BP,"BP Ravensthorpe",RAVENSTHORPE,"(blank)"
"FuelWatch WA","FuelWatchRetail-05-2026.csv","May 17, 2026 @ 10:00:00.000","May 18, 2026 @ 22:00:01.000","47 Morgans St",Diesel,"6,346","249.9",BP,"BP Ravensthorpe",RAVENSTHORPE,"(blank)"
"FuelWatch WA","FuelWatchRetail-05-2026.csv","May 17, 2026 @ 10:00:00.000","May 18, 2026 @ 22:00:01.000","43 Hampton St",Diesel,"6,255","236.9",BP,"BP Roadhouse Bridgetown",BRIDGETOWN,"(blank)"
"FuelWatch WA","FuelWatchRetail-05-2026.csv","May 17, 2026 @ 10:00:00.000","May 18, 2026 @ 22:00:01.000","30373 Brand Hwy",Diesel,"6,525","223.9",BP,"BP Roadhouse Dongara",DONGARA,"(blank)"
"FuelWatch WA","FuelWatchRetail-05-2026.csv","May 17, 2026 @ 10:00:00.000","May 18, 2026 @ 22:00:01.000","30373 Brand Hwy","98 RON","6,525","209.9",BP,"BP Roadhouse Dongara",DONGARA,"(blank)"
"FuelWatch WA","FuelWatchRetail-05-2026.csv","May 17, 2026 @ 10:00:00.000","May 18, 2026 @ 22:00:01.000","2 Roe St","98 RON","6,718","244.9",BP,"BP Roebourne",ROEBOURNE,"(blank)"
"FuelWatch WA","FuelWatchRetail-05-2026.csv","May 17, 2026 @ 10:00:00.000","May 18, 2026 @ 22:00:01.000","129 Stirling Hwy",PULP,"6,009","191.9",BP,"BP Rosegarden",NEDLANDS,"(blank)"
"FuelWatch WA","FuelWatchRetail-05-2026.csv","May 17, 2026 @ 10:00:00.000","May 18, 2026 @ 22:00:01.000","101 Guy St",PULP,"6,725","225.9",BP,"BP Shinju Broome",BROOME,"(blank)"
"FuelWatch WA","FuelWatchRetail-05-2026.csv","May 17, 2026 @ 10:00:00.000","May 18, 2026 @ 22:00:01.000","2514 Mandurah Rd",ULP,"6,175","176.9",BP,"BP Singleton",SINGLETON,"(blank)"
"FuelWatch WA","FuelWatchRetail-05-2026.csv","May 17, 2026 @ 10:00:00.000","May 18, 2026 @ 22:00:01.000","2514 Mandurah Rd",PULP,"6,175","191.9",BP,"BP Singleton",SINGLETON,"(blank)"
"FuelWatch WA","FuelWatchRetail-05-2026.csv","May 17, 2026 @ 10:00:00.000","May 18, 2026 @ 22:00:01.000","128 West Coast Dr",PULP,"6,020","191.9",BP,"BP Sorrento",SORRENTO,"(blank)"
"FuelWatch WA","FuelWatchRetail-05-2026.csv","May 17, 2026 @ 10:00:00.000","May 18, 2026 @ 22:00:01.000","128 West Coast Dr","98 RON","6,020","201.9",BP,"BP Sorrento",SORRENTO,"(blank)"
"FuelWatch WA","FuelWatchRetail-05-2026.csv","May 17, 2026 @ 10:00:00.000","May 18, 2026 @ 22:00:01.000","188 Spencer St",ULP,"6,230","182.9",BP,"BP South Bunbury","SOUTH BUNBURY","(blank)"
"FuelWatch WA","FuelWatchRetail-05-2026.csv","May 17, 2026 @ 10:00:00.000","May 18, 2026 @ 22:00:01.000","229B Hampton Rd",ULP,"6,162","177.9",BP,"BP South Fremantle","SOUTH FREMANTLE","(blank)"
"FuelWatch WA","FuelWatchRetail-05-2026.csv","May 17, 2026 @ 10:00:00.000","May 18, 2026 @ 22:00:01.000","2 Throssell Rd",PULP,"6,722","231.9",BP,"BP South Hedland","SOUTH HEDLAND","(blank)"
"FuelWatch WA","FuelWatchRetail-05-2026.csv","May 17, 2026 @ 10:00:00.000","May 18, 2026 @ 22:00:01.000","8 Sirius St",ULP,"6,426","196.9",BP,"BP Southern Cross","SOUTHERN CROSS","(blank)"
"FuelWatch WA","FuelWatchRetail-05-2026.csv","May 17, 2026 @ 10:00:00.000","May 18, 2026 @ 22:00:01.000","8 Sirius St",Diesel,"6,426","229.9",BP,"BP Southern Cross","SOUTHERN CROSS","(blank)"
"FuelWatch WA","FuelWatchRetail-05-2026.csv","May 17, 2026 @ 10:00:00.000","May 18, 2026 @ 22:00:01.000","459 Nicholson Rd","98 RON","6,155","197.9",BP,"BP Thornlie","CANNING VALE","(blank)"
"FuelWatch WA","FuelWatchRetail-05-2026.csv","May 17, 2026 @ 10:00:00.000","May 18, 2026 @ 22:00:01.000","Lot 173 Sutherland St",ULP,"6,488","210.9",BP,"BP Trayning OPT",TRAYNING,"(blank)"
"FuelWatch WA","FuelWatchRetail-05-2026.csv","May 17, 2026 @ 10:00:00.000","May 18, 2026 @ 22:00:01.000","20 Tudhoe St",ULP,"6,315","199.9",BP,"BP Wagin OPT",WAGIN,"(blank)"
"FuelWatch WA","FuelWatchRetail-05-2026.csv","May 17, 2026 @ 10:00:00.000","May 18, 2026 @ 22:00:01.000","20 Tudhoe St",Diesel,"6,315","235.9",BP,"BP Wagin OPT",WAGIN,"(blank)"
"FuelWatch WA","FuelWatchRetail-05-2026.csv","May 17, 2026 @ 10:00:00.000","May 18, 2026 @ 22:00:01.000","430 Safety Bay Rd","98 RON","6,169","201.9",BP,"BP Waikiki","SAFETY BAY","(blank)"
"FuelWatch WA","FuelWatchRetail-05-2026.csv","May 17, 2026 @ 10:00:00.000","May 18, 2026 @ 22:00:01.000","1 Hematite Dr",Diesel,"6,721","255.9",BP,"BP Wedgefield OPT",WEDGEFIELD,"(blank)"
"FuelWatch WA","FuelWatchRetail-05-2026.csv","May 17, 2026 @ 10:00:00.000","May 18, 2026 @ 22:00:01.000","1 Ballantyne Rd","Brand Diesel","6,105","222.9",BP,"BP Welshpool",KEWDALE,"(blank)"
"FuelWatch WA","FuelWatchRetail-05-2026.csv","May 17, 2026 @ 10:00:00.000","May 18, 2026 @ 22:00:01.000","11 Wilurarra Rd",Diesel,"6,430","232.9",BP,"BP West Kalgoorlie","WEST KALGOORLIE","(blank)"
"FuelWatch WA","FuelWatchRetail-05-2026.csv","May 17, 2026 @ 10:00:00.000","May 18, 2026 @ 22:00:01.000","66 Wogolin Rd",ULP,"6,370","195.9",BP,"BP Wickepin OPT",WICKEPIN,"(blank)"
"FuelWatch WA","FuelWatchRetail-05-2026.csv","May 17, 2026 @ 10:00:00.000","May 18, 2026 @ 22:00:01.000","66 Wogolin Rd",Diesel,"6,370","239.9",BP,"BP Wickepin OPT",WICKEPIN,"(blank)"
"FuelWatch WA","FuelWatchRetail-05-2026.csv","May 17, 2026 @ 10:00:00.000","May 18, 2026 @ 22:00:01.000","16 Albany Hwy",ULP,"6,391","191.9",BP,"BP Williams Roadhouse",WILLIAMS,"(blank)"
"FuelWatch WA","FuelWatchRetail-05-2026.csv","May 17, 2026 @ 10:00:00.000","May 18, 2026 @ 22:00:01.000","160 Wongan Rd",Diesel,"6,603","237.9",BP,"BP Wongan Hills OPT","WONGAN HILLS","(blank)"
"FuelWatch WA","FuelWatchRetail-05-2026.csv","May 17, 2026 @ 10:00:00.000","May 18, 2026 @ 22:00:01.000","160 Wongan Rd","98 RON","6,603","215.9",BP,"BP Wongan Hills OPT","WONGAN HILLS","(blank)"
"FuelWatch WA","FuelWatchRetail-05-2026.csv","May 17, 2026 @ 10:00:00.000","May 18, 2026 @ 22:00:01.000","190 North West Coastal Hwy","Brand Diesel","6,530","229.9",BP,"BP Wonthella Service Station",WEBBERTON,"(blank)"
"FuelWatch WA","FuelWatchRetail-05-2026.csv","May 17, 2026 @ 10:00:00.000","May 18, 2026 @ 22:00:01.000","380 Great Eastern Hwy","Brand Diesel","6,056","227.9",BP,"BP Woodbridge",WOODBRIDGE,"(blank)"
"FuelWatch WA","FuelWatchRetail-05-2026.csv","May 17, 2026 @ 10:00:00.000","May 18, 2026 @ 22:00:01.000","1 Mary St",ULP,"6,338","221.2",Liberty,"Bremer Bay General Store","BREMER BAY","(blank)"
"FuelWatch WA","FuelWatchRetail-05-2026.csv","May 17, 2026 @ 10:00:00.000","May 18, 2026 @ 22:00:01.000","1 Mary St",Diesel,"6,338",252,Liberty,"Bremer Bay General Store","BREMER BAY","(blank)"
"FuelWatch WA","FuelWatchRetail-05-2026.csv","May 17, 2026 @ 10:00:00.000","May 18, 2026 @ 22:00:01.000","83 Brookton Hwy",Diesel,"6,306","259.5",Independent,"Brookton Roadhouse",BROOKTON,"(blank)"
"FuelWatch WA","FuelWatchRetail-05-2026.csv","May 17, 2026 @ 10:00:00.000","May 18, 2026 @ 22:00:01.000","309 Guildford Rd",Diesel,"6,054","197.3",Burk,"Burk Bassendean",BASSENDEAN,"(blank)"
"FuelWatch WA","FuelWatchRetail-05-2026.csv","May 17, 2026 @ 10:00:00.000","May 18, 2026 @ 22:00:01.000","18495 Albany Hwy",Diesel,"6,394","233.9",Burk,"Burk Beaufort River","BEAUFORT RIVER","(blank)"
"FuelWatch WA","FuelWatchRetail-05-2026.csv","May 17, 2026 @ 10:00:00.000","May 18, 2026 @ 22:00:01.000","18495 Albany Hwy","98 RON","6,394","207.9",Burk,"Burk Beaufort River","BEAUFORT RIVER","(blank)"
"FuelWatch WA","FuelWatchRetail-05-2026.csv","May 17, 2026 @ 10:00:00.000","May 18, 2026 @ 22:00:01.000","Cnr Westfield Rd & Ypres Rd","98 RON","6,111","189.3",Burk,"Burk Camillo",CAMILLO,"(blank)"
"FuelWatch WA","FuelWatchRetail-05-2026.csv","May 17, 2026 @ 10:00:00.000","May 18, 2026 @ 22:00:01.000","1510 Albany Hwy",Diesel,"6,107","199.3",Burk,"Burk Cannington",BECKENHAM,"(blank)"
"FuelWatch WA","FuelWatchRetail-05-2026.csv","May 17, 2026 @ 10:00:00.000","May 18, 2026 @ 22:00:01.000","1510 Albany Hwy","98 RON","6,107","189.3",Burk,"Burk Cannington",BECKENHAM,"(blank)"
"FuelWatch WA","FuelWatchRetail-05-2026.csv","May 17, 2026 @ 10:00:00.000","May 18, 2026 @ 22:00:01.000","274 Gnangara Rd",ULP,"6,065","165.3",Burk,"Burk Landsdale",LANDSDALE,"(blank)"
"FuelWatch WA","FuelWatchRetail-05-2026.csv","May 17, 2026 @ 10:00:00.000","May 18, 2026 @ 22:00:01.000","274 Gnangara Rd",PULP,"6,065","179.3",Burk,"Burk Landsdale",LANDSDALE,"(blank)"
"FuelWatch WA","FuelWatchRetail-05-2026.csv","May 17, 2026 @ 10:00:00.000","May 18, 2026 @ 22:00:01.000","274 Gnangara Rd","98 RON","6,065","189.3",Burk,"Burk Landsdale",LANDSDALE,"(blank)"
"FuelWatch WA","FuelWatchRetail-05-2026.csv","May 17, 2026 @ 10:00:00.000","May 18, 2026 @ 22:00:01.000","1 Harlond Ave",ULP,"6,090","167.3",Burk,"Burk Malaga",MALAGA,"(blank)"
"FuelWatch WA","FuelWatchRetail-05-2026.csv","May 17, 2026 @ 10:00:00.000","May 18, 2026 @ 22:00:01.000","1 Harlond Ave",PULP,"6,090","179.3",Burk,"Burk Malaga",MALAGA,"(blank)"
"FuelWatch WA","FuelWatchRetail-05-2026.csv","May 17, 2026 @ 10:00:00.000","May 18, 2026 @ 22:00:01.000","1 Harlond Ave",Diesel,"6,090","205.3",Burk,"Burk Malaga",MALAGA,"(blank)"
"FuelWatch WA","FuelWatchRetail-05-2026.csv","May 17, 2026 @ 10:00:00.000","May 18, 2026 @ 22:00:01.000","1 Harlond Ave","98 RON","6,090","189.3",Burk,"Burk Malaga",MALAGA,"(blank)"
"FuelWatch WA","FuelWatchRetail-05-2026.csv","May 17, 2026 @ 10:00:00.000","May 18, 2026 @ 22:00:01.000","6639 West Swan Rd",ULP,"6,055","169.3",Burk,"Burk West Swan","WEST SWAN","(blank)"
"FuelWatch WA","FuelWatchRetail-05-2026.csv","May 17, 2026 @ 10:00:00.000","May 18, 2026 @ 22:00:01.000","6639 West Swan Rd",PULP,"6,055","179.3",Burk,"Burk West Swan","WEST SWAN","(blank)"
"FuelWatch WA","FuelWatchRetail-05-2026.csv","May 17, 2026 @ 10:00:00.000","May 18, 2026 @ 22:00:01.000","6639 West Swan Rd",Diesel,"6,055","207.3",Burk,"Burk West Swan","WEST SWAN","(blank)"
"FuelWatch WA","FuelWatchRetail-05-2026.csv","May 17, 2026 @ 10:00:00.000","May 18, 2026 @ 22:00:01.000","24 Albany Hwy",Diesel,"6,391","235.9",Burk,"Burk Williams",WILLIAMS,"(blank)"
"FuelWatch WA","FuelWatchRetail-05-2026.csv","May 17, 2026 @ 10:00:00.000","May 18, 2026 @ 22:00:01.000","24 Albany Hwy","98 RON","6,391","209.9",Burk,"Burk Williams",WILLIAMS,"(blank)"
"FuelWatch WA","FuelWatchRetail-05-2026.csv","May 17, 2026 @ 10:00:00.000","May 18, 2026 @ 22:00:01.000","200 Mirrabooka Ave",ULP,"6,064","177.9",Caltex,"Caltex Alexander Heights","ALEXANDER HEIGHTS","(blank)"
"FuelWatch WA","FuelWatchRetail-05-2026.csv","May 17, 2026 @ 10:00:00.000","May 18, 2026 @ 22:00:01.000","200 Mirrabooka Ave",PULP,"6,064","193.9",Caltex,"Caltex Alexander Heights","ALEXANDER HEIGHTS","(blank)"
"FuelWatch WA","FuelWatchRetail-05-2026.csv","May 17, 2026 @ 10:00:00.000","May 18, 2026 @ 22:00:01.000","200 Mirrabooka Ave","Brand Diesel","6,064","229.9",Caltex,"Caltex Alexander Heights","ALEXANDER HEIGHTS","(blank)"
"FuelWatch WA","FuelWatchRetail-05-2026.csv","May 17, 2026 @ 10:00:00.000","May 18, 2026 @ 22:00:01.000","200 Mirrabooka Ave","98 RON","6,064","203.9",Caltex,"Caltex Alexander Heights","ALEXANDER HEIGHTS","(blank)"
"FuelWatch WA","FuelWatchRetail-05-2026.csv","May 17, 2026 @ 10:00:00.000","May 18, 2026 @ 22:00:01.000","10 Orchard Ave",ULP,"6,112","177.9",Caltex,"Caltex Armadale",ARMADALE,"(blank)"
"FuelWatch WA","FuelWatchRetail-05-2026.csv","May 17, 2026 @ 10:00:00.000","May 18, 2026 @ 22:00:01.000","10 Orchard Ave",PULP,"6,112","193.9",Caltex,"Caltex Armadale",ARMADALE,"(blank)"
"FuelWatch WA","FuelWatchRetail-05-2026.csv","May 17, 2026 @ 10:00:00.000","May 18, 2026 @ 22:00:01.000","67 Ridge Bvd",ULP,"6,171","177.9",Caltex,"Caltex Baldivis",BALDIVIS,"(blank)"
"FuelWatch WA","FuelWatchRetail-05-2026.csv","May 17, 2026 @ 10:00:00.000","May 18, 2026 @ 22:00:01.000","502 Guildford Rd",PULP,"6,053","193.9",Caltex,"Caltex Bayswater",BAYSWATER,"(blank)"
"FuelWatch WA","FuelWatchRetail-05-2026.csv","May 17, 2026 @ 10:00:00.000","May 18, 2026 @ 22:00:01.000","502 Guildford Rd","Brand Diesel","6,053","229.9",Caltex,"Caltex Bayswater",BAYSWATER,"(blank)"
"FuelWatch WA","FuelWatchRetail-05-2026.csv","May 17, 2026 @ 10:00:00.000","May 18, 2026 @ 22:00:01.000","502 Guildford Rd","98 RON","6,053","203.9",Caltex,"Caltex Bayswater",BAYSWATER,"(blank)"
"FuelWatch WA","FuelWatchRetail-05-2026.csv","May 17, 2026 @ 10:00:00.000","May 18, 2026 @ 22:00:01.000","681 Albany Hwy",ULP,"6,112","179.9",Caltex,"Caltex Bedfordale",BEDFORDALE,"(blank)"
"FuelWatch WA","FuelWatchRetail-05-2026.csv","May 17, 2026 @ 10:00:00.000","May 18, 2026 @ 22:00:01.000","681 Albany Hwy","Brand Diesel","6,112","228.9",Caltex,"Caltex Bedfordale",BEDFORDALE,"(blank)"
"FuelWatch WA","FuelWatchRetail-05-2026.csv","May 17, 2026 @ 10:00:00.000","May 18, 2026 @ 22:00:01.000","681 Albany Hwy","98 RON","6,112","205.9",Caltex,"Caltex Bedfordale",BEDFORDALE,"(blank)"
"FuelWatch WA","FuelWatchRetail-05-2026.csv","May 17, 2026 @ 10:00:00.000","May 18, 2026 @ 22:00:01.000","33 Belvidere St",ULP,"6,104","179.9",Caltex,"Caltex Belmont",BELMONT,"(blank)"
"FuelWatch WA","FuelWatchRetail-05-2026.csv","May 17, 2026 @ 10:00:00.000","May 18, 2026 @ 22:00:01.000","1/1163 Albany Hwy",ULP,"6,102","177.9",Caltex,"Caltex Bentley",BENTLEY,"(blank)"
"FuelWatch WA","FuelWatchRetail-05-2026.csv","May 17, 2026 @ 10:00:00.000","May 18, 2026 @ 22:00:01.000","1/1163 Albany Hwy",PULP,"6,102","193.9",Caltex,"Caltex Bentley",BENTLEY,"(blank)"
"FuelWatch WA","FuelWatchRetail-05-2026.csv","May 17, 2026 @ 10:00:00.000","May 18, 2026 @ 22:00:01.000","7080 Forrest Hwy","Brand Diesel","6,233","229.9",Caltex,"Caltex Binningup",BINNINGUP,"(blank)"
"FuelWatch WA","FuelWatchRetail-05-2026.csv","May 17, 2026 @ 10:00:00.000","May 18, 2026 @ 22:00:01.000","7080 Forrest Hwy","98 RON","6,233","211.9",Caltex,"Caltex Binningup",BINNINGUP,"(blank)"
"FuelWatch WA","FuelWatchRetail-05-2026.csv","May 17, 2026 @ 10:00:00.000","May 18, 2026 @ 22:00:01.000","1 Brittain Rd","98 RON","6,230","208.9",Caltex,"Caltex Bunbury South","CAREY PARK","(blank)"
"FuelWatch WA","FuelWatchRetail-05-2026.csv","May 17, 2026 @ 10:00:00.000","May 18, 2026 @ 22:00:01.000","265 Great Eastern Hwy",LPG,"6,100","145.9",Caltex,"Caltex Burswood",BURSWOOD,"(blank)"
"FuelWatch WA","FuelWatchRetail-05-2026.csv","May 17, 2026 @ 10:00:00.000","May 18, 2026 @ 22:00:01.000","99 Causeway Rd",ULP,"6,280","183.9",Caltex,"Caltex Busselton",BUSSELTON,"(blank)"
"FuelWatch WA","FuelWatchRetail-05-2026.csv","May 17, 2026 @ 10:00:00.000","May 18, 2026 @ 22:00:01.000","99 Causeway Rd",PULP,"6,280","199.9",Caltex,"Caltex Busselton",BUSSELTON,"(blank)"
"FuelWatch WA","FuelWatchRetail-05-2026.csv","May 17, 2026 @ 10:00:00.000","May 18, 2026 @ 22:00:01.000","8 Kardan Bvd","98 RON","6,122","201.9",Caltex,"Caltex Byford",BYFORD,"(blank)"
"FuelWatch WA","FuelWatchRetail-05-2026.csv","May 17, 2026 @ 10:00:00.000","May 18, 2026 @ 22:00:01.000","49 Norseman Rd",ULP,"6,450","192.9",Caltex,"Caltex Castletown",CASTLETOWN,"(blank)"
"FuelWatch WA","FuelWatchRetail-05-2026.csv","May 17, 2026 @ 10:00:00.000","May 18, 2026 @ 22:00:01.000","49 Norseman Rd","Brand Diesel","6,450","228.9",Caltex,"Caltex Castletown",CASTLETOWN,"(blank)"
"FuelWatch WA","FuelWatchRetail-05-2026.csv","May 17, 2026 @ 10:00:00.000","May 18, 2026 @ 22:00:01.000","Lot 6 Beckwith Rd","Brand Diesel","6,450","226.9",Caltex,"Caltex Chadwick OPT",CHADWICK,"(blank)"
"FuelWatch WA","FuelWatchRetail-05-2026.csv","May 17, 2026 @ 10:00:00.000","May 18, 2026 @ 22:00:01.000","393 Canning Hwy",ULP,"6,152","177.9",Caltex,"Caltex Como",COMO,"(blank)"
"FuelWatch WA","FuelWatchRetail-05-2026.csv","May 17, 2026 @ 10:00:00.000","May 18, 2026 @ 22:00:01.000","393 Canning Hwy","98 RON","6,152","203.9",Caltex,"Caltex Como",COMO,"(blank)"
"FuelWatch WA","FuelWatchRetail-05-2026.csv","May 17, 2026 @ 10:00:00.000","May 18, 2026 @ 22:00:01.000","4 Johnston St","Brand Diesel","6,609","245.9",Caltex,"Caltex Dalwallinu",DALWALLINU,"(blank)"
"FuelWatch WA","FuelWatchRetail-05-2026.csv","May 17, 2026 @ 10:00:00.000","May 18, 2026 @ 22:00:01.000","4 Remisko Dr",PULP,"6,112","195.9",Caltex,"Caltex Forrestdale",FORRESTDALE,"(blank)"
"FuelWatch WA","FuelWatchRetail-05-2026.csv","May 17, 2026 @ 10:00:00.000","May 18, 2026 @ 22:00:01.000","4 Remisko Dr","98 RON","6,112","205.9",Caltex,"Caltex Forrestdale",FORRESTDALE,"(blank)"
"FuelWatch WA","FuelWatchRetail-05-2026.csv","May 17, 2026 @ 10:00:00.000","May 18, 2026 @ 22:00:01.000","1400 Great Eastern Hwy",ULP,"6,071","179.9",Caltex,"Caltex Glen Forrest","GLEN FORREST","(blank)"
"FuelWatch WA","FuelWatchRetail-05-2026.csv","May 17, 2026 @ 10:00:00.000","May 18, 2026 @ 22:00:01.000","1400 Great Eastern Hwy",PULP,"6,071","195.9",Caltex,"Caltex Glen Forrest","GLEN FORREST","(blank)"
"FuelWatch WA","FuelWatchRetail-05-2026.csv","May 17, 2026 @ 10:00:00.000","May 18, 2026 @ 22:00:01.000","1400 Great Eastern Hwy","98 RON","6,071","205.9",Caltex,"Caltex Glen Forrest","GLEN FORREST","(blank)"
"FuelWatch WA","FuelWatchRetail-05-2026.csv","May 17, 2026 @ 10:00:00.000","May 18, 2026 @ 22:00:01.000","1182 Chapman Rd",ULP,"6,532","183.9",Caltex,"Caltex Glenfield",GLENFIELD,"(blank)"
"FuelWatch WA","FuelWatchRetail-05-2026.csv","May 17, 2026 @ 10:00:00.000","May 18, 2026 @ 22:00:01.000","1182 Chapman Rd",Diesel,"6,532","233.9",Caltex,"Caltex Glenfield",GLENFIELD,"(blank)"
"FuelWatch WA","FuelWatchRetail-05-2026.csv","May 17, 2026 @ 10:00:00.000","May 18, 2026 @ 22:00:01.000","1 Wishart St",ULP,"6,018","179.9",Caltex,"Caltex Gwelup",GWELUP,"(blank)"
"FuelWatch WA","FuelWatchRetail-05-2026.csv","May 17, 2026 @ 10:00:00.000","May 18, 2026 @ 22:00:01.000","1 Wishart St",PULP,"6,018","195.9",Caltex,"Caltex Gwelup",GWELUP,"(blank)"
"FuelWatch WA","FuelWatchRetail-05-2026.csv","May 17, 2026 @ 10:00:00.000","May 18, 2026 @ 22:00:01.000","1 Wishart St","98 RON","6,018","205.9",Caltex,"Caltex Gwelup",GWELUP,"(blank)"
"FuelWatch WA","FuelWatchRetail-05-2026.csv","May 17, 2026 @ 10:00:00.000","May 18, 2026 @ 22:00:01.000","224 Clontarf Rd",PULP,"6,163","193.9",Caltex,"Caltex Hamilton Hill North","HAMILTON HILL","(blank)"
"FuelWatch WA","FuelWatchRetail-05-2026.csv","May 17, 2026 @ 10:00:00.000","May 18, 2026 @ 22:00:01.000","224 Clontarf Rd","98 RON","6,163","203.9",Caltex,"Caltex Hamilton Hill North","HAMILTON HILL","(blank)"
"FuelWatch WA","FuelWatchRetail-05-2026.csv","May 17, 2026 @ 10:00:00.000","May 18, 2026 @ 22:00:01.000","216 Rockingham Rd",PULP,"6,163","193.9",Caltex,"Caltex Hamilton Hill South","HAMILTON HILL","(blank)"
"FuelWatch WA","FuelWatchRetail-05-2026.csv","May 17, 2026 @ 10:00:00.000","May 18, 2026 @ 22:00:01.000","494 Kalamunda Rd",ULP,"6,057","179.9",Caltex,"Caltex High Wycombe OPT","HIGH WYCOMBE","(blank)"
"FuelWatch WA","FuelWatchRetail-05-2026.csv","May 17, 2026 @ 10:00:00.000","May 18, 2026 @ 22:00:01.000","494 Kalamunda Rd","98 RON","6,057","205.9",Caltex,"Caltex High Wycombe OPT","HIGH WYCOMBE","(blank)"
"FuelWatch WA","FuelWatchRetail-05-2026.csv","May 17, 2026 @ 10:00:00.000","May 18, 2026 @ 22:00:01.000","26 Kalamunda Rd",ULP,"6,076","179.9",Caltex,"Caltex Kalamunda",KALAMUNDA,"(blank)"
"FuelWatch WA","FuelWatchRetail-05-2026.csv","May 17, 2026 @ 10:00:00.000","May 18, 2026 @ 22:00:01.000","77 Egan St",ULP,"6,430","185.9",Caltex,"Caltex Kalgoorlie",KALGOORLIE,"(blank)"
"FuelWatch WA","FuelWatchRetail-05-2026.csv","May 17, 2026 @ 10:00:00.000","May 18, 2026 @ 22:00:01.000","9 Kayili Rd","Brand Diesel","6,430","233.9",Caltex,"Caltex Kalgoorlie OPT","WEST KALGOORLIE","(blank)"
"FuelWatch WA","FuelWatchRetail-05-2026.csv","May 17, 2026 @ 10:00:00.000","May 18, 2026 @ 22:00:01.000","164 Brookton Hwy","Brand Diesel","6,111","229.9",Caltex,"Caltex Karragullen",KARRAGULLEN,"(blank)"
"FuelWatch WA","FuelWatchRetail-05-2026.csv","May 17, 2026 @ 10:00:00.000","May 18, 2026 @ 22:00:01.000","2907 Albany Hwy",PULP,"6,111","190.9",Caltex,"Caltex Kelmscott",KELMSCOTT,"(blank)"
"FuelWatch WA","FuelWatchRetail-05-2026.csv","May 17, 2026 @ 10:00:00.000","May 18, 2026 @ 22:00:01.000","2907 Albany Hwy","Brand Diesel","6,111","229.9",Caltex,"Caltex Kelmscott",KELMSCOTT,"(blank)"
"FuelWatch WA","FuelWatchRetail-05-2026.csv","May 17, 2026 @ 10:00:00.000","May 18, 2026 @ 22:00:01.000","137 Kelvin Rd",ULP,"6,109","177.9",Caltex,"Caltex Kelvin Rd",MADDINGTON,"(blank)"
"FuelWatch WA","FuelWatchRetail-05-2026.csv","May 17, 2026 @ 10:00:00.000","May 18, 2026 @ 22:00:01.000","157 Morley Dr",ULP,"6,054","177.9",Caltex,"Caltex Kiara",KIARA,"(blank)"
"FuelWatch WA","FuelWatchRetail-05-2026.csv","May 17, 2026 @ 10:00:00.000","May 18, 2026 @ 22:00:01.000","157 Morley Dr","Brand Diesel","6,054","225.9",Caltex,"Caltex Kiara",KIARA,"(blank)"
"FuelWatch WA","FuelWatchRetail-05-2026.csv","May 17, 2026 @ 10:00:00.000","May 18, 2026 @ 22:00:01.000","2257 Victoria Hwy",ULP,"6,743","212.9",Caltex,"Caltex Kununurra Depot",KUNUNURRA,"(blank)"
"FuelWatch WA","FuelWatchRetail-05-2026.csv","May 17, 2026 @ 10:00:00.000","May 18, 2026 @ 22:00:01.000","4 Ocean St",ULP,"6,167","179.9",Caltex,"Caltex Kwinana Truck Stop","KWINANA BEACH","(blank)"
"FuelWatch WA","FuelWatchRetail-05-2026.csv","May 17, 2026 @ 10:00:00.000","May 18, 2026 @ 22:00:01.000","6 Dollyup St",PULP,"6,210","209.9",Caltex,"Caltex Lakes Road Nambeelup","STAKE HILL","(blank)"
"FuelWatch WA","FuelWatchRetail-05-2026.csv","May 17, 2026 @ 10:00:00.000","May 18, 2026 @ 22:00:01.000","6 Dollyup St",Diesel,"6,210","220.9",Caltex,"Caltex Lakes Road Nambeelup","STAKE HILL","(blank)"
"FuelWatch WA","FuelWatchRetail-05-2026.csv","May 17, 2026 @ 10:00:00.000","May 18, 2026 @ 22:00:01.000","220 Gnangara Rd","98 RON","6,065","201.9",Caltex,"Caltex Landsdale",LANDSDALE,"(blank)"
"FuelWatch WA","FuelWatchRetail-05-2026.csv","May 17, 2026 @ 10:00:00.000","May 18, 2026 @ 22:00:01.000","230-234 Nicholson Rd",Diesel,"6,147","227.9",Caltex,"Caltex Langford",LANGFORD,"(blank)"
"FuelWatch WA","FuelWatchRetail-05-2026.csv","May 17, 2026 @ 10:00:00.000","May 18, 2026 @ 22:00:01.000","230-234 Nicholson Rd",LPG,"6,147","145.5",Caltex,"Caltex Langford",LANGFORD,"(blank)"
"FuelWatch WA","FuelWatchRetail-05-2026.csv","May 17, 2026 @ 10:00:00.000","May 18, 2026 @ 22:00:01.000","194 Canning Rd",PULP,"6,076","195.9",Caltex,"Caltex Lesmurdie",LESMURDIE,"(blank)"
"FuelWatch WA","FuelWatchRetail-05-2026.csv","May 17, 2026 @ 10:00:00.000","May 18, 2026 @ 22:00:01.000","194 Canning Rd","98 RON","6,076","205.9",Caltex,"Caltex Lesmurdie",LESMURDIE,"(blank)"
"FuelWatch WA","FuelWatchRetail-05-2026.csv","May 17, 2026 @ 10:00:00.000","May 18, 2026 @ 22:00:01.000","2 Lynwood Ave",ULP,"6,147","179.9",Caltex,"Caltex Lynwood",LYNWOOD,"(blank)"
"FuelWatch WA","FuelWatchRetail-05-2026.csv","May 17, 2026 @ 10:00:00.000","May 18, 2026 @ 22:00:01.000","2 Lynwood Ave","Brand Diesel","6,147","229.9",Caltex,"Caltex Lynwood",LYNWOOD,"(blank)"
"FuelWatch WA","FuelWatchRetail-05-2026.csv","May 17, 2026 @ 10:00:00.000","May 18, 2026 @ 22:00:01.000","18 Orchard Rd",PULP,"6,109","194.9",Caltex,"Caltex Maddington Truck Stop",MADDINGTON,"(blank)"
"FuelWatch WA","FuelWatchRetail-05-2026.csv","May 17, 2026 @ 10:00:00.000","May 18, 2026 @ 22:00:01.000","18 Orchard Rd","98 RON","6,109","205.9",Caltex,"Caltex Maddington Truck Stop",MADDINGTON,"(blank)"
"FuelWatch WA","FuelWatchRetail-05-2026.csv","May 17, 2026 @ 10:00:00.000","May 18, 2026 @ 22:00:01.000","182 Wanneroo Rd","Brand Diesel","6,065","225.9",Caltex,"Caltex Madeley",MADELEY,"(blank)"
"FuelWatch WA","FuelWatchRetail-05-2026.csv","May 17, 2026 @ 10:00:00.000","May 18, 2026 @ 22:00:01.000","182 Wanneroo Rd","98 RON","6,065","205.9",Caltex,"Caltex Madeley",MADELEY,"(blank)"
"FuelWatch WA","FuelWatchRetail-05-2026.csv","May 17, 2026 @ 10:00:00.000","May 18, 2026 @ 22:00:01.000","1896 Beach Rd",ULP,"6,090","179.9",Caltex,"Caltex Malaga",MALAGA,"(blank)"
"FuelWatch WA","FuelWatchRetail-05-2026.csv","May 17, 2026 @ 10:00:00.000","May 18, 2026 @ 22:00:01.000","1896 Beach Rd",PULP,"6,090","195.9",Caltex,"Caltex Malaga",MALAGA,"(blank)"
"FuelWatch WA","FuelWatchRetail-05-2026.csv","May 17, 2026 @ 10:00:00.000","May 18, 2026 @ 22:00:01.000","105 Reserve Dr",PULP,"6,210","191.9",Caltex,"Caltex Mandurah",MANDURAH,"(blank)"
"FuelWatch WA","FuelWatchRetail-05-2026.csv","May 17, 2026 @ 10:00:00.000","May 18, 2026 @ 22:00:01.000","25 Meadow Springs Dr","98 RON","6,210","205.9",Caltex,"Caltex Meadow Springs","MEADOW SPRINGS","(blank)"
"FuelWatch WA","FuelWatchRetail-05-2026.csv","May 17, 2026 @ 10:00:00.000","May 18, 2026 @ 22:00:01.000","181-183 Todd St",ULP,"6,415","186.9",Caltex,"Caltex Merredin",MERREDIN,"(blank)"
"FuelWatch WA","FuelWatchRetail-05-2026.csv","May 17, 2026 @ 10:00:00.000","May 18, 2026 @ 22:00:01.000","181-183 Todd St","Brand Diesel","6,415","230.9",Caltex,"Caltex Merredin",MERREDIN,"(blank)"
"FuelWatch WA","FuelWatchRetail-05-2026.csv","May 17, 2026 @ 10:00:00.000","May 18, 2026 @ 22:00:01.000","4 Hughie Edwards Dr",ULP,"6,030","177.9",Caltex,"Caltex Merriwa",MERRIWA,"(blank)"
"FuelWatch WA","FuelWatchRetail-05-2026.csv","May 17, 2026 @ 10:00:00.000","May 18, 2026 @ 22:00:01.000","4 Hughie Edwards Dr","98 RON","6,030","203.9",Caltex,"Caltex Merriwa",MERRIWA,"(blank)"
"FuelWatch WA","FuelWatchRetail-05-2026.csv","May 17, 2026 @ 10:00:00.000","May 18, 2026 @ 22:00:01.000","232 Morrison Rd",ULP,"6,056","175.9",Caltex,"Caltex Midvale",MIDVALE,"(blank)"
"FuelWatch WA","FuelWatchRetail-05-2026.csv","May 17, 2026 @ 10:00:00.000","May 18, 2026 @ 22:00:01.000","232 Morrison Rd",PULP,"6,056","191.9",Caltex,"Caltex Midvale",MIDVALE,"(blank)"
"FuelWatch WA","FuelWatchRetail-05-2026.csv","May 17, 2026 @ 10:00:00.000","May 18, 2026 @ 22:00:01.000","232 Morrison Rd","Brand Diesel","6,056","224.9",Caltex,"Caltex Midvale",MIDVALE,"(blank)"
"FuelWatch WA","FuelWatchRetail-05-2026.csv","May 17, 2026 @ 10:00:00.000","May 18, 2026 @ 22:00:01.000","65 Roberts St",PULP,"6,510","217.9",Caltex,"Caltex Moora",MOORA,"(blank)"
"FuelWatch WA","FuelWatchRetail-05-2026.csv","May 17, 2026 @ 10:00:00.000","May 18, 2026 @ 22:00:01.000","317 Albany Hwy",ULP,"6,330","185.9",Caltex,"Caltex Mt Melville","MOUNT MELVILLE","(blank)"
"FuelWatch WA","FuelWatchRetail-05-2026.csv","May 17, 2026 @ 10:00:00.000","May 18, 2026 @ 22:00:01.000","317 Albany Hwy",PULP,"6,330","201.9",Caltex,"Caltex Mt Melville","MOUNT MELVILLE","(blank)"
"FuelWatch WA","FuelWatchRetail-05-2026.csv","May 17, 2026 @ 10:00:00.000","May 18, 2026 @ 22:00:01.000","317 Albany Hwy","Brand Diesel","6,330","236.9",Caltex,"Caltex Mt Melville","MOUNT MELVILLE","(blank)"
"FuelWatch WA","FuelWatchRetail-05-2026.csv","May 17, 2026 @ 10:00:00.000","May 18, 2026 @ 22:00:01.000","512 Rockingham Rd",ULP,"6,166","177.9",Caltex,"Caltex Munster",MUNSTER,"(blank)"
"FuelWatch WA","FuelWatchRetail-05-2026.csv","May 17, 2026 @ 10:00:00.000","May 18, 2026 @ 22:00:01.000","170 Murdoch Dr","98 RON","6,150","205.9",Caltex,"Caltex Murdoch",MURDOCH,"(blank)"
"FuelWatch WA","FuelWatchRetail-05-2026.csv","May 17, 2026 @ 10:00:00.000","May 18, 2026 @ 22:00:01.000","Cnr Rockingham Rd & Lee Rd",ULP,"6,165","175.9",Caltex,"Caltex Naval Base","NAVAL BASE","(blank)"
"FuelWatch WA","FuelWatchRetail-05-2026.csv","May 17, 2026 @ 10:00:00.000","May 18, 2026 @ 22:00:01.000","Cnr Rockingham Rd & Lee Rd","Brand Diesel","6,165","219.9",Caltex,"Caltex Naval Base","NAVAL BASE","(blank)"
"FuelWatch WA","FuelWatchRetail-05-2026.csv","May 17, 2026 @ 10:00:00.000","May 18, 2026 @ 22:00:01.000","2056 Wanneroo Rd",ULP,"6,031","175.9",Caltex,"Caltex Neerabup",NEERABUP,"(blank)"
"FuelWatch WA","FuelWatchRetail-05-2026.csv","May 17, 2026 @ 10:00:00.000","May 18, 2026 @ 22:00:01.000","2056 Wanneroo Rd","Brand Diesel","6,031","213.9",Caltex,"Caltex Neerabup",NEERABUP,"(blank)"
"FuelWatch WA","FuelWatchRetail-05-2026.csv","May 17, 2026 @ 10:00:00.000","May 18, 2026 @ 22:00:01.000","311 Fitzgerald St",ULP,"6,005","177.9",Caltex,"Caltex North Perth","WEST PERTH","(blank)"
"FuelWatch WA","FuelWatchRetail-05-2026.csv","May 17, 2026 @ 10:00:00.000","May 18, 2026 @ 22:00:01.000","311 Fitzgerald St","Brand Diesel","6,005","229.9",Caltex,"Caltex North Perth","WEST PERTH","(blank)"
"FuelWatch WA","FuelWatchRetail-05-2026.csv","May 17, 2026 @ 10:00:00.000","May 18, 2026 @ 22:00:01.000","60 Meares Ave","98 RON","6,167","199.9",Caltex,"Caltex Parmelia","KWINANA TOWN CENTRE","(blank)"
"FuelWatch WA","FuelWatchRetail-05-2026.csv","May 17, 2026 @ 10:00:00.000","May 18, 2026 @ 22:00:01.000","7 Maritana St",ULP,"6,430","183.9",Caltex,"Caltex Piccadilly",PICCADILLY,"(blank)"
"FuelWatch WA","FuelWatchRetail-05-2026.csv","May 17, 2026 @ 10:00:00.000","May 18, 2026 @ 22:00:01.000","1 Altitude Ave","98 RON","6,721","238.9",Caltex,"Caltex South Hedland","PORT HEDLAND","(blank)"
"FuelWatch WA","FuelWatchRetail-05-2026.csv","May 17, 2026 @ 10:00:00.000","May 18, 2026 @ 22:00:01.000","1540 Bussell Hwy","Brand Diesel","6,237","229.9",Caltex,"Caltex Stratham",STRATHAM,"(blank)"
"FuelWatch WA","FuelWatchRetail-05-2026.csv","May 17, 2026 @ 10:00:00.000","May 18, 2026 @ 22:00:01.000","15323 Great Eastern Hwy",ULP,"6,409","185.9",Caltex,"Caltex Tammin",TAMMIN,"(blank)"
"FuelWatch WA","FuelWatchRetail-05-2026.csv","May 17, 2026 @ 10:00:00.000","May 18, 2026 @ 22:00:01.000","15323 Great Eastern Hwy","Brand Diesel","6,409","229.9",Caltex,"Caltex Tammin",TAMMIN,"(blank)"
"FuelWatch WA","FuelWatchRetail-05-2026.csv","May 17, 2026 @ 10:00:00.000","May 18, 2026 @ 22:00:01.000","156 Brand Hwy",ULP,"6,530","181.9",Caltex,"Caltex Tarcoola","TARCOOLA BEACH","(blank)"
"FuelWatch WA","FuelWatchRetail-05-2026.csv","May 17, 2026 @ 10:00:00.000","May 18, 2026 @ 22:00:01.000","156 Brand Hwy",PULP,"6,530","197.9",Caltex,"Caltex Tarcoola","TARCOOLA BEACH","(blank)"
"FuelWatch WA","FuelWatchRetail-05-2026.csv","May 17, 2026 @ 10:00:00.000","May 18, 2026 @ 22:00:01.000","156 Brand Hwy","Brand Diesel","6,530","233.9",Caltex,"Caltex Tarcoola","TARCOOLA BEACH","(blank)"
"FuelWatch WA","FuelWatchRetail-05-2026.csv","May 17, 2026 @ 10:00:00.000","May 18, 2026 @ 22:00:01.000","156 Brand Hwy","98 RON","6,530","207.9",Caltex,"Caltex Tarcoola","TARCOOLA BEACH","(blank)"
"FuelWatch WA","FuelWatchRetail-05-2026.csv","May 17, 2026 @ 10:00:00.000","May 18, 2026 @ 22:00:01.000","1383 Great Northern Hwy",ULP,"6,069","179.9",Caltex,"Caltex Upper Swan","UPPER SWAN","(blank)"
"FuelWatch WA","FuelWatchRetail-05-2026.csv","May 17, 2026 @ 10:00:00.000","May 18, 2026 @ 22:00:01.000","649-651 Safety Bay Rd","Brand Diesel","6,169","229.9",Caltex,"Caltex Warnbro",WARNBRO,"(blank)"
"FuelWatch WA","FuelWatchRetail-05-2026.csv","May 17, 2026 @ 10:00:00.000","May 18, 2026 @ 22:00:01.000","649-651 Safety Bay Rd","98 RON","6,169","205.9",Caltex,"Caltex Warnbro",WARNBRO,"(blank)"
"FuelWatch WA","FuelWatchRetail-05-2026.csv","May 17, 2026 @ 10:00:00.000","May 18, 2026 @ 22:00:01.000","23 Kewdale Rd","Brand Diesel","6,106","219.9",Caltex,"Caltex Welshpool",WELSHPOOL,"(blank)"
"FuelWatch WA","FuelWatchRetail-05-2026.csv","May 17, 2026 @ 10:00:00.000","May 18, 2026 @ 22:00:01.000","3381 Great Eastern Hwy","Brand Diesel","6,558","225.9",Caltex,"Caltex Wooroloo",WOOROLOO,"(blank)"
"FuelWatch WA","FuelWatchRetail-05-2026.csv","May 17, 2026 @ 10:00:00.000","May 18, 2026 @ 22:00:01.000","398 Hector St",ULP,"6,060","179.9",Caltex,"Caltex Yokine",YOKINE,"(blank)"
"FuelWatch WA","FuelWatchRetail-05-2026.csv","May 17, 2026 @ 10:00:00.000","May 18, 2026 @ 22:00:01.000","57 Goldfields Rd",ULP,"6,450","193.9",BP,"Castletown Service Station",CASTLETOWN,"(blank)"
"FuelWatch WA","FuelWatchRetail-05-2026.csv","May 17, 2026 @ 10:00:00.000","May 18, 2026 @ 22:00:01.000","2 Seville St",Diesel,"6,511",275,Liberty,"Cervantes Service Station",CERVANTES,"(blank)"
"FuelWatch WA","FuelWatchRetail-05-2026.csv","May 17, 2026 @ 10:00:00.000","May 18, 2026 @ 22:00:01.000","3 Bandicoot Dr",ULP,"6,743","212.5","CGL Fuel","CGL Fuel",KUNUNURRA,"(blank)"
"FuelWatch WA","FuelWatchRetail-05-2026.csv","May 17, 2026 @ 10:00:00.000","May 18, 2026 @ 22:00:01.000","12 Bald Island Rd",Diesel,"6,328",299,Independent,"Cheynes Beach Caravan Park",CHEYNES,"(blank)"
"FuelWatch WA","FuelWatchRetail-05-2026.csv","May 17, 2026 @ 10:00:00.000","May 18, 2026 @ 22:00:01.000","93 Capel Dr",ULP,"6,271","185.9",Ampol,"Colroy Country Kitchen",CAPEL,"(blank)"
"FuelWatch WA","FuelWatchRetail-05-2026.csv","May 17, 2026 @ 10:00:00.000","May 18, 2026 @ 22:00:01.000","14755 South Western Hwy",PULP,"6,229","188.5",Phoenix,"Condello's Liquor Waterloo","PICTON EAST","(blank)"
"FuelWatch WA","FuelWatchRetail-05-2026.csv","May 17, 2026 @ 10:00:00.000","May 18, 2026 @ 22:00:01.000","8 Kunjin St",ULP,"6,375","198.7",Liberty,"Corrigin Roadhouse",CORRIGIN,"(blank)"
"FuelWatch WA","FuelWatchRetail-05-2026.csv","May 17, 2026 @ 10:00:00.000","May 18, 2026 @ 22:00:01.000","8 Kunjin St",PULP,"6,375","238.8",Liberty,"Corrigin Roadhouse",CORRIGIN,"(blank)"
"FuelWatch WA","FuelWatchRetail-05-2026.csv","May 17, 2026 @ 10:00:00.000","May 18, 2026 @ 22:00:01.000","8 Kunjin St",Diesel,"6,375","257.9",Liberty,"Corrigin Roadhouse",CORRIGIN,"(blank)"
"FuelWatch WA","FuelWatchRetail-05-2026.csv","May 17, 2026 @ 10:00:00.000","May 18, 2026 @ 22:00:01.000","142 Dunreath Dr","Brand Diesel","6,105","208.7",Costco,"Costco Perth Airport","PERTH AIRPORT","(blank)"
"FuelWatch WA","FuelWatchRetail-05-2026.csv","May 17, 2026 @ 10:00:00.000","May 18, 2026 @ 22:00:01.000","24 Maitland Rd",ULP,"6,630","197.5",BP,"Crudeli's Auto Repairs",MULLEWA,"(blank)"
"FuelWatch WA","FuelWatchRetail-05-2026.csv","May 17, 2026 @ 10:00:00.000","May 18, 2026 @ 22:00:01.000","11 Charlotte St",ULP,"6,236",182,Phoenix,"Dardanup Garage & Service Station",DARDANUP,"(blank)"
"FuelWatch WA","FuelWatchRetail-05-2026.csv","May 17, 2026 @ 10:00:00.000","May 18, 2026 @ 22:00:01.000","11 Charlotte St",Diesel,"6,236",220,Phoenix,"Dardanup Garage & Service Station",DARDANUP,"(blank)"
"FuelWatch WA","FuelWatchRetail-05-2026.csv","May 17, 2026 @ 10:00:00.000","May 18, 2026 @ 22:00:01.000","9881 Coalfields Rd",ULP,"6,392","189.9",Independent,"Darkan Roadhouse",DARKAN,"(blank)"
"FuelWatch WA","FuelWatchRetail-05-2026.csv","May 17, 2026 @ 10:00:00.000","May 18, 2026 @ 22:00:01.000","9881 Coalfields Rd",Diesel,"6,392","261.5",Independent,"Darkan Roadhouse",DARKAN,"(blank)"
"FuelWatch WA","FuelWatchRetail-05-2026.csv","May 17, 2026 @ 10:00:00.000","May 18, 2026 @ 22:00:01.000","4267 South Western Hwy","98 RON","6,207","219.9",Ampol,"Del Park Roadhouse","NORTH DANDALUP","(blank)"
"FuelWatch WA","FuelWatchRetail-05-2026.csv","May 17, 2026 @ 10:00:00.000","May 18, 2026 @ 22:00:01.000","46 Clarendon St",ULP,"6,728","218.5",Shell,"Derby Fuels",DERBY,"(blank)"
"FuelWatch WA","FuelWatchRetail-05-2026.csv","May 17, 2026 @ 10:00:00.000","May 18, 2026 @ 22:00:01.000","46 Clarendon St",Diesel,"6,728","256.5",Shell,"Derby Fuels",DERBY,"(blank)"
"FuelWatch WA","FuelWatchRetail-05-2026.csv","May 17, 2026 @ 10:00:00.000","May 18, 2026 @ 22:00:01.000","7 Clementson St",ULP,"6,725","219.5",Shell,"Dunning's Broome",BROOME,"(blank)"
"FuelWatch WA","FuelWatchRetail-05-2026.csv","May 17, 2026 @ 10:00:00.000","May 18, 2026 @ 22:00:01.000","7 Clementson St","98 RON","6,725","239.5",Shell,"Dunning's Broome",BROOME,"(blank)"
"FuelWatch WA","FuelWatchRetail-05-2026.csv","May 17, 2026 @ 10:00:00.000","May 18, 2026 @ 22:00:01.000","125 Robinson St",Diesel,"6,701","263.5",Shell,"Dunning's Carnarvon",MORGANTOWN,"(blank)"
"FuelWatch WA","FuelWatchRetail-05-2026.csv","May 17, 2026 @ 10:00:00.000","May 18, 2026 @ 22:00:01.000","2-4 Forward St",ULP,"6,460","193.9",Shell,"Dunning's Goomalling",GOOMALLING,"(blank)"
"FuelWatch WA","FuelWatchRetail-05-2026.csv","May 17, 2026 @ 10:00:00.000","May 18, 2026 @ 22:00:01.000","2-4 Forward St",Diesel,"6,460","233.9",Shell,"Dunning's Goomalling",GOOMALLING,"(blank)"
"FuelWatch WA","FuelWatchRetail-05-2026.csv","May 17, 2026 @ 10:00:00.000","May 18, 2026 @ 22:00:01.000","Lot 1437 Warambie Rd",ULP,"6,714","195.5",Liberty,"Dunning's Karratha",KARRATHA,"(blank)"
"FuelWatch WA","FuelWatchRetail-05-2026.csv","May 17, 2026 @ 10:00:00.000","May 18, 2026 @ 22:00:01.000","Lot 1437 Warambie Rd",Diesel,"6,714","247.5",Liberty,"Dunning's Karratha",KARRATHA,"(blank)"
"FuelWatch WA","FuelWatchRetail-05-2026.csv","May 17, 2026 @ 10:00:00.000","May 18, 2026 @ 22:00:01.000","520 Robinson St","98 RON","6,701","235.5","Dunning's","Dunning's KCD Fuels",KINGSFORD,"(blank)"
"FuelWatch WA","FuelWatchRetail-05-2026.csv","May 17, 2026 @ 10:00:00.000","May 18, 2026 @ 22:00:01.000","5 Margerison St",ULP,"6,258","187.5","Dunning's","Dunning's Manjimup",MANJIMUP,"(blank)"
"FuelWatch WA","FuelWatchRetail-05-2026.csv","May 17, 2026 @ 10:00:00.000","May 18, 2026 @ 22:00:01.000","2 George St",ULP,"6,415","184.9",Liberty,"Dunning's Merredin",MERREDIN,"(blank)"
"FuelWatch WA","FuelWatchRetail-05-2026.csv","May 17, 2026 @ 10:00:00.000","May 18, 2026 @ 22:00:01.000","21 Willis St",ULP,"6,753","196.5",Shell,"Dunning's Newman",NEWMAN,"(blank)"
"FuelWatch WA","FuelWatchRetail-05-2026.csv","May 17, 2026 @ 10:00:00.000","May 18, 2026 @ 22:00:01.000","38 Peel Tce",Diesel,"6,401","226.9",Shell,"Dunning's Northam",NORTHAM,"(blank)"
"FuelWatch WA","FuelWatchRetail-05-2026.csv","May 17, 2026 @ 10:00:00.000","May 18, 2026 @ 22:00:01.000","38 Peel Tce","98 RON","6,401","205.5",Shell,"Dunning's Northam",NORTHAM,"(blank)"
"FuelWatch WA","FuelWatchRetail-05-2026.csv","May 17, 2026 @ 10:00:00.000","May 18, 2026 @ 22:00:01.000","254 South Western Hwy",ULP,"6,229","178.5",Shell,"Dunning's Picton",PICTON,"(blank)"
"FuelWatch WA","FuelWatchRetail-05-2026.csv","May 17, 2026 @ 10:00:00.000","May 18, 2026 @ 22:00:01.000","254 South Western Hwy","98 RON","6,229","198.5",Shell,"Dunning's Picton",PICTON,"(blank)"
"FuelWatch WA","FuelWatchRetail-05-2026.csv","May 17, 2026 @ 10:00:00.000","May 18, 2026 @ 22:00:01.000","Lot 847 Great Eastern Hwy","98 RON","6,426","216.9",Shell,"Dunning's Southern Cross","SOUTHERN CROSS","(blank)"
"FuelWatch WA","FuelWatchRetail-05-2026.csv","May 17, 2026 @ 10:00:00.000","May 18, 2026 @ 22:00:01.000","127 Giblett St",Diesel,"6,258","231.5",Shell,"Dunning's Thompsons Garage",MANJIMUP,"(blank)"
"FuelWatch WA","FuelWatchRetail-05-2026.csv","May 17, 2026 @ 10:00:00.000","May 18, 2026 @ 22:00:01.000","28 Stirling Tce",Diesel,"6,566","229.9",Shell,"Dunning's Toodyay Junction",TOODYAY,"(blank)"
"FuelWatch WA","FuelWatchRetail-05-2026.csv","May 17, 2026 @ 10:00:00.000","May 18, 2026 @ 22:00:01.000","244 Wongan Rd",ULP,"6,603","193.9",Shell,"Dunning's Wongan Hills","WONGAN HILLS","(blank)"
"FuelWatch WA","FuelWatchRetail-05-2026.csv","May 17, 2026 @ 10:00:00.000","May 18, 2026 @ 22:00:01.000","48 McLarty St","98 RON","6,213","218.7",BP,"Dwellingup BP",DWELLINGUP,"(blank)"
"FuelWatch WA","FuelWatchRetail-05-2026.csv","May 17, 2026 @ 10:00:00.000","May 18, 2026 @ 22:00:01.000","Lot 501 Cox St",Diesel,"6,440","279.9",Eagle,"Eagle Laverton",LAVERTON,"(blank)"
"FuelWatch WA","FuelWatchRetail-05-2026.csv","May 17, 2026 @ 10:00:00.000","May 18, 2026 @ 22:00:01.000","Cnr Mansbridge St & Agnew Rd",ULP,"6,437","215.9",Eagle,"Eagle Leinster",LEINSTER,"(blank)"
"FuelWatch WA","FuelWatchRetail-05-2026.csv","May 17, 2026 @ 10:00:00.000","May 18, 2026 @ 22:00:01.000","Cnr Mansbridge St & Agnew Rd","98 RON","6,437","239.9",Eagle,"Eagle Leinster",LEINSTER,"(blank)"
"FuelWatch WA","FuelWatchRetail-05-2026.csv","May 17, 2026 @ 10:00:00.000","May 18, 2026 @ 22:00:01.000","504 Goldfields Hwy",Diesel,"6,438","259.9",Shell,"Eagle Leonora",LEONORA,"(blank)"
"FuelWatch WA","FuelWatchRetail-05-2026.csv","May 17, 2026 @ 10:00:00.000","May 18, 2026 @ 22:00:01.000","57 Shenton St",Diesel,"6,436","269.9",Eagle,"Eagle Menzies",MENZIES,"(blank)"
"FuelWatch WA","FuelWatchRetail-05-2026.csv","May 17, 2026 @ 10:00:00.000","May 18, 2026 @ 22:00:01.000","7 Antares St",Diesel,"6,426","225.9",Eagle,"Eagle Southern Cross","SOUTHERN CROSS","(blank)"
"FuelWatch WA","FuelWatchRetail-05-2026.csv","May 17, 2026 @ 10:00:00.000","May 18, 2026 @ 22:00:01.000","2 Brinsden Rd",ULP,"6,430","174.9",Eagle,"Eagle West Kalgoorlie Truckstop","WEST KALGOORLIE","(blank)"
"FuelWatch WA","FuelWatchRetail-05-2026.csv","May 17, 2026 @ 10:00:00.000","May 18, 2026 @ 22:00:01.000","2 Brinsden Rd",Diesel,"6,430","238.9",Eagle,"Eagle West Kalgoorlie Truckstop","WEST KALGOORLIE","(blank)"
"FuelWatch WA","FuelWatchRetail-05-2026.csv","May 17, 2026 @ 10:00:00.000","May 18, 2026 @ 22:00:01.000","11 Shorehaven Bvd",PULP,"6,038","187.9","EG Ampol","EG Ampol Alkimos",ALKIMOS,"(blank)"
"FuelWatch WA","FuelWatchRetail-05-2026.csv","May 17, 2026 @ 10:00:00.000","May 18, 2026 @ 22:00:01.000","11 Shorehaven Bvd","98 RON","6,038","195.9","EG Ampol","EG Ampol Alkimos",ALKIMOS,"(blank)"
"FuelWatch WA","FuelWatchRetail-05-2026.csv","May 17, 2026 @ 10:00:00.000","May 18, 2026 @ 22:00:01.000","Cnr Grand Ent & The Promenade","Brand Diesel","6,233","229.9","EG Ampol","EG Ampol Australind",AUSTRALIND,"(blank)"
"FuelWatch WA","FuelWatchRetail-05-2026.csv","May 17, 2026 @ 10:00:00.000","May 18, 2026 @ 22:00:01.000","317 Millhouse Rd",ULP,"6,069","175.9","EG Ampol","EG Ampol Aveley",AVELEY,"(blank)"
"FuelWatch WA","FuelWatchRetail-05-2026.csv","May 17, 2026 @ 10:00:00.000","May 18, 2026 @ 22:00:01.000","5 Hamelin Dr",ULP,"6,066","177.9","EG Ampol","EG Ampol Ballajura",BALLAJURA,"(blank)"
"FuelWatch WA","FuelWatchRetail-05-2026.csv","May 17, 2026 @ 10:00:00.000","May 18, 2026 @ 22:00:01.000","5 Hamelin Dr","Brand Diesel","6,066","223.9","EG Ampol","EG Ampol Ballajura",BALLAJURA,"(blank)"
"FuelWatch WA","FuelWatchRetail-05-2026.csv","May 17, 2026 @ 10:00:00.000","May 18, 2026 @ 22:00:01.000","133 Ghost Gum Bvd",PULP,"6,031","190.9","EG Ampol","EG Ampol Banksia Grove","BANKSIA GROVE","(blank)"
"FuelWatch WA","FuelWatchRetail-05-2026.csv","May 17, 2026 @ 10:00:00.000","May 18, 2026 @ 22:00:01.000","133 Ghost Gum Bvd","Brand Diesel","6,031","223.9","EG Ampol","EG Ampol Banksia Grove","BANKSIA GROVE","(blank)"
"FuelWatch WA","FuelWatchRetail-05-2026.csv","May 17, 2026 @ 10:00:00.000","May 18, 2026 @ 22:00:01.000","133 Ghost Gum Bvd","98 RON","6,031","198.9","EG Ampol","EG Ampol Banksia Grove","BANKSIA GROVE","(blank)"
"FuelWatch WA","FuelWatchRetail-05-2026.csv","May 17, 2026 @ 10:00:00.000","May 18, 2026 @ 22:00:01.000","162 Chester Pass Rd",ULP,"6,330","185.9","EG Ampol","EG Ampol Brooks Garden",LANGE,"(blank)"
"FuelWatch WA","FuelWatchRetail-05-2026.csv","May 17, 2026 @ 10:00:00.000","May 18, 2026 @ 22:00:01.000","162 Chester Pass Rd","98 RON","6,330","210.9","EG Ampol","EG Ampol Brooks Garden",LANGE,"(blank)"
"FuelWatch WA","FuelWatchRetail-05-2026.csv","May 17, 2026 @ 10:00:00.000","May 18, 2026 @ 22:00:01.000","15 Sarah Cl","Brand Diesel","6,155","219.9","EG Ampol","EG Ampol Canning Vale","CANNING VALE","(blank)"
"FuelWatch WA","FuelWatchRetail-05-2026.csv","May 17, 2026 @ 10:00:00.000","May 18, 2026 @ 22:00:01.000","15 Sarah Cl","98 RON","6,155","200.9","EG Ampol","EG Ampol Canning Vale","CANNING VALE","(blank)"
"FuelWatch WA","FuelWatchRetail-05-2026.csv","May 17, 2026 @ 10:00:00.000","May 18, 2026 @ 22:00:01.000","1244 Marmion Ave",ULP,"6,028","175.9","EG Ampol","EG Ampol Currambine Marketplace",CURRAMBINE,"(blank)"
"FuelWatch WA","FuelWatchRetail-05-2026.csv","May 17, 2026 @ 10:00:00.000","May 18, 2026 @ 22:00:01.000","1244 Marmion Ave",PULP,"6,028","190.9","EG Ampol","EG Ampol Currambine Marketplace",CURRAMBINE,"(blank)"
"FuelWatch WA","FuelWatchRetail-05-2026.csv","May 17, 2026 @ 10:00:00.000","May 18, 2026 @ 22:00:01.000","1244 Marmion Ave","Brand Diesel","6,028","225.9","EG Ampol","EG Ampol Currambine Marketplace",CURRAMBINE,"(blank)"
"FuelWatch WA","FuelWatchRetail-05-2026.csv","May 17, 2026 @ 10:00:00.000","May 18, 2026 @ 22:00:01.000","106 Frederick St",ULP,"6,725","239.9","EG Ampol","EG Ampol Djugun",DJUGUN,"(blank)"
"FuelWatch WA","FuelWatchRetail-05-2026.csv","May 17, 2026 @ 10:00:00.000","May 18, 2026 @ 22:00:01.000","2 Recreation Dr","Brand Diesel","6,232","229.9","EG Ampol","EG Ampol Eaton",EATON,"(blank)"
"FuelWatch WA","FuelWatchRetail-05-2026.csv","May 17, 2026 @ 10:00:00.000","May 18, 2026 @ 22:00:01.000","2 Recreation Dr","98 RON","6,232","195.9","EG Ampol","EG Ampol Eaton",EATON,"(blank)"
"FuelWatch WA","FuelWatchRetail-05-2026.csv","May 17, 2026 @ 10:00:00.000","May 18, 2026 @ 22:00:01.000","11 Main St","Brand Diesel","6,069","229.9","EG Ampol","EG Ampol Ellenbrook",ELLENBROOK,"(blank)"
"FuelWatch WA","FuelWatchRetail-05-2026.csv","May 17, 2026 @ 10:00:00.000","May 18, 2026 @ 22:00:01.000","651 Old Coast Rd",PULP,"6,210","192.9","EG Ampol","EG Ampol Falcon",FALCON,"(blank)"
"FuelWatch WA","FuelWatchRetail-05-2026.csv","May 17, 2026 @ 10:00:00.000","May 18, 2026 @ 22:00:01.000","5 Howtree Pl",PULP,"6,014","192.9","EG Ampol","EG Ampol Floreat",FLOREAT,"(blank)"
"FuelWatch WA","FuelWatchRetail-05-2026.csv","May 17, 2026 @ 10:00:00.000","May 18, 2026 @ 22:00:01.000","5 Howtree Pl","Brand Diesel","6,014","229.9","EG Ampol","EG Ampol Floreat",FLOREAT,"(blank)"
"FuelWatch WA","FuelWatchRetail-05-2026.csv","May 17, 2026 @ 10:00:00.000","May 18, 2026 @ 22:00:01.000","5 Howtree Pl","98 RON","6,014","202.9","EG Ampol","EG Ampol Floreat",FLOREAT,"(blank)"
"FuelWatch WA","FuelWatchRetail-05-2026.csv","May 17, 2026 @ 10:00:00.000","May 18, 2026 @ 22:00:01.000","59 Cathedral Ave",ULP,"6,530","181.9","EG Ampol","EG Ampol Geraldton",GERALDTON,"(blank)"
"FuelWatch WA","FuelWatchRetail-05-2026.csv","May 17, 2026 @ 10:00:00.000","May 18, 2026 @ 22:00:01.000","37 Canham Way",ULP,"6,024","177.9","EG Ampol","EG Ampol Greenwood",GREENWOOD,"(blank)"
"FuelWatch WA","FuelWatchRetail-05-2026.csv","May 17, 2026 @ 10:00:00.000","May 18, 2026 @ 22:00:01.000","37 Canham Way","Brand Diesel","6,024","225.9","EG Ampol","EG Ampol Greenwood",GREENWOOD,"(blank)"
"FuelWatch WA","FuelWatchRetail-05-2026.csv","May 17, 2026 @ 10:00:00.000","May 18, 2026 @ 22:00:01.000","139-141 Clive St",PULP,"6,317","195.9","EG Ampol","EG Ampol Katanning",KATANNING,"(blank)"
"FuelWatch WA","FuelWatchRetail-05-2026.csv","May 17, 2026 @ 10:00:00.000","May 18, 2026 @ 22:00:01.000","207 Burslem Dr",PULP,"6,109","188.9","EG Ampol","EG Ampol Maddington West",MADDINGTON,"(blank)"
"FuelWatch WA","FuelWatchRetail-05-2026.csv","May 17, 2026 @ 10:00:00.000","May 18, 2026 @ 22:00:01.000","330 Pinjarra Rd",PULP,"6,210","190.9","EG Ampol","EG Ampol Mandurah Forum",MANDURAH,"(blank)"
"FuelWatch WA","FuelWatchRetail-05-2026.csv","May 17, 2026 @ 10:00:00.000","May 18, 2026 @ 22:00:01.000","330 Pinjarra Rd","Brand Diesel","6,210","223.9","EG Ampol","EG Ampol Mandurah Forum",MANDURAH,"(blank)"
"FuelWatch WA","FuelWatchRetail-05-2026.csv","May 17, 2026 @ 10:00:00.000","May 18, 2026 @ 22:00:01.000","330 Pinjarra Rd","98 RON","6,210","198.9","EG Ampol","EG Ampol Mandurah Forum",MANDURAH,"(blank)"
"FuelWatch WA","FuelWatchRetail-05-2026.csv","May 17, 2026 @ 10:00:00.000","May 18, 2026 @ 22:00:01.000","89 Mottram St",ULP,"6,258","186.9","EG Ampol","EG Ampol Manjimup",MANJIMUP,"(blank)"
"FuelWatch WA","FuelWatchRetail-05-2026.csv","May 17, 2026 @ 10:00:00.000","May 18, 2026 @ 22:00:01.000","89 Mottram St","Brand Diesel","6,258","231.9","EG Ampol","EG Ampol Manjimup",MANJIMUP,"(blank)"
"FuelWatch WA","FuelWatchRetail-05-2026.csv","May 17, 2026 @ 10:00:00.000","May 18, 2026 @ 22:00:01.000","60 Russell St",ULP,"6,062","175.9","EG Ampol","EG Ampol Morley Galleria",MORLEY,"(blank)"
"FuelWatch WA","FuelWatchRetail-05-2026.csv","May 17, 2026 @ 10:00:00.000","May 18, 2026 @ 22:00:01.000","60 Russell St","Brand Diesel","6,062","225.9","EG Ampol","EG Ampol Morley Galleria",MORLEY,"(blank)"
"FuelWatch WA","FuelWatchRetail-05-2026.csv","May 17, 2026 @ 10:00:00.000","May 18, 2026 @ 22:00:01.000","86 Wellington St","98 RON","6,401","201.9","EG Ampol","EG Ampol Northam",NORTHAM,"(blank)"
"FuelWatch WA","FuelWatchRetail-05-2026.csv","May 17, 2026 @ 10:00:00.000","May 18, 2026 @ 22:00:01.000","401 Scarborough Beach Rd","Brand Diesel","6,017","223.9","EG Ampol","EG Ampol Osborne Park","OSBORNE PARK","(blank)"
"FuelWatch WA","FuelWatchRetail-05-2026.csv","May 17, 2026 @ 10:00:00.000","May 18, 2026 @ 22:00:01.000","219 Hampton Rd",PULP,"6,162","192.9","EG Ampol","EG Ampol South Fremantle","SOUTH FREMANTLE","(blank)"
"FuelWatch WA","FuelWatchRetail-05-2026.csv","May 17, 2026 @ 10:00:00.000","May 18, 2026 @ 22:00:01.000","752 North Lake Rd",PULP,"6,164","185.9","EG Ampol","EG Ampol South Lake","SOUTH LAKE","(blank)"
"FuelWatch WA","FuelWatchRetail-05-2026.csv","May 17, 2026 @ 10:00:00.000","May 18, 2026 @ 22:00:01.000","466 Warton Rd","98 RON","6,110","198.9","EG Ampol","EG Ampol Southern River","SOUTHERN RIVER","(blank)"
"FuelWatch WA","FuelWatchRetail-05-2026.csv","May 17, 2026 @ 10:00:00.000","May 18, 2026 @ 22:00:01.000","202 Warnbro Sound Ave",ULP,"6,169","175.9","EG Ampol","EG Ampol Warnbro",WARNBRO,"(blank)"
"FuelWatch WA","FuelWatchRetail-05-2026.csv","May 17, 2026 @ 10:00:00.000","May 18, 2026 @ 22:00:01.000","202 Warnbro Sound Ave","Brand Diesel","6,169","225.9","EG Ampol","EG Ampol Warnbro",WARNBRO,"(blank)"
"FuelWatch WA","FuelWatchRetail-05-2026.csv","May 17, 2026 @ 10:00:00.000","May 18, 2026 @ 22:00:01.000","470 Whitfords Ave","Brand Diesel","6,025","225.9","EG Ampol","EG Ampol Whitfords",HILLARYS,"(blank)"
"FuelWatch WA","FuelWatchRetail-05-2026.csv","May 17, 2026 @ 10:00:00.000","May 18, 2026 @ 22:00:01.000","470 Whitfords Ave","98 RON","6,025","199.9","EG Ampol","EG Ampol Whitfords",HILLARYS,"(blank)"
"FuelWatch WA","FuelWatchRetail-05-2026.csv","May 17, 2026 @ 10:00:00.000","May 18, 2026 @ 22:00:01.000","1309 Lower Denmark Rd",ULP,"6,330","195.7",Puma,"Elleker General Store",ELLEKER,"(blank)"
"FuelWatch WA","FuelWatchRetail-05-2026.csv","May 17, 2026 @ 10:00:00.000","May 18, 2026 @ 22:00:01.000","Lot 6 Eyre Hwy",ULP,"6,443",268,IOR,"Eucla Motor Hotel",EUCLA,"(blank)"
"FuelWatch WA","FuelWatchRetail-05-2026.csv","May 17, 2026 @ 10:00:00.000","May 18, 2026 @ 22:00:01.000","23 Ingram St",Diesel,"6,707","262.8",Shell,"Exmouth Ningaloo Fuels","NORTH WEST CAPE","(blank)"
"FuelWatch WA","FuelWatchRetail-05-2026.csv","May 17, 2026 @ 10:00:00.000","May 18, 2026 @ 22:00:01.000","54 Cumberland Rd",ULP,"6,058","167.9","FastFuel 24/7","FastFuel 24/7",FORRESTFIELD,"(blank)"
"FuelWatch WA","FuelWatchRetail-05-2026.csv","May 17, 2026 @ 10:00:00.000","May 18, 2026 @ 22:00:01.000","Lot 277 Great Northern Hwy",Diesel,"6,765","254.9",Independent,"Fitzroy River Lodge","FITZROY CROSSING","(blank)"
"FuelWatch WA","FuelWatchRetail-05-2026.csv","May 17, 2026 @ 10:00:00.000","May 18, 2026 @ 22:00:01.000","7 South Western Hwy",Diesel,"6,239","229.9",Liberty,"Fruit Barn",DONNYBROOK,"(blank)"
"FuelWatch WA","FuelWatchRetail-05-2026.csv","May 17, 2026 @ 10:00:00.000","May 18, 2026 @ 22:00:01.000","104 Brookman St",ULP,"6,430","171.9",Eagle,"Fuel & Fly Kalgoorlie",KALGOORLIE,"(blank)"
"FuelWatch WA","FuelWatchRetail-05-2026.csv","May 17, 2026 @ 10:00:00.000","May 18, 2026 @ 22:00:01.000","104 Brookman St","98 RON","6,430","193.5",Eagle,"Fuel & Fly Kalgoorlie",KALGOORLIE,"(blank)"
"FuelWatch WA","FuelWatchRetail-05-2026.csv","May 17, 2026 @ 10:00:00.000","May 18, 2026 @ 22:00:01.000","94 Ommaney Rd",Diesel,"6,224","228.9",Ampol,"GD's Brunswick Roadhouse",BRUNSWICK,"(blank)"
"FuelWatch WA","FuelWatchRetail-05-2026.csv","May 17, 2026 @ 10:00:00.000","May 18, 2026 @ 22:00:01.000","94 Ommaney Rd","98 RON","6,224","202.9",Ampol,"GD's Brunswick Roadhouse",BRUNSWICK,"(blank)"
"FuelWatch WA","FuelWatchRetail-05-2026.csv","May 17, 2026 @ 10:00:00.000","May 18, 2026 @ 22:00:01.000","328 Marine Tce",ULP,"6,280","202.9",Liberty,"Geographe IGA",GEOGRAPHE,"(blank)"
"FuelWatch WA","FuelWatchRetail-05-2026.csv","May 17, 2026 @ 10:00:00.000","May 18, 2026 @ 22:00:01.000","84 Strelly St",PULP,"6,280","193.5",Liberty,"Geographe Petroleum",BUSSELTON,"(blank)"
"FuelWatch WA","FuelWatchRetail-05-2026.csv","May 17, 2026 @ 10:00:00.000","May 18, 2026 @ 22:00:01.000","43-45 Shadbolt St",Diesel,"6,479",322,BP,"Geraghty's Engineering & Auto Electrics",MUKINBUDIN,"(blank)"
"FuelWatch WA","FuelWatchRetail-05-2026.csv","May 17, 2026 @ 10:00:00.000","May 18, 2026 @ 22:00:01.000","14 Weld St",PULP,"6,503","219.9",Liberty,"Gingin Fuel and Tyres",GINGIN,"(blank)"
"FuelWatch WA","FuelWatchRetail-05-2026.csv","May 17, 2026 @ 10:00:00.000","May 18, 2026 @ 22:00:01.000","14 Weld St",Diesel,"6,503","231.9",Liberty,"Gingin Fuel and Tyres",GINGIN,"(blank)"
"FuelWatch WA","FuelWatchRetail-05-2026.csv","May 17, 2026 @ 10:00:00.000","May 18, 2026 @ 22:00:01.000","55 Dewar Rd",Diesel,"6,503","239.9",Shell,"Gingin Roadhouse",GRANVILLE,"(blank)"
"FuelWatch WA","FuelWatchRetail-05-2026.csv","May 17, 2026 @ 10:00:00.000","May 18, 2026 @ 22:00:01.000","20 Formby St","98 RON","6,335","210.1",Independent,"Gnowangerup Fuel Supplies",GNOWANGERUP,"(blank)"
"FuelWatch WA","FuelWatchRetail-05-2026.csv","May 17, 2026 @ 10:00:00.000","May 18, 2026 @ 22:00:01.000","Lot 3 Eyre Hwy",Diesel,"6,443","284.9",BP,"Golden Outback Caiguna",CAIGUNA,"(blank)"
"FuelWatch WA","FuelWatchRetail-05-2026.csv","May 17, 2026 @ 10:00:00.000","May 18, 2026 @ 22:00:01.000","Lot 100 Eyre Hwy",ULP,"6,443","248.9",BP,"Golden Outback Cocklebiddy",COCKLEBIDDY,"(blank)"
"FuelWatch WA","FuelWatchRetail-05-2026.csv","May 17, 2026 @ 10:00:00.000","May 18, 2026 @ 22:00:01.000","Lot 100 Eyre Hwy",Diesel,"6,443","285.9",BP,"Golden Outback Cocklebiddy",COCKLEBIDDY,"(blank)"
"FuelWatch WA","FuelWatchRetail-05-2026.csv","May 17, 2026 @ 10:00:00.000","May 18, 2026 @ 22:00:01.000","Lot 11 Eyre Hwy",ULP,"6,443","251.9",Shell,"Golden Outback Madura",MADURA,"(blank)"
"FuelWatch WA","FuelWatchRetail-05-2026.csv","May 17, 2026 @ 10:00:00.000","May 18, 2026 @ 22:00:01.000","Lot 11 Eyre Hwy","98 RON","6,443","271.9",Shell,"Golden Outback Madura",MADURA,"(blank)"
"FuelWatch WA","FuelWatchRetail-05-2026.csv","May 17, 2026 @ 10:00:00.000","May 18, 2026 @ 22:00:01.000","28 Blackwood Rd",ULP,"6,254","189.7",Phoenix,"Greenbushes Roadhouse",GREENBUSHES,"(blank)"
"FuelWatch WA","FuelWatchRetail-05-2026.csv","May 17, 2026 @ 10:00:00.000","May 18, 2026 @ 22:00:01.000","3 Green Head Rd",ULP,"6,514","203.9",Liberty,"Greenhead General and Fuel Store","GREEN HEAD","(blank)"
"FuelWatch WA","FuelWatchRetail-05-2026.csv","May 17, 2026 @ 10:00:00.000","May 18, 2026 @ 22:00:01.000","3 Green Head Rd",Diesel,"6,514","249.9",Liberty,"Greenhead General and Fuel Store","GREEN HEAD","(blank)"
"FuelWatch WA","FuelWatchRetail-05-2026.csv","May 17, 2026 @ 10:00:00.000","May 18, 2026 @ 22:00:01.000","58 Bannister Rd",Diesel,"6,390",249,Independent,"Greg Day Motors",BODDINGTON,"(blank)"
"FuelWatch WA","FuelWatchRetail-05-2026.csv","May 17, 2026 @ 10:00:00.000","May 18, 2026 @ 22:00:01.000","30 Weld St",ULP,"6,503","195.9",Independent,"Gull Gingin",GINGIN,"(blank)"
"FuelWatch WA","FuelWatchRetail-05-2026.csv","May 17, 2026 @ 10:00:00.000","May 18, 2026 @ 22:00:01.000","14270 South Western Hwy",Diesel,"6,228","219.7",Gull,"Gull Waterloo",WATERLOO,"(blank)"
"FuelWatch WA","FuelWatchRetail-05-2026.csv","May 17, 2026 @ 10:00:00.000","May 18, 2026 @ 22:00:01.000","24 Falconer Dr",PULP,"6,518","229.9",Puma,"Halfway Mill Roadhouse",WARRADARGE,"(blank)"
"FuelWatch WA","FuelWatchRetail-05-2026.csv","May 17, 2026 @ 10:00:00.000","May 18, 2026 @ 22:00:01.000","777 Great Northern Hwy",Diesel,"6,056","226.9",Vibe,"Herne Hill General Store","HERNE HILL","(blank)"
"FuelWatch WA","FuelWatchRetail-05-2026.csv","May 17, 2026 @ 10:00:00.000","May 18, 2026 @ 22:00:01.000","47 Albany Hwy",Diesel,"6,395","239.9",Shell,"Hillview Roadhouse and Motel",KOJONUP,"(blank)"
"FuelWatch WA","FuelWatchRetail-05-2026.csv","May 17, 2026 @ 10:00:00.000","May 18, 2026 @ 22:00:01.000","47 Albany Hwy","98 RON","6,395","224.9",Shell,"Hillview Roadhouse and Motel",KOJONUP,"(blank)"
"FuelWatch WA","FuelWatchRetail-05-2026.csv","May 17, 2026 @ 10:00:00.000","May 18, 2026 @ 22:00:01.000","154 Albany Hwy",Diesel,"6,395","240.9","WA Fuels","Hi-Way Sales & Service 1982",KOJONUP,"(blank)"
"FuelWatch WA","FuelWatchRetail-05-2026.csv","May 17, 2026 @ 10:00:00.000","May 18, 2026 @ 22:00:01.000","Lot 704 Tamar St",Diesel,"6,348","334.9",Independent,"Hopetoun Fuel Services",HOPETOUN,"(blank)"
"FuelWatch WA","FuelWatchRetail-05-2026.csv","May 17, 2026 @ 10:00:00.000","May 18, 2026 @ 22:00:01.000","24 Veal St",Diesel,"6,348","269.9",Independent,"Hopetoun General Store",HOPETOUN,"(blank)"
"FuelWatch WA","FuelWatchRetail-05-2026.csv","May 17, 2026 @ 10:00:00.000","May 18, 2026 @ 22:00:01.000","2 Marshall St",Diesel,"6,359",280,Liberty,"Hyden Travel Stop",HYDEN,"(blank)"
"FuelWatch WA","FuelWatchRetail-05-2026.csv","May 17, 2026 @ 10:00:00.000","May 18, 2026 @ 22:00:01.000","Lot 500 Serpentine Lakes Rd",Diesel,"6,440",385,Independent,Ilkurlka,BEADELL,"(blank)"
"FuelWatch WA","FuelWatchRetail-05-2026.csv","May 17, 2026 @ 10:00:00.000","May 18, 2026 @ 22:00:01.000","1011A Abernethy Rd",Diesel,"6,057","236.9",IOR,"IOR High Wycombe","HIGH WYCOMBE","(blank)"
"FuelWatch WA","FuelWatchRetail-05-2026.csv","May 17, 2026 @ 10:00:00.000","May 18, 2026 @ 22:00:01.000","27 Mercury Rise",Diesel,"6,501","237.9",IOR,"IOR Muchea",MUCHEA,"(blank)"
"FuelWatch WA","FuelWatchRetail-05-2026.csv","May 17, 2026 @ 10:00:00.000","May 18, 2026 @ 22:00:01.000","Store Rd",ULP,872,364,BP,"Jameson Store","NGAANYATJARRA-GILES","(blank)"
"FuelWatch WA","FuelWatchRetail-05-2026.csv","May 17, 2026 @ 10:00:00.000","May 18, 2026 @ 22:00:01.000","4 Tobruk Rd",ULP,"6,337",233,Independent,"Jerramungup Cafe and Fuel",JERRAMUNGUP,"(blank)"
"FuelWatch WA","FuelWatchRetail-05-2026.csv","May 17, 2026 @ 10:00:00.000","May 18, 2026 @ 22:00:01.000","4 Tobruk Rd","98 RON","6,337",252,Independent,"Jerramungup Cafe and Fuel",JERRAMUNGUP,"(blank)"
"FuelWatch WA","FuelWatchRetail-05-2026.csv","May 17, 2026 @ 10:00:00.000","May 18, 2026 @ 22:00:01.000","3 South Coast Hwy",ULP,"6,337",211,Liberty,"Jerramungup Roadhouse",JERRAMUNGUP,"(blank)"
"FuelWatch WA","FuelWatchRetail-05-2026.csv","May 17, 2026 @ 10:00:00.000","May 18, 2026 @ 22:00:01.000","2 Bluebush Rd",PULP,"6,442","279.9",Liberty,"Kambalda Roadhouse","KAMBALDA WEST","(blank)"
"FuelWatch WA","FuelWatchRetail-05-2026.csv","May 17, 2026 @ 10:00:00.000","May 18, 2026 @ 22:00:01.000","2263 Mandurah Rd","98 RON","6,176","201.9",BP,"Karnup Roadhouse",KARNUP,"(blank)"
"FuelWatch WA","FuelWatchRetail-05-2026.csv","May 17, 2026 @ 10:00:00.000","May 18, 2026 @ 22:00:01.000","6 Great Northern Hwy",ULP,"6,740","254.9",Independent,"Kimberley Motors",WYNDHAM,"(blank)"
"FuelWatch WA","FuelWatchRetail-05-2026.csv","May 17, 2026 @ 10:00:00.000","May 18, 2026 @ 22:00:01.000","Lot 62 Gordon Downs Rd",ULP,"6,770",340,Mogas,"Kundat Djaru Store","KUNDAT DJARU","(blank)"
"FuelWatch WA","FuelWatchRetail-05-2026.csv","May 17, 2026 @ 10:00:00.000","May 18, 2026 @ 22:00:01.000","Lot 62 Gordon Downs Rd",Diesel,"6,770",340,Mogas,"Kundat Djaru Store","KUNDAT DJARU","(blank)"
"FuelWatch WA","FuelWatchRetail-05-2026.csv","May 17, 2026 @ 10:00:00.000","May 18, 2026 @ 22:00:01.000","23 Walker Ave",PULP,"6,044",220,Independent,"Lancelin Gull Roadhouse",LANCELIN,"(blank)"
"FuelWatch WA","FuelWatchRetail-05-2026.csv","May 17, 2026 @ 10:00:00.000","May 18, 2026 @ 22:00:01.000","13 Prince St",Diesel,"6,043",273,Independent,"Ledge Point Store","LEDGE POINT","(blank)"
"FuelWatch WA","FuelWatchRetail-05-2026.csv","May 17, 2026 @ 10:00:00.000","May 18, 2026 @ 22:00:01.000","7 Honeybee Pde",ULP,"6,031","169.5",Liberty,"Liberty Banksia Grove","BANKSIA GROVE","(blank)"
"FuelWatch WA","FuelWatchRetail-05-2026.csv","May 17, 2026 @ 10:00:00.000","May 18, 2026 @ 22:00:01.000","7 Honeybee Pde",Diesel,"6,031","218.9",Liberty,"Liberty Banksia Grove","BANKSIA GROVE","(blank)"
"FuelWatch WA","FuelWatchRetail-05-2026.csv","May 17, 2026 @ 10:00:00.000","May 18, 2026 @ 22:00:01.000","7 Honeybee Pde","98 RON","6,031","192.5",Liberty,"Liberty Banksia Grove","BANKSIA GROVE","(blank)"
"FuelWatch WA","FuelWatchRetail-05-2026.csv","May 17, 2026 @ 10:00:00.000","May 18, 2026 @ 22:00:01.000","63 William St",ULP,"6,107","163.3",Liberty,"Liberty Beckenham",BECKENHAM,"(blank)"
"FuelWatch WA","FuelWatchRetail-05-2026.csv","May 17, 2026 @ 10:00:00.000","May 18, 2026 @ 22:00:01.000","100 West St",PULP,"6,280","184.5",Liberty,"Liberty Busselton West","WEST BUSSELTON","(blank)"
"FuelWatch WA","FuelWatchRetail-05-2026.csv","May 17, 2026 @ 10:00:00.000","May 18, 2026 @ 22:00:01.000","100 West St","98 RON","6,280","192.5",Liberty,"Liberty Busselton West","WEST BUSSELTON","(blank)"
"FuelWatch WA","FuelWatchRetail-05-2026.csv","May 17, 2026 @ 10:00:00.000","May 18, 2026 @ 22:00:01.000","25 Cecil Ave","98 RON","6,107","191.2",Liberty,"Liberty Cannington",CANNINGTON,"(blank)"
"FuelWatch WA","FuelWatchRetail-05-2026.csv","May 17, 2026 @ 10:00:00.000","May 18, 2026 @ 22:00:01.000","9 Norton Prom","Brand Diesel","6,230","232.9",Liberty,"Liberty Dalyellup",DALYELLUP,"(blank)"
"FuelWatch WA","FuelWatchRetail-05-2026.csv","May 17, 2026 @ 10:00:00.000","May 18, 2026 @ 22:00:01.000","30215 Brand Hwy",Diesel,"6,525","219.5",Liberty,"Liberty Dongara",DONGARA,"(blank)"
"FuelWatch WA","FuelWatchRetail-05-2026.csv","May 17, 2026 @ 10:00:00.000","May 18, 2026 @ 22:00:01.000","115 Dixon Rd",ULP,"6,168","173.5",Liberty,"Liberty East Rockingham","EAST ROCKINGHAM","(blank)"
"FuelWatch WA","FuelWatchRetail-05-2026.csv","May 17, 2026 @ 10:00:00.000","May 18, 2026 @ 22:00:01.000","115 Dixon Rd",PULP,"6,168","188.5",Liberty,"Liberty East Rockingham","EAST ROCKINGHAM","(blank)"
"FuelWatch WA","FuelWatchRetail-05-2026.csv","May 17, 2026 @ 10:00:00.000","May 18, 2026 @ 22:00:01.000","115 Dixon Rd","Brand Diesel","6,168","226.5",Liberty,"Liberty East Rockingham","EAST ROCKINGHAM","(blank)"
"FuelWatch WA","FuelWatchRetail-05-2026.csv","May 17, 2026 @ 10:00:00.000","May 18, 2026 @ 22:00:01.000","2341 Albany Hwy",ULP,"6,110","173.5",Liberty,"Liberty Gosnells",GOSNELLS,"(blank)"
"FuelWatch WA","FuelWatchRetail-05-2026.csv","May 17, 2026 @ 10:00:00.000","May 18, 2026 @ 22:00:01.000","69-71 Wilson St",ULP,"6,430","172.5",Liberty,"Liberty Kalgoorlie",KALGOORLIE,"(blank)"
"FuelWatch WA","FuelWatchRetail-05-2026.csv","May 17, 2026 @ 10:00:00.000","May 18, 2026 @ 22:00:01.000","69-71 Wilson St","98 RON","6,430","195.5",Liberty,"Liberty Kalgoorlie",KALGOORLIE,"(blank)"
"FuelWatch WA","FuelWatchRetail-05-2026.csv","May 17, 2026 @ 10:00:00.000","May 18, 2026 @ 22:00:01.000","2 Cockatoo St",ULP,"6,714","189.5",Liberty,"Liberty Karratha",NICKOL,"(blank)"
"FuelWatch WA","FuelWatchRetail-05-2026.csv","May 17, 2026 @ 10:00:00.000","May 18, 2026 @ 22:00:01.000","2 Cockatoo St",Diesel,"6,714","245.5",Liberty,"Liberty Karratha",NICKOL,"(blank)"
"FuelWatch WA","FuelWatchRetail-05-2026.csv","May 17, 2026 @ 10:00:00.000","May 18, 2026 @ 22:00:01.000","68 Cornwall St",ULP,"6,317",215,Liberty,"Liberty Katanning",KATANNING,"(blank)"
"FuelWatch WA","FuelWatchRetail-05-2026.csv","May 17, 2026 @ 10:00:00.000","May 18, 2026 @ 22:00:01.000","68 Cornwall St",Diesel,"6,317",320,Liberty,"Liberty Katanning",KATANNING,"(blank)"
"FuelWatch WA","FuelWatchRetail-05-2026.csv","May 17, 2026 @ 10:00:00.000","May 18, 2026 @ 22:00:01.000","557 Albany Hwy",ULP,"6,330","178.5",Liberty,"Liberty McKail",MCKAIL,"(blank)"
"FuelWatch WA","FuelWatchRetail-05-2026.csv","May 17, 2026 @ 10:00:00.000","May 18, 2026 @ 22:00:01.000","24 Dooley St","Brand Diesel","6,165","217.5",Liberty,"Liberty Naval Base","NAVAL BASE","(blank)"
"FuelWatch WA","FuelWatchRetail-05-2026.csv","May 17, 2026 @ 10:00:00.000","May 18, 2026 @ 22:00:01.000","24 Dooley St","98 RON","6,165","192.5",Liberty,"Liberty Naval Base","NAVAL BASE","(blank)"
"FuelWatch WA","FuelWatchRetail-05-2026.csv","May 17, 2026 @ 10:00:00.000","May 18, 2026 @ 22:00:01.000","9 Pritchard St",Diesel,"6,163","225.5",Liberty,"Liberty O'Connor","O'CONNOR","(blank)"
"FuelWatch WA","FuelWatchRetail-05-2026.csv","May 17, 2026 @ 10:00:00.000","May 18, 2026 @ 22:00:01.000","4 Bayonet Head Rd",ULP,"6,330","178.5",Liberty,"Liberty Oyster Harbour","BAYONET HEAD","(blank)"
"FuelWatch WA","FuelWatchRetail-05-2026.csv","May 17, 2026 @ 10:00:00.000","May 18, 2026 @ 22:00:01.000","4 Bayonet Head Rd","Brand Diesel","6,330","222.5",Liberty,"Liberty Oyster Harbour","BAYONET HEAD","(blank)"
"FuelWatch WA","FuelWatchRetail-05-2026.csv","May 17, 2026 @ 10:00:00.000","May 18, 2026 @ 22:00:01.000","Cnr Pinjarra Rd & Carey St",ULP,"6,208","168.5",Liberty,"Liberty Pinjarra",PINJARRA,"(blank)"
"FuelWatch WA","FuelWatchRetail-05-2026.csv","May 17, 2026 @ 10:00:00.000","May 18, 2026 @ 22:00:01.000","Cnr Pinjarra Rd & Carey St",PULP,"6,208","183.5",Liberty,"Liberty Pinjarra",PINJARRA,"(blank)"
"FuelWatch WA","FuelWatchRetail-05-2026.csv","May 17, 2026 @ 10:00:00.000","May 18, 2026 @ 22:00:01.000","203 Hampton Rd","98 RON","6,535","258.9",Liberty,"Liberty Roadhouse Northampton",NORTHAMPTON,"(blank)"
"FuelWatch WA","FuelWatchRetail-05-2026.csv","May 17, 2026 @ 10:00:00.000","May 18, 2026 @ 22:00:01.000","259 Bussell Hwy",Diesel,"6,280","227.2",Liberty,"Liberty West Busselton","WEST BUSSELTON","(blank)"
"FuelWatch WA","FuelWatchRetail-05-2026.csv","May 17, 2026 @ 10:00:00.000","May 18, 2026 @ 22:00:01.000","639 Frenchmans Bay Rd",ULP,"6,330","196.9",Shell,"Little Grove General Store","LITTLE GROVE","(blank)"
"FuelWatch WA","FuelWatchRetail-05-2026.csv","May 17, 2026 @ 10:00:00.000","May 18, 2026 @ 22:00:01.000","639 Frenchmans Bay Rd",Diesel,"6,330","269.9",Shell,"Little Grove General Store","LITTLE GROVE","(blank)"
"FuelWatch WA","FuelWatchRetail-05-2026.csv","May 17, 2026 @ 10:00:00.000","May 18, 2026 @ 22:00:01.000","Cnr Lombadina Rd & Ninth Rd",ULP,"6,725","272.1",Independent,Lombadina,"DAMPIER PENINSULA","(blank)"
"FuelWatch WA","FuelWatchRetail-05-2026.csv","May 17, 2026 @ 10:00:00.000","May 18, 2026 @ 22:00:01.000","Lot 75 Myroodah-Luluigui Rd",ULP,"6,728",270,Independent,"Looma Community Store",CAMBALLIN,"(blank)"
"FuelWatch WA","FuelWatchRetail-05-2026.csv","May 17, 2026 @ 10:00:00.000","May 18, 2026 @ 22:00:01.000","259 Railway Ave",Diesel,"6,111","204.9",Independent,"Lori's Fuel Supply",KELMSCOTT,"(blank)"
"FuelWatch WA","FuelWatchRetail-05-2026.csv","May 17, 2026 @ 10:00:00.000","May 18, 2026 @ 22:00:01.000","259 Railway Ave",LPG,"6,111","156.9",Independent,"Lori's Fuel Supply",KELMSCOTT,"(blank)"
"FuelWatch WA","FuelWatchRetail-05-2026.csv","May 17, 2026 @ 10:00:00.000","May 18, 2026 @ 22:00:01.000","83 Flores Rd",Diesel,"6,530","225.5","Maisey Fuels","Maisey Fuels Flores Road",WEBBERTON,"(blank)"
"FuelWatch WA","FuelWatchRetail-05-2026.csv","May 17, 2026 @ 10:00:00.000","May 18, 2026 @ 22:00:01.000","43738 South Coast Hwy",ULP,"6,328",223,BP,"Manypeaks Store",MANYPEAKS,"(blank)"
"FuelWatch WA","FuelWatchRetail-05-2026.csv","May 17, 2026 @ 10:00:00.000","May 18, 2026 @ 22:00:01.000","43738 South Coast Hwy",Diesel,"6,328",277,BP,"Manypeaks Store",MANYPEAKS,"(blank)"
"FuelWatch WA","FuelWatchRetail-05-2026.csv","May 17, 2026 @ 10:00:00.000","May 18, 2026 @ 22:00:01.000","16 Main St",Diesel,"6,642","266.9",BP,"Meekatharra Corner Store",MEEKATHARRA,"(blank)"
"FuelWatch WA","FuelWatchRetail-05-2026.csv","May 17, 2026 @ 10:00:00.000","May 18, 2026 @ 22:00:01.000","269 York St",ULP,"6,330","180.2","Metro Petroleum","Metro Albany",ALBANY,"(blank)"
"FuelWatch WA","FuelWatchRetail-05-2026.csv","May 17, 2026 @ 10:00:00.000","May 18, 2026 @ 22:00:01.000","269 York St",PULP,"6,330","197.2","Metro Petroleum","Metro Albany",ALBANY,"(blank)"
"FuelWatch WA","FuelWatchRetail-05-2026.csv","May 17, 2026 @ 10:00:00.000","May 18, 2026 @ 22:00:01.000","335 Collier Rd",ULP,"6,054","172.9","Metro Petroleum","Metro Bassendean",BASSENDEAN,"(blank)"
"FuelWatch WA","FuelWatchRetail-05-2026.csv","May 17, 2026 @ 10:00:00.000","May 18, 2026 @ 22:00:01.000","335 Collier Rd","98 RON","6,054","193.9","Metro Petroleum","Metro Bassendean",BASSENDEAN,"(blank)"
"FuelWatch WA","FuelWatchRetail-05-2026.csv","May 17, 2026 @ 10:00:00.000","May 18, 2026 @ 22:00:01.000","1 Fortyn Ct","98 RON","6,530","209.9","Metro Petroleum","Metro Geraldton","MAHOMETS FLATS","(blank)"
"FuelWatch WA","FuelWatchRetail-05-2026.csv","May 17, 2026 @ 10:00:00.000","May 18, 2026 @ 22:00:01.000","74 Bashford St",ULP,"6,516","195.9","Metro Petroleum","Metro Jurien Bay","JURIEN BAY","(blank)"
"FuelWatch WA","FuelWatchRetail-05-2026.csv","May 17, 2026 @ 10:00:00.000","May 18, 2026 @ 22:00:01.000","74 Bashford St",PULP,"6,516","207.9","Metro Petroleum","Metro Jurien Bay","JURIEN BAY","(blank)"
"FuelWatch WA","FuelWatchRetail-05-2026.csv","May 17, 2026 @ 10:00:00.000","May 18, 2026 @ 22:00:01.000","83 Farrall Rd",PULP,"6,056","187.9","Metro Petroleum","Metro Midvale",MIDVALE,"(blank)"
"FuelWatch WA","FuelWatchRetail-05-2026.csv","May 17, 2026 @ 10:00:00.000","May 18, 2026 @ 22:00:01.000","83 Farrall Rd",Diesel,"6,056","221.9","Metro Petroleum","Metro Midvale",MIDVALE,"(blank)"
"FuelWatch WA","FuelWatchRetail-05-2026.csv","May 17, 2026 @ 10:00:00.000","May 18, 2026 @ 22:00:01.000","83 Farrall Rd","98 RON","6,056","197.9","Metro Petroleum","Metro Midvale",MIDVALE,"(blank)"
"FuelWatch WA","FuelWatchRetail-05-2026.csv","May 17, 2026 @ 10:00:00.000","May 18, 2026 @ 22:00:01.000","79 Gnangara Rd",PULP,"6,065","183.9","Metro Petroleum","Metro Wangara",WANGARA,"(blank)"
"FuelWatch WA","FuelWatchRetail-05-2026.csv","May 17, 2026 @ 10:00:00.000","May 18, 2026 @ 22:00:01.000","79 Gnangara Rd",Diesel,"6,065","208.9","Metro Petroleum","Metro Wangara",WANGARA,"(blank)"
"FuelWatch WA","FuelWatchRetail-05-2026.csv","May 17, 2026 @ 10:00:00.000","May 18, 2026 @ 22:00:01.000","994 Wanneroo Rd",ULP,"6,065","174.9","Metro Petroleum","Metro Wanneroo",WANNEROO,"(blank)"
"FuelWatch WA","FuelWatchRetail-05-2026.csv","May 17, 2026 @ 10:00:00.000","May 18, 2026 @ 22:00:01.000","994 Wanneroo Rd",Diesel,"6,065","217.9","Metro Petroleum","Metro Wanneroo",WANNEROO,"(blank)"
"FuelWatch WA","FuelWatchRetail-05-2026.csv","May 17, 2026 @ 10:00:00.000","May 18, 2026 @ 22:00:01.000","994 Wanneroo Rd","98 RON","6,065","197.9","Metro Petroleum","Metro Wanneroo",WANNEROO,"(blank)"
"FuelWatch WA","FuelWatchRetail-05-2026.csv","May 17, 2026 @ 10:00:00.000","May 18, 2026 @ 22:00:01.000","753 Geraldton-Mt Magnet Rd",Diesel,"6,532",273,Ampol,"Moonyoonooka Store",MOONYOONOOKA,"(blank)"
"FuelWatch WA","FuelWatchRetail-05-2026.csv","May 17, 2026 @ 10:00:00.000","May 18, 2026 @ 22:00:01.000","1 Mullins St",ULP,"6,041",208,Independent,"Moore River Roadhouse",GUILDERTON,"(blank)"
"FuelWatch WA","FuelWatchRetail-05-2026.csv","May 17, 2026 @ 10:00:00.000","May 18, 2026 @ 22:00:01.000","1 Mullins St",Diesel,"6,041",280,Independent,"Moore River Roadhouse",GUILDERTON,"(blank)"
"FuelWatch WA","FuelWatchRetail-05-2026.csv","May 17, 2026 @ 10:00:00.000","May 18, 2026 @ 22:00:01.000","48 Lowood Rd",ULP,"6,324","186.9",Independent,"Mt Barker Fuel Services","MOUNT BARKER","(blank)"
"FuelWatch WA","FuelWatchRetail-05-2026.csv","May 17, 2026 @ 10:00:00.000","May 18, 2026 @ 22:00:01.000","48 Lowood Rd",PULP,"6,324","202.9",Independent,"Mt Barker Fuel Services","MOUNT BARKER","(blank)"
"FuelWatch WA","FuelWatchRetail-05-2026.csv","May 17, 2026 @ 10:00:00.000","May 18, 2026 @ 22:00:01.000","48 Lowood Rd",Diesel,"6,324","227.9",Independent,"Mt Barker Fuel Services","MOUNT BARKER","(blank)"
"FuelWatch WA","FuelWatchRetail-05-2026.csv","May 17, 2026 @ 10:00:00.000","May 18, 2026 @ 22:00:01.000","Lot 8 Lake Gregory Rd",ULP,"6,770",295,Mogas,"Mulan Community Store","STURT CREEK","(blank)"
"FuelWatch WA","FuelWatchRetail-05-2026.csv","May 17, 2026 @ 10:00:00.000","May 18, 2026 @ 22:00:01.000","20 Paterson St",Diesel,"6,123",269,Independent,"Mundijong Store & Deli",MUNDIJONG,"(blank)"
"FuelWatch WA","FuelWatchRetail-05-2026.csv","May 17, 2026 @ 10:00:00.000","May 18, 2026 @ 22:00:01.000","Lot 12 Eyre Hwy",ULP,"6,443",268,Independent,"Mundrabilla Roadhouse",MUNDRABILLA,"(blank)"
"FuelWatch WA","FuelWatchRetail-05-2026.csv","May 17, 2026 @ 10:00:00.000","May 18, 2026 @ 22:00:01.000","Lot 3001 Carnarvon-Mullewa Rd",ULP,"6,630","271.2",Independent,"Murchison Oasis Roadhouse",MURCHISON,"(blank)"
"FuelWatch WA","FuelWatchRetail-05-2026.csv","May 17, 2026 @ 10:00:00.000","May 18, 2026 @ 22:00:01.000","Lot 3001 Carnarvon-Mullewa Rd",Diesel,"6,630","344.9",Independent,"Murchison Oasis Roadhouse",MURCHISON,"(blank)"
"FuelWatch WA","FuelWatchRetail-05-2026.csv","May 17, 2026 @ 10:00:00.000","May 18, 2026 @ 22:00:01.000","2 Currall St",ULP,"6,369","214.9",Liberty,"Narembeen Roadhouse",NAREMBEEN,"(blank)"
"FuelWatch WA","FuelWatchRetail-05-2026.csv","May 17, 2026 @ 10:00:00.000","May 18, 2026 @ 22:00:01.000","2 Currall St",Diesel,"6,369","264.9",Liberty,"Narembeen Roadhouse",NAREMBEEN,"(blank)"
"FuelWatch WA","FuelWatchRetail-05-2026.csv","May 17, 2026 @ 10:00:00.000","May 18, 2026 @ 22:00:01.000","2 Currall St","98 RON","6,369","239.9",Liberty,"Narembeen Roadhouse",NAREMBEEN,"(blank)"
"FuelWatch WA","FuelWatchRetail-05-2026.csv","May 17, 2026 @ 10:00:00.000","May 18, 2026 @ 22:00:01.000","8 Maley St",ULP,"6,355","205.9",Independent,"Newdegate Roadhouse",NEWDEGATE,"(blank)"
"FuelWatch WA","FuelWatchRetail-05-2026.csv","May 17, 2026 @ 10:00:00.000","May 18, 2026 @ 22:00:01.000","3249 Albany Hwy","98 RON","6,112","205.9",BP,"NightOwl BP Armadale",ARMADALE,"(blank)"
"FuelWatch WA","FuelWatchRetail-05-2026.csv","May 17, 2026 @ 10:00:00.000","May 18, 2026 @ 22:00:01.000","304 Pinjarra Rd",PULP,"6,210","195.9",BP,"NightOwl BP Mandurah",MANDURAH,"(blank)"
"FuelWatch WA","FuelWatchRetail-05-2026.csv","May 17, 2026 @ 10:00:00.000","May 18, 2026 @ 22:00:01.000","49 Great Eastern Hwy",ULP,"6,056","179.9",Shell,"NightOwl Shell Bellevue",BELLEVUE,"(blank)"
"FuelWatch WA","FuelWatchRetail-05-2026.csv","May 17, 2026 @ 10:00:00.000","May 18, 2026 @ 22:00:01.000","49 Great Eastern Hwy",Diesel,"6,056","218.5",Shell,"NightOwl Shell Bellevue",BELLEVUE,"(blank)"
"FuelWatch WA","FuelWatchRetail-05-2026.csv","May 17, 2026 @ 10:00:00.000","May 18, 2026 @ 22:00:01.000","1 Davison St",Diesel,"6,109","218.5",Shell,"NightOwl Shell Maddington",MADDINGTON,"(blank)"
"FuelWatch WA","FuelWatchRetail-05-2026.csv","May 17, 2026 @ 10:00:00.000","May 18, 2026 @ 22:00:01.000","6 Beacham Rd",ULP,"6,208","179.9",Shell,"NightOwl Shell Ravenswood",RAVENSWOOD,"(blank)"
"FuelWatch WA","FuelWatchRetail-05-2026.csv","May 17, 2026 @ 10:00:00.000","May 18, 2026 @ 22:00:01.000","6 Beacham Rd","Brand Diesel","6,208","219.5",Shell,"NightOwl Shell Ravenswood",RAVENSWOOD,"(blank)"
"FuelWatch WA","FuelWatchRetail-05-2026.csv","May 17, 2026 @ 10:00:00.000","May 18, 2026 @ 22:00:01.000","443 Great Eastern Hwy",ULP,"6,104","179.9",Shell,"NightOwl Shell Redcliffe",REDCLIFFE,"(blank)"
"FuelWatch WA","FuelWatchRetail-05-2026.csv","May 17, 2026 @ 10:00:00.000","May 18, 2026 @ 22:00:01.000","443 Great Eastern Hwy",PULP,"6,104","195.9",Shell,"NightOwl Shell Redcliffe",REDCLIFFE,"(blank)"
"FuelWatch WA","FuelWatchRetail-05-2026.csv","May 17, 2026 @ 10:00:00.000","May 18, 2026 @ 22:00:01.000","443 Great Eastern Hwy",Diesel,"6,104","218.5",Shell,"NightOwl Shell Redcliffe",REDCLIFFE,"(blank)"
"FuelWatch WA","FuelWatchRetail-05-2026.csv","May 17, 2026 @ 10:00:00.000","May 18, 2026 @ 22:00:01.000","443 Great Eastern Hwy","Brand Diesel","6,104","219.5",Shell,"NightOwl Shell Redcliffe",REDCLIFFE,"(blank)"
"FuelWatch WA","FuelWatchRetail-05-2026.csv","May 17, 2026 @ 10:00:00.000","May 18, 2026 @ 22:00:01.000","6 Pelias St",ULP,"6,707","223.9",Independent,"Ningaloo Reef Fuels",EXMOUTH,"(blank)"
"FuelWatch WA","FuelWatchRetail-05-2026.csv","May 17, 2026 @ 10:00:00.000","May 18, 2026 @ 22:00:01.000","6 Pelias St",PULP,"6,707","233.9",Independent,"Ningaloo Reef Fuels",EXMOUTH,"(blank)"
"FuelWatch WA","FuelWatchRetail-05-2026.csv","May 17, 2026 @ 10:00:00.000","May 18, 2026 @ 22:00:01.000","6 Windy Harbour Rd",ULP,"6,262","207.9",Independent,"Northcliffe Farm and Trade",NORTHCLIFFE,"(blank)"
"FuelWatch WA","FuelWatchRetail-05-2026.csv","May 17, 2026 @ 10:00:00.000","May 18, 2026 @ 22:00:01.000","6 Windy Harbour Rd",Diesel,"6,262","271.9",Independent,"Northcliffe Farm and Trade",NORTHCLIFFE,"(blank)"
"FuelWatch WA","FuelWatchRetail-05-2026.csv","May 17, 2026 @ 10:00:00.000","May 18, 2026 @ 22:00:01.000","6 Windy Harbour Rd","98 RON","6,262","248.9",Independent,"Northcliffe Farm and Trade",NORTHCLIFFE,"(blank)"
"FuelWatch WA","FuelWatchRetail-05-2026.csv","May 17, 2026 @ 10:00:00.000","May 18, 2026 @ 22:00:01.000","55 Zamia St",ULP,"6,262","208.9",Independent,"Northcliffe Newsagent & General Store",NORTHCLIFFE,"(blank)"
"FuelWatch WA","FuelWatchRetail-05-2026.csv","May 17, 2026 @ 10:00:00.000","May 18, 2026 @ 22:00:01.000","63 Walter Rd West",PULP,"6,059","191.9","OMG Metro","OMG Metro Dianella",DIANELLA,"(blank)"
"FuelWatch WA","FuelWatchRetail-05-2026.csv","May 17, 2026 @ 10:00:00.000","May 18, 2026 @ 22:00:01.000","63 Walter Rd West",Diesel,"6,059","207.9","OMG Metro","OMG Metro Dianella",DIANELLA,"(blank)"
"FuelWatch WA","FuelWatchRetail-05-2026.csv","May 17, 2026 @ 10:00:00.000","May 18, 2026 @ 22:00:01.000","134 Westfield St",ULP,"6,109","177.9","OMG Metro","OMG Metro Maddington",MADDINGTON,"(blank)"
"FuelWatch WA","FuelWatchRetail-05-2026.csv","May 17, 2026 @ 10:00:00.000","May 18, 2026 @ 22:00:01.000","134 Westfield St",Diesel,"6,109","222.9","OMG Metro","OMG Metro Maddington",MADDINGTON,"(blank)"
"FuelWatch WA","FuelWatchRetail-05-2026.csv","May 17, 2026 @ 10:00:00.000","May 18, 2026 @ 22:00:01.000","82 Marina Bvd","98 RON","6,027","206.9","OMG Metro","OMG Metro Ocean Reef","OCEAN REEF","(blank)"
"FuelWatch WA","FuelWatchRetail-05-2026.csv","May 17, 2026 @ 10:00:00.000","May 18, 2026 @ 22:00:01.000","109 Barrington St",ULP,"6,164","173.5","OMG Metro","OMG Metro Yangebup",YANGEBUP,"(blank)"
"FuelWatch WA","FuelWatchRetail-05-2026.csv","May 17, 2026 @ 10:00:00.000","May 18, 2026 @ 22:00:01.000","30 Eldridge St",ULP,"6,336",229,Caltex,"Ongerup Lunch Bar",ONGERUP,"(blank)"
"FuelWatch WA","FuelWatchRetail-05-2026.csv","May 17, 2026 @ 10:00:00.000","May 18, 2026 @ 22:00:01.000","Lot 672 Weaber Plain Rd",Diesel,"6,743","247.9",Independent,ORDCO,KUNUNURRA,"(blank)"
"FuelWatch WA","FuelWatchRetail-05-2026.csv","May 17, 2026 @ 10:00:00.000","May 18, 2026 @ 22:00:01.000","92 Blair St",ULP,"6,230","179.9",Shell,"OTR Bunbury",BUNBURY,"(blank)"
"FuelWatch WA","FuelWatchRetail-05-2026.csv","May 17, 2026 @ 10:00:00.000","May 18, 2026 @ 22:00:01.000","92 Blair St","98 RON","6,230","206.9",Shell,"OTR Bunbury",BUNBURY,"(blank)"
"FuelWatch WA","FuelWatchRetail-05-2026.csv","May 17, 2026 @ 10:00:00.000","May 18, 2026 @ 22:00:01.000","17 Brisbane St",PULP,"6,000","195.4",Shell,"OTR Perth Pier Street",PERTH,"(blank)"
"FuelWatch WA","FuelWatchRetail-05-2026.csv","May 17, 2026 @ 10:00:00.000","May 18, 2026 @ 22:00:01.000","17 Brisbane St","Brand Diesel","6,000","223.9",Shell,"OTR Perth Pier Street",PERTH,"(blank)"
"FuelWatch WA","FuelWatchRetail-05-2026.csv","May 17, 2026 @ 10:00:00.000","May 18, 2026 @ 22:00:01.000","770 Brookton Hwy",PULP,"6,111","197.4",Caltex,"OTR Roleystone",ROLEYSTONE,"(blank)"
"FuelWatch WA","FuelWatchRetail-05-2026.csv","May 17, 2026 @ 10:00:00.000","May 18, 2026 @ 22:00:01.000","770 Brookton Hwy","Brand Diesel","6,111","227.9",Caltex,"OTR Roleystone",ROLEYSTONE,"(blank)"
"FuelWatch WA","FuelWatchRetail-05-2026.csv","May 17, 2026 @ 10:00:00.000","May 18, 2026 @ 22:00:01.000","71 Shallcross St",PULP,"6,164","195.4",Caltex,"OTR Yangebup",YANGEBUP,"(blank)"
"FuelWatch WA","FuelWatchRetail-05-2026.csv","May 17, 2026 @ 10:00:00.000","May 18, 2026 @ 22:00:01.000","15 Hill St",Diesel,"6,450","216.9",Perrys,"Perrys Esperance",CHADWICK,"(blank)"
"FuelWatch WA","FuelWatchRetail-05-2026.csv","May 17, 2026 @ 10:00:00.000","May 18, 2026 @ 22:00:01.000","250 Albany Hwy",ULP,"6,330","179.2","Petro Fuels","Petro Fuels Albany","CENTENNIAL PARK","(blank)"
"FuelWatch WA","FuelWatchRetail-05-2026.csv","May 17, 2026 @ 10:00:00.000","May 18, 2026 @ 22:00:01.000","250 Albany Hwy","98 RON","6,330","200.9","Petro Fuels","Petro Fuels Albany","CENTENNIAL PARK","(blank)"
"FuelWatch WA","FuelWatchRetail-05-2026.csv","May 17, 2026 @ 10:00:00.000","May 18, 2026 @ 22:00:01.000","909 Mandurah Rd","98 RON","6,171","199.5","Petro Fuels","Petro Fuels Baldivis",BALDIVIS,"(blank)"
"FuelWatch WA","FuelWatchRetail-05-2026.csv","May 17, 2026 @ 10:00:00.000","May 18, 2026 @ 22:00:01.000","190 Railway Pde","98 RON","6,054","199.5","Petro Fuels","Petro Fuels Bassendean",BASSENDEAN,"(blank)"
"FuelWatch WA","FuelWatchRetail-05-2026.csv","May 17, 2026 @ 10:00:00.000","May 18, 2026 @ 22:00:01.000","381 Chapman Rd",PULP,"6,530","192.3","Petro Fuels","Petro Fuels Bluff Point","BLUFF POINT","(blank)"
"FuelWatch WA","FuelWatchRetail-05-2026.csv","May 17, 2026 @ 10:00:00.000","May 18, 2026 @ 22:00:01.000","30 Abel St",Diesel,"6,244","239.5",BP,"Petro Fuels Boyup Brook","BOYUP BROOK","(blank)"
"FuelWatch WA","FuelWatchRetail-05-2026.csv","May 17, 2026 @ 10:00:00.000","May 18, 2026 @ 22:00:01.000","103 Calista Ave",Diesel,"6,167","229.5",Liberty,"Petro Fuels Calista",CALISTA,"(blank)"
"FuelWatch WA","FuelWatchRetail-05-2026.csv","May 17, 2026 @ 10:00:00.000","May 18, 2026 @ 22:00:01.000","10513 Brand Hwy",Diesel,"6,507","264.5",Ampol,"Petro Fuels Cataby",CATABY,"(blank)"
"FuelWatch WA","FuelWatchRetail-05-2026.csv","May 17, 2026 @ 10:00:00.000","May 18, 2026 @ 22:00:01.000","6-8 Yougenup Rd",ULP,"6,335","211.9","Petro Fuels","Petro Fuels Gnowangerup Roadhouse",GNOWANGERUP,"(blank)"
"FuelWatch WA","FuelWatchRetail-05-2026.csv","May 17, 2026 @ 10:00:00.000","May 18, 2026 @ 22:00:01.000","6-8 Yougenup Rd",Diesel,"6,335","269.9","Petro Fuels","Petro Fuels Gnowangerup Roadhouse",GNOWANGERUP,"(blank)"
"FuelWatch WA","FuelWatchRetail-05-2026.csv","May 17, 2026 @ 10:00:00.000","May 18, 2026 @ 22:00:01.000","1287 Brookton Hwy",ULP,"6,111","174.9","Petro Fuels","Petro Fuels Karragullen",KARRAGULLEN,"(blank)"
"FuelWatch WA","FuelWatchRetail-05-2026.csv","May 17, 2026 @ 10:00:00.000","May 18, 2026 @ 22:00:01.000","1287 Brookton Hwy",LPG,"6,111","189.9","Petro Fuels","Petro Fuels Karragullen",KARRAGULLEN,"(blank)"
"FuelWatch WA","FuelWatchRetail-05-2026.csv","May 17, 2026 @ 10:00:00.000","May 18, 2026 @ 22:00:01.000","1287 Brookton Hwy","98 RON","6,111","201.9","Petro Fuels","Petro Fuels Karragullen",KARRAGULLEN,"(blank)"
"FuelWatch WA","FuelWatchRetail-05-2026.csv","May 17, 2026 @ 10:00:00.000","May 18, 2026 @ 22:00:01.000","25 Mitchell Rd",Diesel,"6,324","244.9",BP,"Petro Fuels Mount Barker","MOUNT BARKER","(blank)"
"FuelWatch WA","FuelWatchRetail-05-2026.csv","May 17, 2026 @ 10:00:00.000","May 18, 2026 @ 22:00:01.000","Lot 4 Quairading-York Rd",ULP,"6,383","229.5",BP,"Petro Fuels Quairading",QUAIRADING,"(blank)"
"FuelWatch WA","FuelWatchRetail-05-2026.csv","May 17, 2026 @ 10:00:00.000","May 18, 2026 @ 22:00:01.000","Lot 4 Quairading-York Rd",Diesel,"6,383","299.9",BP,"Petro Fuels Quairading",QUAIRADING,"(blank)"
"FuelWatch WA","FuelWatchRetail-05-2026.csv","May 17, 2026 @ 10:00:00.000","May 18, 2026 @ 22:00:01.000","537 Lake Rd",Diesel,"6,112","223.5","Petro Fuels","Petro Fuels Seville Grove","SEVILLE GROVE","(blank)"
"FuelWatch WA","FuelWatchRetail-05-2026.csv","May 17, 2026 @ 10:00:00.000","May 18, 2026 @ 22:00:01.000","537 Lake Rd","98 RON","6,112","203.5","Petro Fuels","Petro Fuels Seville Grove","SEVILLE GROVE","(blank)"
"FuelWatch WA","FuelWatchRetail-05-2026.csv","May 17, 2026 @ 10:00:00.000","May 18, 2026 @ 22:00:01.000","113-121 Safety Bay Rd",PULP,"6,169","195.9",Caltex,"Petro Fuels Shoalwater",SHOALWATER,"(blank)"
"FuelWatch WA","FuelWatchRetail-05-2026.csv","May 17, 2026 @ 10:00:00.000","May 18, 2026 @ 22:00:01.000","113-121 Safety Bay Rd","Brand Diesel","6,169","239.9",Caltex,"Petro Fuels Shoalwater",SHOALWATER,"(blank)"
"FuelWatch WA","FuelWatchRetail-05-2026.csv","May 17, 2026 @ 10:00:00.000","May 18, 2026 @ 22:00:01.000","309 Morrison Rd",ULP,"6,056","171.5","Petro Fuels","Petro Fuels Swan View","SWAN VIEW","(blank)"
"FuelWatch WA","FuelWatchRetail-05-2026.csv","May 17, 2026 @ 10:00:00.000","May 18, 2026 @ 22:00:01.000","309 Morrison Rd",Diesel,"6,056","221.9","Petro Fuels","Petro Fuels Swan View","SWAN VIEW","(blank)"
"FuelWatch WA","FuelWatchRetail-05-2026.csv","May 17, 2026 @ 10:00:00.000","May 18, 2026 @ 22:00:01.000","436 Wanneroo Rd",Diesel,"6,061","223.5","Petro Fuels","Petro Fuels Westminster",WESTMINSTER,"(blank)"
"FuelWatch WA","FuelWatchRetail-05-2026.csv","May 17, 2026 @ 10:00:00.000","May 18, 2026 @ 22:00:01.000","436 Wanneroo Rd","98 RON","6,061","198.5","Petro Fuels","Petro Fuels Westminster",WESTMINSTER,"(blank)"
"FuelWatch WA","FuelWatchRetail-05-2026.csv","May 17, 2026 @ 10:00:00.000","May 18, 2026 @ 22:00:01.000","Great Sandy Desert",ULP,"6,762",380,BP,"Punmu Community",TELFER,"(blank)"
"FuelWatch WA","FuelWatchRetail-05-2026.csv","May 17, 2026 @ 10:00:00.000","May 18, 2026 @ 22:00:01.000","5-9 Jennaberring Rd",PULP,"6,383","307.9",Independent,"Quairading Tyre and Battery Supplies",QUAIRADING,"(blank)"
"FuelWatch WA","FuelWatchRetail-05-2026.csv","May 17, 2026 @ 10:00:00.000","May 18, 2026 @ 22:00:01.000","Cnr Monger St & Koorda-Bullfinch Rd",Diesel,"6,477","247.8",Ampol,"Refuel Australia - Bencubbin",BENCUBBIN,"(blank)"
"FuelWatch WA","FuelWatchRetail-05-2026.csv","May 17, 2026 @ 10:00:00.000","May 18, 2026 @ 22:00:01.000","2 Clinch Rd",ULP,"6,609","198.8",Ampol,"Refuel Australia - Dalwallinu",DALWALLINU,"(blank)"
"FuelWatch WA","FuelWatchRetail-05-2026.csv","May 17, 2026 @ 10:00:00.000","May 18, 2026 @ 22:00:01.000","39 Moreton Tce","98 RON","6,525","219.8",Ampol,"Refuel Australia - DMW Supplies",DONGARA,"(blank)"
"FuelWatch WA","FuelWatchRetail-05-2026.csv","May 17, 2026 @ 10:00:00.000","May 18, 2026 @ 22:00:01.000","Cnr Viveash Way & Pimbee Rd",ULP,"6,705","219.8",Ampol,"Refuel Australia - Gascoyne","GASCOYNE JUNCTION","(blank)"
"FuelWatch WA","FuelWatchRetail-05-2026.csv","May 17, 2026 @ 10:00:00.000","May 18, 2026 @ 22:00:01.000","120 Flores Rd","98 RON","6,530","214.8",Ampol,"Refuel Australia - Geraldton Flores Road",WEBBERTON,"(blank)"
"FuelWatch WA","FuelWatchRetail-05-2026.csv","May 17, 2026 @ 10:00:00.000","May 18, 2026 @ 22:00:01.000","Cnr John Willcock Link & Portway",Diesel,"6,530","230.8",Ampol,"Refuel Australia - Geraldton Willcock Drive","WEST END","(blank)"
"FuelWatch WA","FuelWatchRetail-05-2026.csv","May 17, 2026 @ 10:00:00.000","May 18, 2026 @ 22:00:01.000","Cnr John Willcock Link & Portway","Brand Diesel","6,530","233.8",Ampol,"Refuel Australia - Geraldton Willcock Drive","WEST END","(blank)"
"FuelWatch WA","FuelWatchRetail-05-2026.csv","May 17, 2026 @ 10:00:00.000","May 18, 2026 @ 22:00:01.000","10-16 Cayzer St",Diesel,"6,438","252.8",Ampol,"Refuel Australia - Leonora",LEONORA,"(blank)"
"FuelWatch WA","FuelWatchRetail-05-2026.csv","May 17, 2026 @ 10:00:00.000","May 18, 2026 @ 22:00:01.000","76 Winfield St",Diesel,"6,623","255.8",Ampol,"Refuel Australia - Morawa",MORAWA,"(blank)"
"FuelWatch WA","FuelWatchRetail-05-2026.csv","May 17, 2026 @ 10:00:00.000","May 18, 2026 @ 22:00:01.000","Lot 1 Yuna Rd",ULP,"6,532","205.8",Ampol,"Refuel Australia - Nabawa",NABAWA,"(blank)"
"FuelWatch WA","FuelWatchRetail-05-2026.csv","May 17, 2026 @ 10:00:00.000","May 18, 2026 @ 22:00:01.000","Lot 1 Yuna Rd",Diesel,"6,532","245.8",Ampol,"Refuel Australia - Nabawa",NABAWA,"(blank)"
"FuelWatch WA","FuelWatchRetail-05-2026.csv","May 17, 2026 @ 10:00:00.000","May 18, 2026 @ 22:00:01.000","144 Hampton Rd","98 RON","6,535","217.8",Ampol,"Refuel Australia - Northampton",NORTHAMPTON,"(blank)"
"FuelWatch WA","FuelWatchRetail-05-2026.csv","May 17, 2026 @ 10:00:00.000","May 18, 2026 @ 22:00:01.000","Fowler St",ULP,"6,620","203.8",Ampol,"Refuel Australia - Perenjori",PERENJORI,"(blank)"
"FuelWatch WA","FuelWatchRetail-05-2026.csv","May 17, 2026 @ 10:00:00.000","May 18, 2026 @ 22:00:01.000","Fowler St",Diesel,"6,620","255.8",Ampol,"Refuel Australia - Perenjori",PERENJORI,"(blank)"
"FuelWatch WA","FuelWatchRetail-05-2026.csv","May 17, 2026 @ 10:00:00.000","May 18, 2026 @ 22:00:01.000","Lot 3 Great Northern Hwy","98 RON","6,721","236.8",Ampol,"Refuel Australia - Port Hedland","PORT HEDLAND","(blank)"
"FuelWatch WA","FuelWatchRetail-05-2026.csv","May 17, 2026 @ 10:00:00.000","May 18, 2026 @ 22:00:01.000","620 Chapman Rd","98 RON","6,532","214.8",Ampol,"Refuel Australia - Sunset Geraldton",GLENFIELD,"(blank)"
"FuelWatch WA","FuelWatchRetail-05-2026.csv","May 17, 2026 @ 10:00:00.000","May 18, 2026 @ 22:00:01.000","Lot 599 Hepburn St",ULP,"6,638","209.8",Ampol,"Refuel Australia - Swagman","MOUNT MAGNET","(blank)"
"FuelWatch WA","FuelWatchRetail-05-2026.csv","May 17, 2026 @ 10:00:00.000","May 18, 2026 @ 22:00:01.000","Lot 599 Hepburn St","98 RON","6,638","229.8",Ampol,"Refuel Australia - Swagman","MOUNT MAGNET","(blank)"
"FuelWatch WA","FuelWatchRetail-05-2026.csv","May 17, 2026 @ 10:00:00.000","May 18, 2026 @ 22:00:01.000","Lot 3 Water St","98 RON","6,519","219.8",Ampol,"Refuel Australia - Three Springs","THREE SPRINGS","(blank)"
"FuelWatch WA","FuelWatchRetail-05-2026.csv","May 17, 2026 @ 10:00:00.000","May 18, 2026 @ 22:00:01.000","Lot 64 Great Northern Hwy",Diesel,"6,728","262.8",Ampol,"Refuel Australia - Willare Bridge",WILLARE,"(blank)"
"FuelWatch WA","FuelWatchRetail-05-2026.csv","May 17, 2026 @ 10:00:00.000","May 18, 2026 @ 22:00:01.000","34 Piesse St",ULP,"6,635","210.8",Ampol,"Refuel Australia - Yalgoo",YALGOO,"(blank)"
"FuelWatch WA","FuelWatchRetail-05-2026.csv","May 17, 2026 @ 10:00:00.000","May 18, 2026 @ 22:00:01.000","34 Piesse St",Diesel,"6,635","247.8",Ampol,"Refuel Australia - Yalgoo",YALGOO,"(blank)"
"FuelWatch WA","FuelWatchRetail-05-2026.csv","May 17, 2026 @ 10:00:00.000","May 18, 2026 @ 22:00:01.000","1014 North West Coastal Hwy","Brand Diesel","6,701","265.8",Ampol,"Refuel Carnarvon Truck Stop","BROWN RANGE","(blank)"
"FuelWatch WA","FuelWatchRetail-05-2026.csv","May 17, 2026 @ 10:00:00.000","May 18, 2026 @ 22:00:01.000","7839 Albany Hwy",Diesel,"6,390",298,Liberty,"Riverside Roadhouse",BANNISTER,"(blank)"
"FuelWatch WA","FuelWatchRetail-05-2026.csv","May 17, 2026 @ 10:00:00.000","May 18, 2026 @ 22:00:01.000","Lot 136 Broome Rd",ULP,"6,725","209.9",BP,"Roebuck Plains Roadhouse",ROEBUCK,"(blank)"
"FuelWatch WA","FuelWatchRetail-05-2026.csv","May 17, 2026 @ 10:00:00.000","May 18, 2026 @ 22:00:01.000","4641 Great Eastern Hwy",ULP,"6,562","198.5",United,"Route 94 Bakers Hill","BAKERS HILL","(blank)"
"FuelWatch WA","FuelWatchRetail-05-2026.csv","May 17, 2026 @ 10:00:00.000","May 18, 2026 @ 22:00:01.000","4641 Great Eastern Hwy","98 RON","6,562","218.5",United,"Route 94 Bakers Hill","BAKERS HILL","(blank)"
"FuelWatch WA","FuelWatchRetail-05-2026.csv","May 17, 2026 @ 10:00:00.000","May 18, 2026 @ 22:00:01.000","83 Wheatley Dr",ULP,"6,149","179.9",Shell,"S24 Bull Creek","BULL CREEK","(blank)"
"FuelWatch WA","FuelWatchRetail-05-2026.csv","May 17, 2026 @ 10:00:00.000","May 18, 2026 @ 22:00:01.000","83 Wheatley Dr",PULP,"6,149","197.4",Shell,"S24 Bull Creek","BULL CREEK","(blank)"
"FuelWatch WA","FuelWatchRetail-05-2026.csv","May 17, 2026 @ 10:00:00.000","May 18, 2026 @ 22:00:01.000","83 Wheatley Dr","98 RON","6,149","206.9",Shell,"S24 Bull Creek","BULL CREEK","(blank)"
"FuelWatch WA","FuelWatchRetail-05-2026.csv","May 17, 2026 @ 10:00:00.000","May 18, 2026 @ 22:00:01.000","7 Welshpool Rd East",ULP,"6,076","179.9",Shell,"S24 Crystal Brook (Lesmurdie)",LESMURDIE,"(blank)"
"FuelWatch WA","FuelWatchRetail-05-2026.csv","May 17, 2026 @ 10:00:00.000","May 18, 2026 @ 22:00:01.000","7 Welshpool Rd East","98 RON","6,076","206.9",Shell,"S24 Crystal Brook (Lesmurdie)",LESMURDIE,"(blank)"
"FuelWatch WA","FuelWatchRetail-05-2026.csv","May 17, 2026 @ 10:00:00.000","May 18, 2026 @ 22:00:01.000","155 Hale Rd","98 RON","6,058","204.9",Shell,"S24 Forrestfield",FORRESTFIELD,"(blank)"
"FuelWatch WA","FuelWatchRetail-05-2026.csv","May 17, 2026 @ 10:00:00.000","May 18, 2026 @ 22:00:01.000","22 Johnson St",ULP,"6,055","179.9",Caltex,"S24 Guildford",GUILDFORD,"(blank)"
"FuelWatch WA","FuelWatchRetail-05-2026.csv","May 17, 2026 @ 10:00:00.000","May 18, 2026 @ 22:00:01.000","22 Johnson St","Brand Diesel","6,055","219.9",Caltex,"S24 Guildford",GUILDFORD,"(blank)"
"FuelWatch WA","FuelWatchRetail-05-2026.csv","May 17, 2026 @ 10:00:00.000","May 18, 2026 @ 22:00:01.000","5 Messmate Way",ULP,"6,743","212.9",Caltex,"S24 Kununurra",KUNUNURRA,"(blank)"
"FuelWatch WA","FuelWatchRetail-05-2026.csv","May 17, 2026 @ 10:00:00.000","May 18, 2026 @ 22:00:01.000","5 Messmate Way","Brand Diesel","6,743","249.9",Caltex,"S24 Kununurra",KUNUNURRA,"(blank)"
"FuelWatch WA","FuelWatchRetail-05-2026.csv","May 17, 2026 @ 10:00:00.000","May 18, 2026 @ 22:00:01.000","96 Great Eastern Hwy",ULP,"6,074","179.9",Caltex,"S24 Sawyers Valley","SAWYERS VALLEY","(blank)"
"FuelWatch WA","FuelWatchRetail-05-2026.csv","May 17, 2026 @ 10:00:00.000","May 18, 2026 @ 22:00:01.000","96 Great Eastern Hwy","Brand Diesel","6,074","227.9",Caltex,"S24 Sawyers Valley","SAWYERS VALLEY","(blank)"
"FuelWatch WA","FuelWatchRetail-05-2026.csv","May 17, 2026 @ 10:00:00.000","May 18, 2026 @ 22:00:01.000","96 Great Eastern Hwy",LPG,"6,074","139.9",Caltex,"S24 Sawyers Valley","SAWYERS VALLEY","(blank)"
"FuelWatch WA","FuelWatchRetail-05-2026.csv","May 17, 2026 @ 10:00:00.000","May 18, 2026 @ 22:00:01.000","1 Ikara Lane",ULP,"6,035","179.9",Caltex,"S24 Yanchep",YANCHEP,"(blank)"
"FuelWatch WA","FuelWatchRetail-05-2026.csv","May 17, 2026 @ 10:00:00.000","May 18, 2026 @ 22:00:01.000","1 Ikara Lane",PULP,"6,035","197.4",Caltex,"S24 Yanchep",YANCHEP,"(blank)"
"FuelWatch WA","FuelWatchRetail-05-2026.csv","May 17, 2026 @ 10:00:00.000","May 18, 2026 @ 22:00:01.000","7 Bartley Crt",Diesel,"6,720",349,Independent,"Samson Beach General Store","POINT SAMSON","(blank)"
"FuelWatch WA","FuelWatchRetail-05-2026.csv","May 17, 2026 @ 10:00:00.000","May 18, 2026 @ 22:00:01.000","Lot 6 Great Northern Hwy",PULP,"6,725","255.7",BP,"Sandfire Roadhouse","EIGHTY MILE BEACH","(blank)"
"FuelWatch WA","FuelWatchRetail-05-2026.csv","May 17, 2026 @ 10:00:00.000","May 18, 2026 @ 22:00:01.000","2 Falls Rd","98 RON","6,125","206.9",Independent,"Serpentine Falls Roadhouse",SERPENTINE,"(blank)"
"FuelWatch WA","FuelWatchRetail-05-2026.csv","May 17, 2026 @ 10:00:00.000","May 18, 2026 @ 22:00:01.000","85 Knight Tce",Diesel,"6,537","235.9",Independent,"Shark Bay Fuel Fishing & Camping Centre",DENHAM,"(blank)"
"FuelWatch WA","FuelWatchRetail-05-2026.csv","May 17, 2026 @ 10:00:00.000","May 18, 2026 @ 22:00:01.000","102 Deepdale Rd",Diesel,"6,530","205.9",Shell,"Shell Geraldton Truckstop",MERU,"(blank)"
"FuelWatch WA","FuelWatchRetail-05-2026.csv","May 17, 2026 @ 10:00:00.000","May 18, 2026 @ 22:00:01.000","2095 Toodyay Rd",Diesel,"6,083","229.9",Shell,"Shell Gidgegannup",GIDGEGANNUP,"(blank)"
"FuelWatch WA","FuelWatchRetail-05-2026.csv","May 17, 2026 @ 10:00:00.000","May 18, 2026 @ 22:00:01.000","2095 Toodyay Rd","98 RON","6,083","209.9",Shell,"Shell Gidgegannup",GIDGEGANNUP,"(blank)"
"FuelWatch WA","FuelWatchRetail-05-2026.csv","May 17, 2026 @ 10:00:00.000","May 18, 2026 @ 22:00:01.000","1100 Abernethy Rd",ULP,"6,057","169.5",Shell,"Shell High Wycombe","HIGH WYCOMBE","(blank)"
"FuelWatch WA","FuelWatchRetail-05-2026.csv","May 17, 2026 @ 10:00:00.000","May 18, 2026 @ 22:00:01.000","1100 Abernethy Rd",Diesel,"6,057","212.5",Shell,"Shell High Wycombe","HIGH WYCOMBE","(blank)"
"FuelWatch WA","FuelWatchRetail-05-2026.csv","May 17, 2026 @ 10:00:00.000","May 18, 2026 @ 22:00:01.000","1100 Abernethy Rd","Brand Diesel","6,057","215.5",Shell,"Shell High Wycombe","HIGH WYCOMBE","(blank)"
"FuelWatch WA","FuelWatchRetail-05-2026.csv","May 17, 2026 @ 10:00:00.000","May 18, 2026 @ 22:00:01.000","1 Weld Dr",Diesel,"6,440","279.9",Shell,"Shell Laverton",LAVERTON,"(blank)"
"FuelWatch WA","FuelWatchRetail-05-2026.csv","May 17, 2026 @ 10:00:00.000","May 18, 2026 @ 22:00:01.000","1 Weld Dr","98 RON","6,440","239.9",Shell,"Shell Laverton",LAVERTON,"(blank)"
"FuelWatch WA","FuelWatchRetail-05-2026.csv","May 17, 2026 @ 10:00:00.000","May 18, 2026 @ 22:00:01.000","629 Lower King Rd","98 RON","6,330","209.9",Shell,"Shell Lower King Liquor & General","LOWER KING","(blank)"
"FuelWatch WA","FuelWatchRetail-05-2026.csv","May 17, 2026 @ 10:00:00.000","May 18, 2026 @ 22:00:01.000","Great Northern Hwy",Diesel,"6,721","279.9",Shell,"Shell Pardoo Fuels",PARDOO,"(blank)"
"FuelWatch WA","FuelWatchRetail-05-2026.csv","May 17, 2026 @ 10:00:00.000","May 18, 2026 @ 22:00:01.000","342 Albany Hwy",PULP,"6,330","203.4","Reddy Express","Shell Reddy Express Albany Orana",ORANA,"(blank)"
"FuelWatch WA","FuelWatchRetail-05-2026.csv","May 17, 2026 @ 10:00:00.000","May 18, 2026 @ 22:00:01.000","342 Albany Hwy","Brand Diesel","6,330","236.9","Reddy Express","Shell Reddy Express Albany Orana",ORANA,"(blank)"
"FuelWatch WA","FuelWatchRetail-05-2026.csv","May 17, 2026 @ 10:00:00.000","May 18, 2026 @ 22:00:01.000","269 South Western Hwy",PULP,"6,112","195.4","Reddy Express","Shell Reddy Express Armadale",ARMADALE,"(blank)"
"FuelWatch WA","FuelWatchRetail-05-2026.csv","May 17, 2026 @ 10:00:00.000","May 18, 2026 @ 22:00:01.000","34 Jackson St",Diesel,"6,053","227.9","Reddy Express","Shell Reddy Express Bayswater",BAYSWATER,"(blank)"
"FuelWatch WA","FuelWatchRetail-05-2026.csv","May 17, 2026 @ 10:00:00.000","May 18, 2026 @ 22:00:01.000","8 Durnin Ave",ULP,"6,164","179.9","Reddy Express","Shell Reddy Express Beeliar",BEELIAR,"(blank)"
"FuelWatch WA","FuelWatchRetail-05-2026.csv","May 17, 2026 @ 10:00:00.000","May 18, 2026 @ 22:00:01.000","8 Durnin Ave",PULP,"6,164","197.4","Reddy Express","Shell Reddy Express Beeliar",BEELIAR,"(blank)"
"FuelWatch WA","FuelWatchRetail-05-2026.csv","May 17, 2026 @ 10:00:00.000","May 18, 2026 @ 22:00:01.000","8 Durnin Ave",Diesel,"6,164","217.9","Reddy Express","Shell Reddy Express Beeliar",BEELIAR,"(blank)"
"FuelWatch WA","FuelWatchRetail-05-2026.csv","May 17, 2026 @ 10:00:00.000","May 18, 2026 @ 22:00:01.000","1128 Albany Hwy",ULP,"6,102","177.9","Reddy Express","Shell Reddy Express Bentley",BENTLEY,"(blank)"
"FuelWatch WA","FuelWatchRetail-05-2026.csv","May 17, 2026 @ 10:00:00.000","May 18, 2026 @ 22:00:01.000","1 Timberyard Way",ULP,"6,163","179.9","Reddy Express","Shell Reddy Express Bibra Lake","BIBRA LAKE","(blank)"
"FuelWatch WA","FuelWatchRetail-05-2026.csv","May 17, 2026 @ 10:00:00.000","May 18, 2026 @ 22:00:01.000","1 Timberyard Way",PULP,"6,163","197.4","Reddy Express","Shell Reddy Express Bibra Lake","BIBRA LAKE","(blank)"
"FuelWatch WA","FuelWatchRetail-05-2026.csv","May 17, 2026 @ 10:00:00.000","May 18, 2026 @ 22:00:01.000","394 Canning Hwy",ULP,"6,157","179.9","Reddy Express","Shell Reddy Express Bicton",BICTON,"(blank)"
"FuelWatch WA","FuelWatchRetail-05-2026.csv","May 17, 2026 @ 10:00:00.000","May 18, 2026 @ 22:00:01.000","394 Canning Hwy","98 RON","6,157","206.9","Reddy Express","Shell Reddy Express Bicton",BICTON,"(blank)"
"FuelWatch WA","FuelWatchRetail-05-2026.csv","May 17, 2026 @ 10:00:00.000","May 18, 2026 @ 22:00:01.000","71 Cranford Ave",PULP,"6,153","195.4","Reddy Express","Shell Reddy Express Brentwood",BRENTWOOD,"(blank)"
"FuelWatch WA","FuelWatchRetail-05-2026.csv","May 17, 2026 @ 10:00:00.000","May 18, 2026 @ 22:00:01.000","61 Butler Bvd",ULP,"6,036","177.9","Reddy Express","Shell Reddy Express Brighton",BUTLER,"(blank)"
"FuelWatch WA","FuelWatchRetail-05-2026.csv","May 17, 2026 @ 10:00:00.000","May 18, 2026 @ 22:00:01.000","61 Butler Bvd",PULP,"6,036","195.4","Reddy Express","Shell Reddy Express Brighton",BUTLER,"(blank)"
"FuelWatch WA","FuelWatchRetail-05-2026.csv","May 17, 2026 @ 10:00:00.000","May 18, 2026 @ 22:00:01.000","61 Butler Bvd",Diesel,"6,036","217.9","Reddy Express","Shell Reddy Express Brighton",BUTLER,"(blank)"
"FuelWatch WA","FuelWatchRetail-05-2026.csv","May 17, 2026 @ 10:00:00.000","May 18, 2026 @ 22:00:01.000","9805 Forrest Hwy","Brand Diesel","6,230","233.9","Reddy Express","Shell Reddy Express Bunbury Gateway","GLEN IRIS","(blank)"
"FuelWatch WA","FuelWatchRetail-05-2026.csv","May 17, 2026 @ 10:00:00.000","May 18, 2026 @ 22:00:01.000","9850 Forrest Hwy",ULP,"6,230","179.9","Reddy Express","Shell Reddy Express Bunbury Outbound",VITTORIA,"(blank)"
"FuelWatch WA","FuelWatchRetail-05-2026.csv","May 17, 2026 @ 10:00:00.000","May 18, 2026 @ 22:00:01.000","9850 Forrest Hwy",Diesel,"6,230","229.9","Reddy Express","Shell Reddy Express Bunbury Outbound",VITTORIA,"(blank)"
"FuelWatch WA","FuelWatchRetail-05-2026.csv","May 17, 2026 @ 10:00:00.000","May 18, 2026 @ 22:00:01.000","9850 Forrest Hwy","98 RON","6,230","206.9","Reddy Express","Shell Reddy Express Bunbury Outbound",VITTORIA,"(blank)"
"FuelWatch WA","FuelWatchRetail-05-2026.csv","May 17, 2026 @ 10:00:00.000","May 18, 2026 @ 22:00:01.000","280 Bannister Rd",Diesel,"6,155","223.9","Reddy Express","Shell Reddy Express Canning Vale","CANNING VALE","(blank)"
"FuelWatch WA","FuelWatchRetail-05-2026.csv","May 17, 2026 @ 10:00:00.000","May 18, 2026 @ 22:00:01.000","280 Bannister Rd","Brand Diesel","6,155","227.9","Reddy Express","Shell Reddy Express Canning Vale","CANNING VALE","(blank)"
"FuelWatch WA","FuelWatchRetail-05-2026.csv","May 17, 2026 @ 10:00:00.000","May 18, 2026 @ 22:00:01.000","1 Johnson Rd",Diesel,"6,167","227.9","Reddy Express","Shell Reddy Express Casuarina",BERTRAM,"(blank)"
"FuelWatch WA","FuelWatchRetail-05-2026.csv","May 17, 2026 @ 10:00:00.000","May 18, 2026 @ 22:00:01.000","269 Stirling Hwy",Diesel,"6,010","227.9","Reddy Express","Shell Reddy Express Claremont",CLAREMONT,"(blank)"
"FuelWatch WA","FuelWatchRetail-05-2026.csv","May 17, 2026 @ 10:00:00.000","May 18, 2026 @ 22:00:01.000","269 Stirling Hwy","98 RON","6,010","206.9","Reddy Express","Shell Reddy Express Claremont",CLAREMONT,"(blank)"
"FuelWatch WA","FuelWatchRetail-05-2026.csv","May 17, 2026 @ 10:00:00.000","May 18, 2026 @ 22:00:01.000","36 Ocean Keys Bvd",ULP,"6,030","179.9","Reddy Express","Shell Reddy Express Clarkson",CLARKSON,"(blank)"
"FuelWatch WA","FuelWatchRetail-05-2026.csv","May 17, 2026 @ 10:00:00.000","May 18, 2026 @ 22:00:01.000","36 Ocean Keys Bvd",Diesel,"6,030","227.9","Reddy Express","Shell Reddy Express Clarkson",CLARKSON,"(blank)"
"FuelWatch WA","FuelWatchRetail-05-2026.csv","May 17, 2026 @ 10:00:00.000","May 18, 2026 @ 22:00:01.000","223 Belmont Ave",ULP,"6,105","179.9","Reddy Express","Shell Reddy Express Cloverdale",CLOVERDALE,"(blank)"
"FuelWatch WA","FuelWatchRetail-05-2026.csv","May 17, 2026 @ 10:00:00.000","May 18, 2026 @ 22:00:01.000","223 Belmont Ave",PULP,"6,105","197.4","Reddy Express","Shell Reddy Express Cloverdale",CLOVERDALE,"(blank)"
"FuelWatch WA","FuelWatchRetail-05-2026.csv","May 17, 2026 @ 10:00:00.000","May 18, 2026 @ 22:00:01.000","223 Belmont Ave",Diesel,"6,105","227.9","Reddy Express","Shell Reddy Express Cloverdale",CLOVERDALE,"(blank)"
"FuelWatch WA","FuelWatchRetail-05-2026.csv","May 17, 2026 @ 10:00:00.000","May 18, 2026 @ 22:00:01.000","57 Johnston St",ULP,"6,225","189.9","Reddy Express","Shell Reddy Express Collie",COLLIE,"(blank)"
"FuelWatch WA","FuelWatchRetail-05-2026.csv","May 17, 2026 @ 10:00:00.000","May 18, 2026 @ 22:00:01.000","57 Johnston St",Diesel,"6,225","249.9","Reddy Express","Shell Reddy Express Collie",COLLIE,"(blank)"
"FuelWatch WA","FuelWatchRetail-05-2026.csv","May 17, 2026 @ 10:00:00.000","May 18, 2026 @ 22:00:01.000","57 Johnston St","98 RON","6,225","216.9","Reddy Express","Shell Reddy Express Collie",COLLIE,"(blank)"
"FuelWatch WA","FuelWatchRetail-05-2026.csv","May 17, 2026 @ 10:00:00.000","May 18, 2026 @ 22:00:01.000","67 Walter Rd West",ULP,"6,059","177.9","Reddy Express","Shell Reddy Express Dianella",DIANELLA,"(blank)"
"FuelWatch WA","FuelWatchRetail-05-2026.csv","May 17, 2026 @ 10:00:00.000","May 18, 2026 @ 22:00:01.000","193 Warwick Rd",ULP,"6,023","177.9","Reddy Express","Shell Reddy Express Duncraig",DUNCRAIG,"(blank)"
"FuelWatch WA","FuelWatchRetail-05-2026.csv","May 17, 2026 @ 10:00:00.000","May 18, 2026 @ 22:00:01.000","193 Warwick Rd",Diesel,"6,023","227.9","Reddy Express","Shell Reddy Express Duncraig",DUNCRAIG,"(blank)"
"FuelWatch WA","FuelWatchRetail-05-2026.csv","May 17, 2026 @ 10:00:00.000","May 18, 2026 @ 22:00:01.000","193 Warwick Rd","98 RON","6,023","204.9","Reddy Express","Shell Reddy Express Duncraig",DUNCRAIG,"(blank)"
"FuelWatch WA","FuelWatchRetail-05-2026.csv","May 17, 2026 @ 10:00:00.000","May 18, 2026 @ 22:00:01.000","64 Dunn Bay Rd","98 RON","6,281","216.9","Reddy Express","Shell Reddy Express Dunsborough",DUNSBOROUGH,"(blank)"
"FuelWatch WA","FuelWatchRetail-05-2026.csv","May 17, 2026 @ 10:00:00.000","May 18, 2026 @ 22:00:01.000","57 Joondalup Dr",ULP,"6,027","177.9","Reddy Express","Shell Reddy Express Edgewater",EDGEWATER,"(blank)"
"FuelWatch WA","FuelWatchRetail-05-2026.csv","May 17, 2026 @ 10:00:00.000","May 18, 2026 @ 22:00:01.000","57 Joondalup Dr","98 RON","6,027","204.9","Reddy Express","Shell Reddy Express Edgewater",EDGEWATER,"(blank)"
"FuelWatch WA","FuelWatchRetail-05-2026.csv","May 17, 2026 @ 10:00:00.000","May 18, 2026 @ 22:00:01.000","3 Goodwood Cres",ULP,"6,069","177.9","Reddy Express","Shell Reddy Express Ellenbrook",ELLENBROOK,"(blank)"
"FuelWatch WA","FuelWatchRetail-05-2026.csv","May 17, 2026 @ 10:00:00.000","May 18, 2026 @ 22:00:01.000","25 Andrew St",ULP,"6,450","192.9","Reddy Express","Shell Reddy Express Esperance",ESPERANCE,"(blank)"
"FuelWatch WA","FuelWatchRetail-05-2026.csv","May 17, 2026 @ 10:00:00.000","May 18, 2026 @ 22:00:01.000","25 Andrew St",PULP,"6,450","210.4","Reddy Express","Shell Reddy Express Esperance",ESPERANCE,"(blank)"
"FuelWatch WA","FuelWatchRetail-05-2026.csv","May 17, 2026 @ 10:00:00.000","May 18, 2026 @ 22:00:01.000","87 Great Northern Hwy",Diesel,"6,765","255.9","Reddy Express","Shell Reddy Express Fitzroy Crossing Roadhouse","FITZROY CROSSING","(blank)"
"FuelWatch WA","FuelWatchRetail-05-2026.csv","May 17, 2026 @ 10:00:00.000","May 18, 2026 @ 22:00:01.000","101 Hampton Rd",PULP,"6,160","197.4","Reddy Express","Shell Reddy Express Fremantle",FREMANTLE,"(blank)"
"FuelWatch WA","FuelWatchRetail-05-2026.csv","May 17, 2026 @ 10:00:00.000","May 18, 2026 @ 22:00:01.000","101 Hampton Rd","98 RON","6,160","206.9","Reddy Express","Shell Reddy Express Fremantle",FREMANTLE,"(blank)"
"FuelWatch WA","FuelWatchRetail-05-2026.csv","May 17, 2026 @ 10:00:00.000","May 18, 2026 @ 22:00:01.000","60 Marangaroo Dr",PULP,"6,064","197.4","Reddy Express","Shell Reddy Express Girrawheen",GIRRAWHEEN,"(blank)"
"FuelWatch WA","FuelWatchRetail-05-2026.csv","May 17, 2026 @ 10:00:00.000","May 18, 2026 @ 22:00:01.000","60 Marangaroo Dr","98 RON","6,064","206.9","Reddy Express","Shell Reddy Express Girrawheen",GIRRAWHEEN,"(blank)"
"FuelWatch WA","FuelWatchRetail-05-2026.csv","May 17, 2026 @ 10:00:00.000","May 18, 2026 @ 22:00:01.000","14 Guava Way",PULP,"6,210","197.4","Reddy Express","Shell Reddy Express Halls Head","HALLS HEAD","(blank)"
"FuelWatch WA","FuelWatchRetail-05-2026.csv","May 17, 2026 @ 10:00:00.000","May 18, 2026 @ 22:00:01.000","14 Guava Way",Diesel,"6,210","227.9","Reddy Express","Shell Reddy Express Halls Head","HALLS HEAD","(blank)"
"FuelWatch WA","FuelWatchRetail-05-2026.csv","May 17, 2026 @ 10:00:00.000","May 18, 2026 @ 22:00:01.000","6 Jersey St",PULP,"6,014","197.4","Reddy Express","Shell Reddy Express Jolimont",JOLIMONT,"(blank)"
"FuelWatch WA","FuelWatchRetail-05-2026.csv","May 17, 2026 @ 10:00:00.000","May 18, 2026 @ 22:00:01.000","222 Manning Rd",ULP,"6,152","179.9","Reddy Express","Shell Reddy Express Karawara",KARAWARA,"(blank)"
"FuelWatch WA","FuelWatchRetail-05-2026.csv","May 17, 2026 @ 10:00:00.000","May 18, 2026 @ 22:00:01.000","13 Searipple Rd",Diesel,"6,714","247.9","Reddy Express","Shell Reddy Express Karratha",KARRATHA,"(blank)"
"FuelWatch WA","FuelWatchRetail-05-2026.csv","May 17, 2026 @ 10:00:00.000","May 18, 2026 @ 22:00:01.000","13 Searipple Rd","98 RON","6,714","232.9","Reddy Express","Shell Reddy Express Karratha",KARRATHA,"(blank)"
"FuelWatch WA","FuelWatchRetail-05-2026.csv","May 17, 2026 @ 10:00:00.000","May 18, 2026 @ 22:00:01.000","6 Madigan Rd","98 RON","6,714","232.9","Reddy Express","Shell Reddy Express Karratha Travel & Truck","STOVE HILL","(blank)"
"FuelWatch WA","FuelWatchRetail-05-2026.csv","May 17, 2026 @ 10:00:00.000","May 18, 2026 @ 22:00:01.000","518 Abernethy Rd",Diesel,"6,105","221.9","Reddy Express","Shell Reddy Express Kewdale",KEWDALE,"(blank)"
"FuelWatch WA","FuelWatchRetail-05-2026.csv","May 17, 2026 @ 10:00:00.000","May 18, 2026 @ 22:00:01.000","518 Abernethy Rd","98 RON","6,105","206.9","Reddy Express","Shell Reddy Express Kewdale",KEWDALE,"(blank)"
"FuelWatch WA","FuelWatchRetail-05-2026.csv","May 17, 2026 @ 10:00:00.000","May 18, 2026 @ 22:00:01.000","47 Renegade Way",Diesel,"6,026","223.9","Reddy Express","Shell Reddy Express Kingsley",KINGSLEY,"(blank)"
"FuelWatch WA","FuelWatchRetail-05-2026.csv","May 17, 2026 @ 10:00:00.000","May 18, 2026 @ 22:00:01.000","17 Poinciana St",ULP,"6,743","212.9","Reddy Express","Shell Reddy Express Kununurra Roadhouse",KUNUNURRA,"(blank)"
"FuelWatch WA","FuelWatchRetail-05-2026.csv","May 17, 2026 @ 10:00:00.000","May 18, 2026 @ 22:00:01.000","17 Poinciana St",Diesel,"6,743","249.9","Reddy Express","Shell Reddy Express Kununurra Roadhouse",KUNUNURRA,"(blank)"
"FuelWatch WA","FuelWatchRetail-05-2026.csv","May 17, 2026 @ 10:00:00.000","May 18, 2026 @ 22:00:01.000","49 Banksiadale Gte",ULP,"6,180","179.9","Reddy Express","Shell Reddy Express Lakelands",LAKELANDS,"(blank)"
"FuelWatch WA","FuelWatchRetail-05-2026.csv","May 17, 2026 @ 10:00:00.000","May 18, 2026 @ 22:00:01.000","49 Banksiadale Gte",PULP,"6,180","197.4","Reddy Express","Shell Reddy Express Lakelands",LAKELANDS,"(blank)"
"FuelWatch WA","FuelWatchRetail-05-2026.csv","May 17, 2026 @ 10:00:00.000","May 18, 2026 @ 22:00:01.000","70 Nicholson Rd",ULP,"6,147","179.9","Reddy Express","Shell Reddy Express Langford",LANGFORD,"(blank)"
"FuelWatch WA","FuelWatchRetail-05-2026.csv","May 17, 2026 @ 10:00:00.000","May 18, 2026 @ 22:00:01.000","70 Nicholson Rd",Diesel,"6,147","227.9","Reddy Express","Shell Reddy Express Langford",LANGFORD,"(blank)"
"FuelWatch WA","FuelWatchRetail-05-2026.csv","May 17, 2026 @ 10:00:00.000","May 18, 2026 @ 22:00:01.000","51 Farrington St",ULP,"6,149","179.9","Reddy Express","Shell Reddy Express Leeming",LEEMING,"(blank)"
"FuelWatch WA","FuelWatchRetail-05-2026.csv","May 17, 2026 @ 10:00:00.000","May 18, 2026 @ 22:00:01.000","51 Farrington St",PULP,"6,149","197.4","Reddy Express","Shell Reddy Express Leeming",LEEMING,"(blank)"
"FuelWatch WA","FuelWatchRetail-05-2026.csv","May 17, 2026 @ 10:00:00.000","May 18, 2026 @ 22:00:01.000","51 Farrington St","98 RON","6,149","206.9","Reddy Express","Shell Reddy Express Leeming",LEEMING,"(blank)"
"FuelWatch WA","FuelWatchRetail-05-2026.csv","May 17, 2026 @ 10:00:00.000","May 18, 2026 @ 22:00:01.000","117 Burslem Dr",PULP,"6,109","188.4","Reddy Express","Shell Reddy Express Maddington",MADDINGTON,"(blank)"
"FuelWatch WA","FuelWatchRetail-05-2026.csv","May 17, 2026 @ 10:00:00.000","May 18, 2026 @ 22:00:01.000","492 Alexander Dr",ULP,"6,090","179.9","Reddy Express","Shell Reddy Express Malaga",MALAGA,"(blank)"
"FuelWatch WA","FuelWatchRetail-05-2026.csv","May 17, 2026 @ 10:00:00.000","May 18, 2026 @ 22:00:01.000","Cnr Pinjarra Rd & Watson Dr",ULP,"6,209","179.9","Reddy Express","Shell Reddy Express Mandurah",BARRAGUP,"(blank)"
"FuelWatch WA","FuelWatchRetail-05-2026.csv","May 17, 2026 @ 10:00:00.000","May 18, 2026 @ 22:00:01.000","77 Bussell Hwy","98 RON","6,285","216.9","Reddy Express","Shell Reddy Express Margaret River","MARGARET RIVER","(blank)"
"FuelWatch WA","FuelWatchRetail-05-2026.csv","May 17, 2026 @ 10:00:00.000","May 18, 2026 @ 22:00:01.000","Lot 821 Main St",Diesel,"6,642","255.9","Reddy Express","Shell Reddy Express Meekatharra Roadhouse",MEEKATHARRA,"(blank)"
"FuelWatch WA","FuelWatchRetail-05-2026.csv","May 17, 2026 @ 10:00:00.000","May 18, 2026 @ 22:00:01.000","Lot 46 Great Northern Hwy",ULP,"6,056","179.9","Reddy Express","Shell Reddy Express Middle Swan","MIDDLE SWAN","(blank)"
"FuelWatch WA","FuelWatchRetail-05-2026.csv","May 17, 2026 @ 10:00:00.000","May 18, 2026 @ 22:00:01.000","582 Stirling Hwy",ULP,"6,012","179.9","Reddy Express","Shell Reddy Express Mosman Park","MOSMAN PARK","(blank)"
"FuelWatch WA","FuelWatchRetail-05-2026.csv","May 17, 2026 @ 10:00:00.000","May 18, 2026 @ 22:00:01.000","253 Walcott St",PULP,"6,006","195.4","Reddy Express","Shell Reddy Express Mount Lawley","NORTH PERTH","(blank)"
"FuelWatch WA","FuelWatchRetail-05-2026.csv","May 17, 2026 @ 10:00:00.000","May 18, 2026 @ 22:00:01.000","1 The Esplanade",Diesel,"6,153","227.9","Reddy Express","Shell Reddy Express Mount Pleasant","MOUNT PLEASANT","(blank)"
"FuelWatch WA","FuelWatchRetail-05-2026.csv","May 17, 2026 @ 10:00:00.000","May 18, 2026 @ 22:00:01.000","69 North Lake Rd",Diesel,"6,154","227.9","Reddy Express","Shell Reddy Express Myaree",MYAREE,"(blank)"
"FuelWatch WA","FuelWatchRetail-05-2026.csv","May 17, 2026 @ 10:00:00.000","May 18, 2026 @ 22:00:01.000","6 Marina Bvd",ULP,"6,027","179.9","Reddy Express","Shell Reddy Express Ocean Reef","OCEAN REEF","(blank)"
"FuelWatch WA","FuelWatchRetail-05-2026.csv","May 17, 2026 @ 10:00:00.000","May 18, 2026 @ 22:00:01.000","6 Marina Bvd","98 RON","6,027","206.9","Reddy Express","Shell Reddy Express Ocean Reef","OCEAN REEF","(blank)"
"FuelWatch WA","FuelWatchRetail-05-2026.csv","May 17, 2026 @ 10:00:00.000","May 18, 2026 @ 22:00:01.000","11 Roberts St West",PULP,"6,017","195.4","Reddy Express","Shell Reddy Express Osborne Park","OSBORNE PARK","(blank)"
"FuelWatch WA","FuelWatchRetail-05-2026.csv","May 17, 2026 @ 10:00:00.000","May 18, 2026 @ 22:00:01.000","11 Roberts St West",Diesel,"6,017","219.9","Reddy Express","Shell Reddy Express Osborne Park","OSBORNE PARK","(blank)"
"FuelWatch WA","FuelWatchRetail-05-2026.csv","May 17, 2026 @ 10:00:00.000","May 18, 2026 @ 22:00:01.000","11 Roberts St West","Brand Diesel","6,017","223.9","Reddy Express","Shell Reddy Express Osborne Park","OSBORNE PARK","(blank)"
"FuelWatch WA","FuelWatchRetail-05-2026.csv","May 17, 2026 @ 10:00:00.000","May 18, 2026 @ 22:00:01.000","80 Carrington St",PULP,"6,157","197.4","Reddy Express","Shell Reddy Express Palmyra",PALMYRA,"(blank)"
"FuelWatch WA","FuelWatchRetail-05-2026.csv","May 17, 2026 @ 10:00:00.000","May 18, 2026 @ 22:00:01.000","Lot 621 Camp Rd","98 RON","6,754","239.9","Reddy Express","Shell Reddy Express Paraburdoo",PARABURDOO,"(blank)"
"FuelWatch WA","FuelWatchRetail-05-2026.csv","May 17, 2026 @ 10:00:00.000","May 18, 2026 @ 22:00:01.000","480 William St",ULP,"6,000","177.9","Reddy Express","Shell Reddy Express Perth",PERTH,"(blank)"
"FuelWatch WA","FuelWatchRetail-05-2026.csv","May 17, 2026 @ 10:00:00.000","May 18, 2026 @ 22:00:01.000","480 William St","98 RON","6,000","204.9","Reddy Express","Shell Reddy Express Perth",PERTH,"(blank)"
"FuelWatch WA","FuelWatchRetail-05-2026.csv","May 17, 2026 @ 10:00:00.000","May 18, 2026 @ 22:00:01.000","205 West Coast Hwy",ULP,"6,019","179.9","Reddy Express","Shell Reddy Express Scarborough",SCARBOROUGH,"(blank)"
"FuelWatch WA","FuelWatchRetail-05-2026.csv","May 17, 2026 @ 10:00:00.000","May 18, 2026 @ 22:00:01.000","Lot 5553 Great Northern Hwy",PULP,"6,721","230.4","Reddy Express","Shell Reddy Express South Hedland Roadhouse",WEDGEFIELD,"(blank)"
"FuelWatch WA","FuelWatchRetail-05-2026.csv","May 17, 2026 @ 10:00:00.000","May 18, 2026 @ 22:00:01.000","3 Canning Hwy",ULP,"6,151","179.9","Reddy Express","Shell Reddy Express South Perth","SOUTH PERTH","(blank)"
"FuelWatch WA","FuelWatchRetail-05-2026.csv","May 17, 2026 @ 10:00:00.000","May 18, 2026 @ 22:00:01.000","3 Canning Hwy","Brand Diesel","6,151","231.9","Reddy Express","Shell Reddy Express South Perth","SOUTH PERTH","(blank)"
"FuelWatch WA","FuelWatchRetail-05-2026.csv","May 17, 2026 @ 10:00:00.000","May 18, 2026 @ 22:00:01.000","2 Fortyn Ct","98 RON","6,530","208.9","Reddy Express","Shell Reddy Express Tarcoola","MAHOMETS FLATS","(blank)"
"FuelWatch WA","FuelWatchRetail-05-2026.csv","May 17, 2026 @ 10:00:00.000","May 18, 2026 @ 22:00:01.000","1333 Great Northern Hwy",ULP,"6,069","179.9","Reddy Express","Shell Reddy Express Upper Swan Roadhouse","UPPER SWAN","(blank)"
"FuelWatch WA","FuelWatchRetail-05-2026.csv","May 17, 2026 @ 10:00:00.000","May 18, 2026 @ 22:00:01.000","66 Kent St","98 RON","6,101","204.9","Reddy Express","Shell Reddy Express Victoria Park","EAST VICTORIA PARK","(blank)"
"FuelWatch WA","FuelWatchRetail-05-2026.csv","May 17, 2026 @ 10:00:00.000","May 18, 2026 @ 22:00:01.000","1-9 Gnangara Dr",ULP,"6,169","179.9","Reddy Express","Shell Reddy Express Waikiki",WAIKIKI,"(blank)"
"FuelWatch WA","FuelWatchRetail-05-2026.csv","May 17, 2026 @ 10:00:00.000","May 18, 2026 @ 22:00:01.000","1-9 Gnangara Dr",Diesel,"6,169","227.9","Reddy Express","Shell Reddy Express Waikiki",WAIKIKI,"(blank)"
"FuelWatch WA","FuelWatchRetail-05-2026.csv","May 17, 2026 @ 10:00:00.000","May 18, 2026 @ 22:00:01.000","1 Niche Pde",PULP,"6,065","197.4","Reddy Express","Shell Reddy Express Wangara",WANGARA,"(blank)"
"FuelWatch WA","FuelWatchRetail-05-2026.csv","May 17, 2026 @ 10:00:00.000","May 18, 2026 @ 22:00:01.000","621 Wanneroo Rd",ULP,"6,065","177.9","Reddy Express","Shell Reddy Express Wanneroo Pearsall",WANNEROO,"(blank)"
"FuelWatch WA","FuelWatchRetail-05-2026.csv","May 17, 2026 @ 10:00:00.000","May 18, 2026 @ 22:00:01.000","621 Wanneroo Rd",PULP,"6,065","195.4","Reddy Express","Shell Reddy Express Wanneroo Pearsall",WANNEROO,"(blank)"
"FuelWatch WA","FuelWatchRetail-05-2026.csv","May 17, 2026 @ 10:00:00.000","May 18, 2026 @ 22:00:01.000","621 Wanneroo Rd","98 RON","6,065","204.9","Reddy Express","Shell Reddy Express Wanneroo Pearsall",WANNEROO,"(blank)"
"FuelWatch WA","FuelWatchRetail-05-2026.csv","May 17, 2026 @ 10:00:00.000","May 18, 2026 @ 22:00:01.000","337 Cambridge St",ULP,"6,014","179.9","Reddy Express","Shell Reddy Express Wembley",WEMBLEY,"(blank)"
"FuelWatch WA","FuelWatchRetail-05-2026.csv","May 17, 2026 @ 10:00:00.000","May 18, 2026 @ 22:00:01.000","30 Thomas St",PULP,"6,005","197.4","Reddy Express","Shell Reddy Express West Perth","WEST PERTH","(blank)"
"FuelWatch WA","FuelWatchRetail-05-2026.csv","May 17, 2026 @ 10:00:00.000","May 18, 2026 @ 22:00:01.000","88 Champion Dr","98 RON","6,112","204.9","Reddy Express","Shell Reddy Express Westfield","SEVILLE GROVE","(blank)"
"FuelWatch WA","FuelWatchRetail-05-2026.csv","May 17, 2026 @ 10:00:00.000","May 18, 2026 @ 22:00:01.000","239-247 High Rd",PULP,"6,155","197.4","Reddy Express","Shell Reddy Express Willetton",WILLETTON,"(blank)"
"FuelWatch WA","FuelWatchRetail-05-2026.csv","May 17, 2026 @ 10:00:00.000","May 18, 2026 @ 22:00:01.000","239-247 High Rd",Diesel,"6,155","227.9","Reddy Express","Shell Reddy Express Willetton",WILLETTON,"(blank)"
"FuelWatch WA","FuelWatchRetail-05-2026.csv","May 17, 2026 @ 10:00:00.000","May 18, 2026 @ 22:00:01.000","21 Watts St",ULP,"6,308","237.3","Quest Fuel","Shire of Wandering",WANDERING,"(blank)"
"FuelWatch WA","FuelWatchRetail-05-2026.csv","May 17, 2026 @ 10:00:00.000","May 18, 2026 @ 22:00:01.000","21 Watts St",Diesel,"6,308","294.9","Quest Fuel","Shire of Wandering",WANDERING,"(blank)"
"FuelWatch WA","FuelWatchRetail-05-2026.csv","May 17, 2026 @ 10:00:00.000","May 18, 2026 @ 22:00:01.000","86 Avon Tce",ULP,"6,302","189.7",Shell,"Smiths Shell Service",YORK,"(blank)"
"FuelWatch WA","FuelWatchRetail-05-2026.csv","May 17, 2026 @ 10:00:00.000","May 18, 2026 @ 22:00:01.000","298 Benara Rd",PULP,"6,062","184.5",Solo,"Solo Morley",MORLEY,"(blank)"
"FuelWatch WA","FuelWatchRetail-05-2026.csv","May 17, 2026 @ 10:00:00.000","May 18, 2026 @ 22:00:01.000","298 Benara Rd","Brand Diesel","6,062","207.5",Solo,"Solo Morley",MORLEY,"(blank)"
"FuelWatch WA","FuelWatchRetail-05-2026.csv","May 17, 2026 @ 10:00:00.000","May 18, 2026 @ 22:00:01.000","268 High Rd",ULP,"6,148","171.5",Solo,"Solo Riverton",RIVERTON,"(blank)"
"FuelWatch WA","FuelWatchRetail-05-2026.csv","May 17, 2026 @ 10:00:00.000","May 18, 2026 @ 22:00:01.000","268 High Rd",PULP,"6,148","184.5",Solo,"Solo Riverton",RIVERTON,"(blank)"
"FuelWatch WA","FuelWatchRetail-05-2026.csv","May 17, 2026 @ 10:00:00.000","May 18, 2026 @ 22:00:01.000","4 Corberding Rd",ULP,"6,306",199,BP,"Stumpys Gateway Roadhouse",BROOKTON,"(blank)"
"FuelWatch WA","FuelWatchRetail-05-2026.csv","May 17, 2026 @ 10:00:00.000","May 18, 2026 @ 22:00:01.000","23 Second Ave",PULP,"6,710",290,Independent,"Thalanyji Fish and Fuel",ONSLOW,"(blank)"
"FuelWatch WA","FuelWatchRetail-05-2026.csv","May 17, 2026 @ 10:00:00.000","May 18, 2026 @ 22:00:01.000","5 Gnornbup Tce",ULP,"6,338","208.7",BP,"The Roadhouse Hooked and Cooked","BREMER BAY","(blank)"
"FuelWatch WA","FuelWatchRetail-05-2026.csv","May 17, 2026 @ 10:00:00.000","May 18, 2026 @ 22:00:01.000","5 Gnornbup Tce",Diesel,"6,338","249.6",BP,"The Roadhouse Hooked and Cooked","BREMER BAY","(blank)"
"FuelWatch WA","FuelWatchRetail-05-2026.csv","May 17, 2026 @ 10:00:00.000","May 18, 2026 @ 22:00:01.000","360KM South Warburton Via Connie Sue Hwy",ULP,"6,431",308,BP,"Tjuntjuntjara Community Store","PLUMRIDGE LAKES","(blank)"
"FuelWatch WA","FuelWatchRetail-05-2026.csv","May 17, 2026 @ 10:00:00.000","May 18, 2026 @ 22:00:01.000","5895 Great Eastern Hwy",PULP,"6,073","189.9",UGO,"UGO Mundaring",MUNDARING,"(blank)"
"FuelWatch WA","FuelWatchRetail-05-2026.csv","May 17, 2026 @ 10:00:00.000","May 18, 2026 @ 22:00:01.000","367 Albany Hwy",ULP,"6,330","178.5",United,"United Albany Orana",ORANA,"(blank)"
"FuelWatch WA","FuelWatchRetail-05-2026.csv","May 17, 2026 @ 10:00:00.000","May 18, 2026 @ 22:00:01.000","367 Albany Hwy","98 RON","6,330","200.5",United,"United Albany Orana",ORANA,"(blank)"
"FuelWatch WA","FuelWatchRetail-05-2026.csv","May 17, 2026 @ 10:00:00.000","May 18, 2026 @ 22:00:01.000","5 Albina Ave","Brand Diesel","6,167","226.9",United,"United Anketell",ANKETELL,"(blank)"
"FuelWatch WA","FuelWatchRetail-05-2026.csv","May 17, 2026 @ 10:00:00.000","May 18, 2026 @ 22:00:01.000","5 Albina Ave","98 RON","6,167","191.9",United,"United Anketell",ANKETELL,"(blank)"
"FuelWatch WA","FuelWatchRetail-05-2026.csv","May 17, 2026 @ 10:00:00.000","May 18, 2026 @ 22:00:01.000","805 Thomas Rd",ULP,"6,167","169.9",United,"United Anketell South",ANKETELL,"(blank)"
"FuelWatch WA","FuelWatchRetail-05-2026.csv","May 17, 2026 @ 10:00:00.000","May 18, 2026 @ 22:00:01.000","805 Thomas Rd",PULP,"6,167","183.9",United,"United Anketell South",ANKETELL,"(blank)"
"FuelWatch WA","FuelWatchRetail-05-2026.csv","May 17, 2026 @ 10:00:00.000","May 18, 2026 @ 22:00:01.000","805 Thomas Rd","98 RON","6,167","191.9",United,"United Anketell South",ANKETELL,"(blank)"
"FuelWatch WA","FuelWatchRetail-05-2026.csv","May 17, 2026 @ 10:00:00.000","May 18, 2026 @ 22:00:01.000","178 South Western Hwy",ULP,"6,112","169.9",United,"United Armadale",ARMADALE,"(blank)"
"FuelWatch WA","FuelWatchRetail-05-2026.csv","May 17, 2026 @ 10:00:00.000","May 18, 2026 @ 22:00:01.000","178 South Western Hwy",Diesel,"6,112","219.9",United,"United Armadale",ARMADALE,"(blank)"
"FuelWatch WA","FuelWatchRetail-05-2026.csv","May 17, 2026 @ 10:00:00.000","May 18, 2026 @ 22:00:01.000","178 South Western Hwy","98 RON","6,112","191.9",United,"United Armadale",ARMADALE,"(blank)"
"FuelWatch WA","FuelWatchRetail-05-2026.csv","May 17, 2026 @ 10:00:00.000","May 18, 2026 @ 22:00:01.000","178 South Western Hwy",E85,"6,112","269.9",United,"United Armadale",ARMADALE,"(blank)"
"FuelWatch WA","FuelWatchRetail-05-2026.csv","May 17, 2026 @ 10:00:00.000","May 18, 2026 @ 22:00:01.000","13 Whyalla Ct",PULP,"6,163","186.9",United,"United Bibra Lake","BIBRA LAKE","(blank)"
"FuelWatch WA","FuelWatchRetail-05-2026.csv","May 17, 2026 @ 10:00:00.000","May 18, 2026 @ 22:00:01.000","13 Whyalla Ct","98 RON","6,163","194.9",United,"United Bibra Lake","BIBRA LAKE","(blank)"
"FuelWatch WA","FuelWatchRetail-05-2026.csv","May 17, 2026 @ 10:00:00.000","May 18, 2026 @ 22:00:01.000","49 Reid Rd",ULP,"6,726","215.9",United,"United Broome","CABLE BEACH","(blank)"
"FuelWatch WA","FuelWatchRetail-05-2026.csv","May 17, 2026 @ 10:00:00.000","May 18, 2026 @ 22:00:01.000","49 Reid Rd",PULP,"6,726","229.9",United,"United Broome","CABLE BEACH","(blank)"
"FuelWatch WA","FuelWatchRetail-05-2026.csv","May 17, 2026 @ 10:00:00.000","May 18, 2026 @ 22:00:01.000","49 Reid Rd",Diesel,"6,726","239.9",United,"United Broome","CABLE BEACH","(blank)"
"FuelWatch WA","FuelWatchRetail-05-2026.csv","May 17, 2026 @ 10:00:00.000","May 18, 2026 @ 22:00:01.000","801-803 South Western Hwy",ULP,"6,122","167.9",United,"United Byford",BYFORD,"(blank)"
"FuelWatch WA","FuelWatchRetail-05-2026.csv","May 17, 2026 @ 10:00:00.000","May 18, 2026 @ 22:00:01.000","801-803 South Western Hwy",PULP,"6,122","181.9",United,"United Byford",BYFORD,"(blank)"
"FuelWatch WA","FuelWatchRetail-05-2026.csv","May 17, 2026 @ 10:00:00.000","May 18, 2026 @ 22:00:01.000","801-803 South Western Hwy",Diesel,"6,122","218.9",United,"United Byford",BYFORD,"(blank)"
"FuelWatch WA","FuelWatchRetail-05-2026.csv","May 17, 2026 @ 10:00:00.000","May 18, 2026 @ 22:00:01.000","801-803 South Western Hwy","Brand Diesel","6,122","220.9",United,"United Byford",BYFORD,"(blank)"
"FuelWatch WA","FuelWatchRetail-05-2026.csv","May 17, 2026 @ 10:00:00.000","May 18, 2026 @ 22:00:01.000","801-803 South Western Hwy",E85,"6,122","269.9",United,"United Byford",BYFORD,"(blank)"
"FuelWatch WA","FuelWatchRetail-05-2026.csv","May 17, 2026 @ 10:00:00.000","May 18, 2026 @ 22:00:01.000","45 South Coast Hwy",Diesel,"6,333","224.9",United,"United Denmark",DENMARK,"(blank)"
"FuelWatch WA","FuelWatchRetail-05-2026.csv","May 17, 2026 @ 10:00:00.000","May 18, 2026 @ 22:00:01.000","916 Albany Hwy",LPG,"6,101","145.5",United,"United East Victoria Park","EAST VICTORIA PARK","(blank)"
"FuelWatch WA","FuelWatchRetail-05-2026.csv","May 17, 2026 @ 10:00:00.000","May 18, 2026 @ 22:00:01.000","3 Locke Lane",ULP,"6,069","172.9",United,"United Ellenbrook",ELLENBROOK,"(blank)"
"FuelWatch WA","FuelWatchRetail-05-2026.csv","May 17, 2026 @ 10:00:00.000","May 18, 2026 @ 22:00:01.000","3 Locke Lane",PULP,"6,069","186.9",United,"United Ellenbrook",ELLENBROOK,"(blank)"
"FuelWatch WA","FuelWatchRetail-05-2026.csv","May 17, 2026 @ 10:00:00.000","May 18, 2026 @ 22:00:01.000","3 Locke Lane","98 RON","6,069","194.9",United,"United Ellenbrook",ELLENBROOK,"(blank)"
"FuelWatch WA","FuelWatchRetail-05-2026.csv","May 17, 2026 @ 10:00:00.000","May 18, 2026 @ 22:00:01.000","9 Winterfold Rd",Diesel,"6,163","223.9",United,"United Hamilton Hill","HAMILTON HILL","(blank)"
"FuelWatch WA","FuelWatchRetail-05-2026.csv","May 17, 2026 @ 10:00:00.000","May 18, 2026 @ 22:00:01.000","9 Winterfold Rd",LPG,"6,163","159.5",United,"United Hamilton Hill","HAMILTON HILL","(blank)"
"FuelWatch WA","FuelWatchRetail-05-2026.csv","May 17, 2026 @ 10:00:00.000","May 18, 2026 @ 22:00:01.000","4 Walter Padbury Bvd",ULP,"6,025","173.9",United,"United Hepburn Heights",PADBURY,"(blank)"
"FuelWatch WA","FuelWatchRetail-05-2026.csv","May 17, 2026 @ 10:00:00.000","May 18, 2026 @ 22:00:01.000","4 Walter Padbury Bvd","98 RON","6,025","195.9",United,"United Hepburn Heights",PADBURY,"(blank)"
"FuelWatch WA","FuelWatchRetail-05-2026.csv","May 17, 2026 @ 10:00:00.000","May 18, 2026 @ 22:00:01.000","150 Massingham St",Diesel,"6,410","211.5",United,"United Kellerberrin Truck Stop",KELLERBERRIN,"(blank)"
"FuelWatch WA","FuelWatchRetail-05-2026.csv","May 17, 2026 @ 10:00:00.000","May 18, 2026 @ 22:00:01.000","410-412 Orrong Rd",PULP,"6,105","186.9",United,"United Kewdale Truck Stop",KEWDALE,"(blank)"
"FuelWatch WA","FuelWatchRetail-05-2026.csv","May 17, 2026 @ 10:00:00.000","May 18, 2026 @ 22:00:01.000","410-412 Orrong Rd",Diesel,"6,105","216.9",United,"United Kewdale Truck Stop",KEWDALE,"(blank)"
"FuelWatch WA","FuelWatchRetail-05-2026.csv","May 17, 2026 @ 10:00:00.000","May 18, 2026 @ 22:00:01.000","410-412 Orrong Rd",LPG,"6,105","145.5",United,"United Kewdale Truck Stop",KEWDALE,"(blank)"
"FuelWatch WA","FuelWatchRetail-05-2026.csv","May 17, 2026 @ 10:00:00.000","May 18, 2026 @ 22:00:01.000","410-412 Orrong Rd","98 RON","6,105","194.9",United,"United Kewdale Truck Stop",KEWDALE,"(blank)"
"FuelWatch WA","FuelWatchRetail-05-2026.csv","May 17, 2026 @ 10:00:00.000","May 18, 2026 @ 22:00:01.000","2 Feilman Dr","Brand Diesel","6,170","225.9",United,"United Leda",LEDA,"(blank)"
"FuelWatch WA","FuelWatchRetail-05-2026.csv","May 17, 2026 @ 10:00:00.000","May 18, 2026 @ 22:00:01.000","13 Stebbing Rd",PULP,"6,109","183.9",United,"United Maddington Truck Stop",MADDINGTON,"(blank)"
"FuelWatch WA","FuelWatchRetail-05-2026.csv","May 17, 2026 @ 10:00:00.000","May 18, 2026 @ 22:00:01.000","13 Stebbing Rd","Brand Diesel","6,109","217.9",United,"United Maddington Truck Stop",MADDINGTON,"(blank)"
"FuelWatch WA","FuelWatchRetail-05-2026.csv","May 17, 2026 @ 10:00:00.000","May 18, 2026 @ 22:00:01.000","1 Rose St",ULP,"6,258","187.9",United,"United Manjimup",MANJIMUP,"(blank)"
"FuelWatch WA","FuelWatchRetail-05-2026.csv","May 17, 2026 @ 10:00:00.000","May 18, 2026 @ 22:00:01.000","1 Rose St",Diesel,"6,258","231.5",United,"United Manjimup",MANJIMUP,"(blank)"
"FuelWatch WA","FuelWatchRetail-05-2026.csv","May 17, 2026 @ 10:00:00.000","May 18, 2026 @ 22:00:01.000","31763 Albany Hwy",ULP,"6,324","179.5",United,"United Mount Barker Roadhouse Truck Stop","MOUNT BARKER","(blank)"
"FuelWatch WA","FuelWatchRetail-05-2026.csv","May 17, 2026 @ 10:00:00.000","May 18, 2026 @ 22:00:01.000","31763 Albany Hwy",PULP,"6,324","193.5",United,"United Mount Barker Roadhouse Truck Stop","MOUNT BARKER","(blank)"
"FuelWatch WA","FuelWatchRetail-05-2026.csv","May 17, 2026 @ 10:00:00.000","May 18, 2026 @ 22:00:01.000","31763 Albany Hwy","98 RON","6,324","201.5",United,"United Mount Barker Roadhouse Truck Stop","MOUNT BARKER","(blank)"
"FuelWatch WA","FuelWatchRetail-05-2026.csv","May 17, 2026 @ 10:00:00.000","May 18, 2026 @ 22:00:01.000","182 Leach Hwy",ULP,"6,154","172.9",United,"United Myaree",MYAREE,"(blank)"
"FuelWatch WA","FuelWatchRetail-05-2026.csv","May 17, 2026 @ 10:00:00.000","May 18, 2026 @ 22:00:01.000","182 Leach Hwy","98 RON","6,154","194.9",United,"United Myaree",MYAREE,"(blank)"
"FuelWatch WA","FuelWatchRetail-05-2026.csv","May 17, 2026 @ 10:00:00.000","May 18, 2026 @ 22:00:01.000","13 Lionel St",ULP,"6,165","169.5",United,"United Naval Base Truck Stop","NAVAL BASE","(blank)"
"FuelWatch WA","FuelWatchRetail-05-2026.csv","May 17, 2026 @ 10:00:00.000","May 18, 2026 @ 22:00:01.000","13 Lionel St","98 RON","6,165","191.5",United,"United Naval Base Truck Stop","NAVAL BASE","(blank)"
"FuelWatch WA","FuelWatchRetail-05-2026.csv","May 17, 2026 @ 10:00:00.000","May 18, 2026 @ 22:00:01.000","31 Fitzgerald St",ULP,"6,003","172.9",United,"United Northbridge",NORTHBRIDGE,"(blank)"
"FuelWatch WA","FuelWatchRetail-05-2026.csv","May 17, 2026 @ 10:00:00.000","May 18, 2026 @ 22:00:01.000","31 Fitzgerald St",Diesel,"6,003","219.9",United,"United Northbridge",NORTHBRIDGE,"(blank)"
"FuelWatch WA","FuelWatchRetail-05-2026.csv","May 17, 2026 @ 10:00:00.000","May 18, 2026 @ 22:00:01.000","479 Scarborough Beach Rd",ULP,"6,017","172.9",United,"United Osborne Park","OSBORNE PARK","(blank)"
"FuelWatch WA","FuelWatchRetail-05-2026.csv","May 17, 2026 @ 10:00:00.000","May 18, 2026 @ 22:00:01.000","479 Scarborough Beach Rd",Diesel,"6,017","213.5",United,"United Osborne Park","OSBORNE PARK","(blank)"
"FuelWatch WA","FuelWatchRetail-05-2026.csv","May 17, 2026 @ 10:00:00.000","May 18, 2026 @ 22:00:01.000","479 Scarborough Beach Rd","98 RON","6,017","194.9",United,"United Osborne Park","OSBORNE PARK","(blank)"
"FuelWatch WA","FuelWatchRetail-05-2026.csv","May 17, 2026 @ 10:00:00.000","May 18, 2026 @ 22:00:01.000","8 Paltridge Rd",ULP,"6,105","169.5",United,"United Perth Airport Truck Stop","PERTH AIRPORT","(blank)"
"FuelWatch WA","FuelWatchRetail-05-2026.csv","May 17, 2026 @ 10:00:00.000","May 18, 2026 @ 22:00:01.000","8 Paltridge Rd",Diesel,"6,105","212.5",United,"United Perth Airport Truck Stop","PERTH AIRPORT","(blank)"
"FuelWatch WA","FuelWatchRetail-05-2026.csv","May 17, 2026 @ 10:00:00.000","May 18, 2026 @ 22:00:01.000","8 Paltridge Rd","98 RON","6,105","191.5",United,"United Perth Airport Truck Stop","PERTH AIRPORT","(blank)"
"FuelWatch WA","FuelWatchRetail-05-2026.csv","May 17, 2026 @ 10:00:00.000","May 18, 2026 @ 22:00:01.000","1602 Pinjarra Rd",PULP,"6,208","181.9",United,"United Pinjarra Truck Stop",PINJARRA,"(blank)"
"FuelWatch WA","FuelWatchRetail-05-2026.csv","May 17, 2026 @ 10:00:00.000","May 18, 2026 @ 22:00:01.000","1602 Pinjarra Rd",Diesel,"6,208","213.5",United,"United Pinjarra Truck Stop",PINJARRA,"(blank)"
"FuelWatch WA","FuelWatchRetail-05-2026.csv","May 17, 2026 @ 10:00:00.000","May 18, 2026 @ 22:00:01.000","1602 Pinjarra Rd","Brand Diesel","6,208","215.5",United,"United Pinjarra Truck Stop",PINJARRA,"(blank)"
"FuelWatch WA","FuelWatchRetail-05-2026.csv","May 17, 2026 @ 10:00:00.000","May 18, 2026 @ 22:00:01.000","50 Rifle Range Rd",Diesel,"6,530","225.9",United,"United Rangeway Truck Stop",RANGEWAY,"(blank)"
"FuelWatch WA","FuelWatchRetail-05-2026.csv","May 17, 2026 @ 10:00:00.000","May 18, 2026 @ 22:00:01.000","49 Berrigan Dr",PULP,"6,164","183.9",United,"United South Lake","SOUTH LAKE","(blank)"
"FuelWatch WA","FuelWatchRetail-05-2026.csv","May 17, 2026 @ 10:00:00.000","May 18, 2026 @ 22:00:01.000","49 Berrigan Dr",LPG,"6,164","149.9",United,"United South Lake","SOUTH LAKE","(blank)"
"FuelWatch WA","FuelWatchRetail-05-2026.csv","May 17, 2026 @ 10:00:00.000","May 18, 2026 @ 22:00:01.000","49 Berrigan Dr","98 RON","6,164","191.9",United,"United South Lake","SOUTH LAKE","(blank)"
"FuelWatch WA","FuelWatchRetail-05-2026.csv","May 17, 2026 @ 10:00:00.000","May 18, 2026 @ 22:00:01.000","Lot 101 Terrier Pl",ULP,"6,110","171.9",United,"United Southern River","SOUTHERN RIVER","(blank)"
"FuelWatch WA","FuelWatchRetail-05-2026.csv","May 17, 2026 @ 10:00:00.000","May 18, 2026 @ 22:00:01.000","268 Great Eastern Hwy",ULP,"6,104","168.9",Vibe,"Vibe Ascot",ASCOT,"(blank)"
"FuelWatch WA","FuelWatchRetail-05-2026.csv","May 17, 2026 @ 10:00:00.000","May 18, 2026 @ 22:00:01.000","268 Great Eastern Hwy","98 RON","6,104","194.9",Vibe,"Vibe Ascot",ASCOT,"(blank)"
"FuelWatch WA","FuelWatchRetail-05-2026.csv","May 17, 2026 @ 10:00:00.000","May 18, 2026 @ 22:00:01.000","120 Kerosene Lane",Diesel,"6,171","209.7",Vibe,"Vibe Baldivis",BALDIVIS,"(blank)"
"FuelWatch WA","FuelWatchRetail-05-2026.csv","May 17, 2026 @ 10:00:00.000","May 18, 2026 @ 22:00:01.000","120 Kerosene Lane","Brand Diesel","6,171","215.7",Vibe,"Vibe Baldivis",BALDIVIS,"(blank)"
"FuelWatch WA","FuelWatchRetail-05-2026.csv","May 17, 2026 @ 10:00:00.000","May 18, 2026 @ 22:00:01.000","120 Kerosene Lane","98 RON","6,171","195.7",Vibe,"Vibe Baldivis",BALDIVIS,"(blank)"
"FuelWatch WA","FuelWatchRetail-05-2026.csv","May 17, 2026 @ 10:00:00.000","May 18, 2026 @ 22:00:01.000","120 Beechboro Rd South",ULP,"6,053","174.7",Vibe,"Vibe Bayswater",BAYSWATER,"(blank)"
"FuelWatch WA","FuelWatchRetail-05-2026.csv","May 17, 2026 @ 10:00:00.000","May 18, 2026 @ 22:00:01.000","120 Beechboro Rd South",PULP,"6,053","192.7",Vibe,"Vibe Bayswater",BAYSWATER,"(blank)"
"FuelWatch WA","FuelWatchRetail-05-2026.csv","May 17, 2026 @ 10:00:00.000","May 18, 2026 @ 22:00:01.000","120 Beechboro Rd South",Diesel,"6,053","218.9",Vibe,"Vibe Bayswater",BAYSWATER,"(blank)"
"FuelWatch WA","FuelWatchRetail-05-2026.csv","May 17, 2026 @ 10:00:00.000","May 18, 2026 @ 22:00:01.000","120 Beechboro Rd South","98 RON","6,053","203.7",Vibe,"Vibe Bayswater",BAYSWATER,"(blank)"
"FuelWatch WA","FuelWatchRetail-05-2026.csv","May 17, 2026 @ 10:00:00.000","May 18, 2026 @ 22:00:01.000","495 Beechboro Rd North",Diesel,"6,063","204.9",Vibe,"Vibe Beechboro",BEECHBORO,"(blank)"
"FuelWatch WA","FuelWatchRetail-05-2026.csv","May 17, 2026 @ 10:00:00.000","May 18, 2026 @ 22:00:01.000","375 Bussell Hwy",Diesel,"6,280","225.7",Vibe,"Vibe Broadwater",BROADWATER,"(blank)"
"FuelWatch WA","FuelWatchRetail-05-2026.csv","May 17, 2026 @ 10:00:00.000","May 18, 2026 @ 22:00:01.000","2533 Great Northern Hwy",PULP,"6,084","188.7",Vibe,"Vibe Bullsbrook",BULLSBROOK,"(blank)"
"FuelWatch WA","FuelWatchRetail-05-2026.csv","May 17, 2026 @ 10:00:00.000","May 18, 2026 @ 22:00:01.000","1769 Neaves Rd",ULP,"6,084","169.3",Vibe,"Vibe Bullsbrook Northlink",BULLSBROOK,"(blank)"
"FuelWatch WA","FuelWatchRetail-05-2026.csv","May 17, 2026 @ 10:00:00.000","May 18, 2026 @ 22:00:01.000","1769 Neaves Rd","Brand Diesel","6,084","224.7",Vibe,"Vibe Bullsbrook Northlink",BULLSBROOK,"(blank)"
"FuelWatch WA","FuelWatchRetail-05-2026.csv","May 17, 2026 @ 10:00:00.000","May 18, 2026 @ 22:00:01.000","42 Strickland St",ULP,"6,230","175.7",Vibe,"Vibe Bunbury Central",BUNBURY,"(blank)"
"FuelWatch WA","FuelWatchRetail-05-2026.csv","May 17, 2026 @ 10:00:00.000","May 18, 2026 @ 22:00:01.000","302 Blair St",ULP,"6,230","175.7",Vibe,"Vibe Bunbury South","SOUTH BUNBURY","(blank)"
"FuelWatch WA","FuelWatchRetail-05-2026.csv","May 17, 2026 @ 10:00:00.000","May 18, 2026 @ 22:00:01.000","868 South Western Hwy",ULP,"6,122","168.7",Vibe,"Vibe Byford",BYFORD,"(blank)"
"FuelWatch WA","FuelWatchRetail-05-2026.csv","May 17, 2026 @ 10:00:00.000","May 18, 2026 @ 22:00:01.000","868 South Western Hwy",Diesel,"6,122","218.7",Vibe,"Vibe Byford",BYFORD,"(blank)"
"FuelWatch WA","FuelWatchRetail-05-2026.csv","May 17, 2026 @ 10:00:00.000","May 18, 2026 @ 22:00:01.000","868 South Western Hwy","98 RON","6,122","194.7",Vibe,"Vibe Byford",BYFORD,"(blank)"
"FuelWatch WA","FuelWatchRetail-05-2026.csv","May 17, 2026 @ 10:00:00.000","May 18, 2026 @ 22:00:01.000","6 Birnam Rd",ULP,"6,155","169.7",Vibe,"Vibe Canning Vale","CANNING VALE","(blank)"
"FuelWatch WA","FuelWatchRetail-05-2026.csv","May 17, 2026 @ 10:00:00.000","May 18, 2026 @ 22:00:01.000","6 Birnam Rd","Brand Diesel","6,155","215.7",Vibe,"Vibe Canning Vale","CANNING VALE","(blank)"
"FuelWatch WA","FuelWatchRetail-05-2026.csv","May 17, 2026 @ 10:00:00.000","May 18, 2026 @ 22:00:01.000","427 Charles St","98 RON","6,006","200.7",Vibe,"Vibe Charles St","NORTH PERTH","(blank)"
"FuelWatch WA","FuelWatchRetail-05-2026.csv","May 17, 2026 @ 10:00:00.000","May 18, 2026 @ 22:00:01.000","45 South Western Hwy","98 RON","6,239","208.7",Vibe,"Vibe Donnybrook",DONNYBROOK,"(blank)"
"FuelWatch WA","FuelWatchRetail-05-2026.csv","May 17, 2026 @ 10:00:00.000","May 18, 2026 @ 22:00:01.000","159 Milner Rd",PULP,"6,058","184.3",Vibe,"Vibe Forrestfield",FORRESTFIELD,"(blank)"
"FuelWatch WA","FuelWatchRetail-05-2026.csv","May 17, 2026 @ 10:00:00.000","May 18, 2026 @ 22:00:01.000","114 Rockingham Rd",ULP,"6,163","173.7",Vibe,"Vibe Hamilton Hill","HAMILTON HILL","(blank)"
"FuelWatch WA","FuelWatchRetail-05-2026.csv","May 17, 2026 @ 10:00:00.000","May 18, 2026 @ 22:00:01.000","46 South Western Hwy",Diesel,"6,220","229.7",Vibe,"Vibe Harvey",HARVEY,"(blank)"
"FuelWatch WA","FuelWatchRetail-05-2026.csv","May 17, 2026 @ 10:00:00.000","May 18, 2026 @ 22:00:01.000","630 Karel Ave",ULP,"6,164","169.7",Vibe,"Vibe Jandakot",JANDAKOT,"(blank)"
"FuelWatch WA","FuelWatchRetail-05-2026.csv","May 17, 2026 @ 10:00:00.000","May 18, 2026 @ 22:00:01.000","630 Karel Ave",PULP,"6,164","184.7",Vibe,"Vibe Jandakot",JANDAKOT,"(blank)"
"FuelWatch WA","FuelWatchRetail-05-2026.csv","May 17, 2026 @ 10:00:00.000","May 18, 2026 @ 22:00:01.000","630 Karel Ave",Diesel,"6,164","218.7",Vibe,"Vibe Jandakot",JANDAKOT,"(blank)"
"FuelWatch WA","FuelWatchRetail-05-2026.csv","May 17, 2026 @ 10:00:00.000","May 18, 2026 @ 22:00:01.000","630 Karel Ave","Brand Diesel","6,164","224.7",Vibe,"Vibe Jandakot",JANDAKOT,"(blank)"
"FuelWatch WA","FuelWatchRetail-05-2026.csv","May 17, 2026 @ 10:00:00.000","May 18, 2026 @ 22:00:01.000","630 Karel Ave","98 RON","6,164","195.7",Vibe,"Vibe Jandakot",JANDAKOT,"(blank)"
"FuelWatch WA","FuelWatchRetail-05-2026.csv","May 17, 2026 @ 10:00:00.000","May 18, 2026 @ 22:00:01.000","7 Mead St","98 RON","6,076","195.7",Vibe,"Vibe Kalamunda",KALAMUNDA,"(blank)"
"FuelWatch WA","FuelWatchRetail-05-2026.csv","May 17, 2026 @ 10:00:00.000","May 18, 2026 @ 22:00:01.000","Cnr Mandurah Rd & Beach St",ULP,"6,167","169.3",Vibe,"Vibe Kwinana OPT","KWINANA BEACH","(blank)"
"FuelWatch WA","FuelWatchRetail-05-2026.csv","May 17, 2026 @ 10:00:00.000","May 18, 2026 @ 22:00:01.000","6 Chisham Ave","98 RON","6,167","195.9",Vibe,"Vibe Kwinana Town Centre","KWINANA TOWN CENTRE","(blank)"
"FuelWatch WA","FuelWatchRetail-05-2026.csv","May 17, 2026 @ 10:00:00.000","May 18, 2026 @ 22:00:01.000","2 Rafferty Rd",ULP,"6,210","175.7",Vibe,"Vibe Mandurah",MANDURAH,"(blank)"
"FuelWatch WA","FuelWatchRetail-05-2026.csv","May 17, 2026 @ 10:00:00.000","May 18, 2026 @ 22:00:01.000","430 Morley Dr",Diesel,"6,062","219.7",Vibe,"Vibe Morley",MORLEY,"(blank)"
"FuelWatch WA","FuelWatchRetail-05-2026.csv","May 17, 2026 @ 10:00:00.000","May 18, 2026 @ 22:00:01.000","430 Morley Dr","98 RON","6,062","195.7",Vibe,"Vibe Morley",MORLEY,"(blank)"
"FuelWatch WA","FuelWatchRetail-05-2026.csv","May 17, 2026 @ 10:00:00.000","May 18, 2026 @ 22:00:01.000","1 Pinnacle Dr",Diesel,"6,031","208.9",Vibe,"Vibe Neerabup",NEERABUP,"(blank)"
"FuelWatch WA","FuelWatchRetail-05-2026.csv","May 17, 2026 @ 10:00:00.000","May 18, 2026 @ 22:00:01.000","1 Pinnacle Dr","98 RON","6,031","199.3",Vibe,"Vibe Neerabup",NEERABUP,"(blank)"
"FuelWatch WA","FuelWatchRetail-05-2026.csv","May 17, 2026 @ 10:00:00.000","May 18, 2026 @ 22:00:01.000","66 Sylvia St",PULP,"6,061","183.9",Vibe,"Vibe Nollamara",NOLLAMARA,"(blank)"
"FuelWatch WA","FuelWatchRetail-05-2026.csv","May 17, 2026 @ 10:00:00.000","May 18, 2026 @ 22:00:01.000","66 Sylvia St",Diesel,"6,061","218.9",Vibe,"Vibe Nollamara",NOLLAMARA,"(blank)"
"FuelWatch WA","FuelWatchRetail-05-2026.csv","May 17, 2026 @ 10:00:00.000","May 18, 2026 @ 22:00:01.000","1780 Thomas Rd",PULP,"6,121","178.9",Vibe,"Vibe Oakford Truckstop",OAKFORD,"(blank)"
"FuelWatch WA","FuelWatchRetail-05-2026.csv","May 17, 2026 @ 10:00:00.000","May 18, 2026 @ 22:00:01.000","1780 Thomas Rd",Diesel,"6,121","195.9",Vibe,"Vibe Oakford Truckstop",OAKFORD,"(blank)"
"FuelWatch WA","FuelWatchRetail-05-2026.csv","May 17, 2026 @ 10:00:00.000","May 18, 2026 @ 22:00:01.000","386 Nicholson Rd",PULP,"6,112","184.3",Vibe,"Vibe Piara Waters","PIARA WATERS","(blank)"
"FuelWatch WA","FuelWatchRetail-05-2026.csv","May 17, 2026 @ 10:00:00.000","May 18, 2026 @ 22:00:01.000","58 George St",ULP,"6,208","168.3",Vibe,"Vibe Pinjarra",PINJARRA,"(blank)"
"FuelWatch WA","FuelWatchRetail-05-2026.csv","May 17, 2026 @ 10:00:00.000","May 18, 2026 @ 22:00:01.000","58 George St",Diesel,"6,208","212.9",Vibe,"Vibe Pinjarra",PINJARRA,"(blank)"
"FuelWatch WA","FuelWatchRetail-05-2026.csv","May 17, 2026 @ 10:00:00.000","May 18, 2026 @ 22:00:01.000","6947 South Western Hwy",ULP,"6,214","179.7",Vibe,"Vibe Placid Ark Roadhouse",COOLUP,"(blank)"
"FuelWatch WA","FuelWatchRetail-05-2026.csv","May 17, 2026 @ 10:00:00.000","May 18, 2026 @ 22:00:01.000","6947 South Western Hwy",Diesel,"6,214","212.9",Vibe,"Vibe Placid Ark Roadhouse",COOLUP,"(blank)"
"FuelWatch WA","FuelWatchRetail-05-2026.csv","May 17, 2026 @ 10:00:00.000","May 18, 2026 @ 22:00:01.000","367 Caves Rd","98 RON","6,280","195.3",Vibe,"Vibe Siesta Park",KEALY,"(blank)"
"FuelWatch WA","FuelWatchRetail-05-2026.csv","May 17, 2026 @ 10:00:00.000","May 18, 2026 @ 22:00:01.000","333 Rockingham Rd",Diesel,"6,163","208.7",Vibe,"Vibe Spearwood",SPEARWOOD,"(blank)"
"FuelWatch WA","FuelWatchRetail-05-2026.csv","May 17, 2026 @ 10:00:00.000","May 18, 2026 @ 22:00:01.000","2086 Toodyay Rd",Diesel,"6,083","213.7",Vibe,"Vibe Toodyay Rd",GIDGEGANNUP,"(blank)"
"FuelWatch WA","FuelWatchRetail-05-2026.csv","May 17, 2026 @ 10:00:00.000","May 18, 2026 @ 22:00:01.000","157 Grand Ent",PULP,"6,233","196.7",Vibe,"Vibe Treendale",AUSTRALIND,"(blank)"
"FuelWatch WA","FuelWatchRetail-05-2026.csv","May 17, 2026 @ 10:00:00.000","May 18, 2026 @ 22:00:01.000","157 Grand Ent","98 RON","6,233","207.7",Vibe,"Vibe Treendale",AUSTRALIND,"(blank)"
"FuelWatch WA","FuelWatchRetail-05-2026.csv","May 17, 2026 @ 10:00:00.000","May 18, 2026 @ 22:00:01.000","1447 Great Northern Hwy",PULP,"6,069","193.7",Vibe,"Vibe Upper Swan","UPPER SWAN","(blank)"
"FuelWatch WA","FuelWatchRetail-05-2026.csv","May 17, 2026 @ 10:00:00.000","May 18, 2026 @ 22:00:01.000","1447 Great Northern Hwy",Diesel,"6,069","206.9",Vibe,"Vibe Upper Swan","UPPER SWAN","(blank)"
"FuelWatch WA","FuelWatchRetail-05-2026.csv","May 17, 2026 @ 10:00:00.000","May 18, 2026 @ 22:00:01.000","1447 Great Northern Hwy","98 RON","6,069","204.7",Vibe,"Vibe Upper Swan","UPPER SWAN","(blank)"
"FuelWatch WA","FuelWatchRetail-05-2026.csv","May 17, 2026 @ 10:00:00.000","May 18, 2026 @ 22:00:01.000","964 Wanneroo Rd",ULP,"6,065","169.3",Vibe,"Vibe Wanneroo",WANNEROO,"(blank)"
"FuelWatch WA","FuelWatchRetail-05-2026.csv","May 17, 2026 @ 10:00:00.000","May 18, 2026 @ 22:00:01.000","964 Wanneroo Rd",Diesel,"6,065","201.7",Vibe,"Vibe Wanneroo",WANNEROO,"(blank)"
"FuelWatch WA","FuelWatchRetail-05-2026.csv","May 17, 2026 @ 10:00:00.000","May 18, 2026 @ 22:00:01.000","89 South Western Hwy","98 RON","6,215","205.7",Vibe,"Vibe Waroona",WAROONA,"(blank)"
"FuelWatch WA","FuelWatchRetail-05-2026.csv","May 17, 2026 @ 10:00:00.000","May 18, 2026 @ 22:00:01.000","124 Welshpool Rd","98 RON","6,106","195.7",Vibe,"Vibe Welshpool",WELSHPOOL,"(blank)"
"FuelWatch WA","FuelWatchRetail-05-2026.csv","May 17, 2026 @ 10:00:00.000","May 18, 2026 @ 22:00:01.000","10428 Bussell Hwy",ULP,"6,286","188.9",Vibe,"Vibe Witchcliffe",WITCHCLIFFE,"(blank)"
"FuelWatch WA","FuelWatchRetail-05-2026.csv","May 17, 2026 @ 10:00:00.000","May 18, 2026 @ 22:00:01.000","10428 Bussell Hwy",Diesel,"6,286","232.9",Vibe,"Vibe Witchcliffe",WITCHCLIFFE,"(blank)"
"FuelWatch WA","FuelWatchRetail-05-2026.csv","May 17, 2026 @ 10:00:00.000","May 18, 2026 @ 22:00:01.000","1031 Mardie Rd",Diesel,"6,714","259.9","WA Fuels","WA Fuel Karratha","KARRATHA INDUSTRIAL ESTATE","(blank)"
"FuelWatch WA","FuelWatchRetail-05-2026.csv","May 17, 2026 @ 10:00:00.000","May 18, 2026 @ 22:00:01.000","44 Mandurah Rd",Diesel,"6,167","212.9","WA Fuels","WA Fuel Kwinana Beach","KWINANA BEACH","(blank)"
"FuelWatch WA","FuelWatchRetail-05-2026.csv","May 17, 2026 @ 10:00:00.000","May 18, 2026 @ 22:00:01.000","54 Wetherell St",Diesel,"6,258","236.9","WA Fuels","WA Fuel Manjimup",MANJIMUP,"(blank)"
"FuelWatch WA","FuelWatchRetail-05-2026.csv","May 17, 2026 @ 10:00:00.000","May 18, 2026 @ 22:00:01.000","2 Kalamunda Rd",Diesel,"6,055","212.9","WA Fuels","WA Fuel South Guildford","SOUTH GUILDFORD","(blank)"
"FuelWatch WA","FuelWatchRetail-05-2026.csv","May 17, 2026 @ 10:00:00.000","May 18, 2026 @ 22:00:01.000","1 Evans Rd",ULP,"6,528",218,Independent,"Walkaway General Store",WALKAWAY,"(blank)"
"FuelWatch WA","FuelWatchRetail-05-2026.csv","May 17, 2026 @ 10:00:00.000","May 18, 2026 @ 22:00:01.000","10 Nockolds St",ULP,"6,398",198,Ampol,"Walpole IGA Pioneer Store",WALPOLE,"(blank)"
"FuelWatch WA","FuelWatchRetail-05-2026.csv","May 17, 2026 @ 10:00:00.000","May 18, 2026 @ 22:00:01.000","10 Nockolds St",Diesel,"6,398",265,Ampol,"Walpole IGA Pioneer Store",WALPOLE,"(blank)"
"FuelWatch WA","FuelWatchRetail-05-2026.csv","May 17, 2026 @ 10:00:00.000","May 18, 2026 @ 22:00:01.000","Warakurna Rd",Diesel,872,428,BP,"Warakurna Roadhouse",WARAKURNA,"(blank)"
"FuelWatch WA","FuelWatchRetail-05-2026.csv","May 17, 2026 @ 10:00:00.000","May 18, 2026 @ 22:00:01.000","LOT 9 GREAT CENTRAL RD",Diesel,"6,431",428,BP,"Warburton Roadhouse",WARBURTON,"(blank)"
"FuelWatch WA","FuelWatchRetail-05-2026.csv","May 17, 2026 @ 10:00:00.000","May 18, 2026 @ 22:00:01.000","Great Northern Hwy",ULP,"6,743",333,Mogas,"Warmun Roadhouse",WARMUN,"(blank)"
"FuelWatch WA","FuelWatchRetail-05-2026.csv","May 17, 2026 @ 10:00:00.000","May 18, 2026 @ 22:00:01.000","32 South Western Hwy","98 RON","6,215","281.9",Caltex,"Waroona Roadhouse",WAROONA,"(blank)"
"FuelWatch WA","FuelWatchRetail-05-2026.csv","May 17, 2026 @ 10:00:00.000","May 18, 2026 @ 22:00:01.000","54 George St",ULP,"6,513","210.9",BP,"Watheroo Rural Traders",WATHEROO,"(blank)"
"FuelWatch WA","FuelWatchRetail-05-2026.csv","May 17, 2026 @ 10:00:00.000","May 18, 2026 @ 22:00:01.000","19 McPherson St","98 RON","6,359",235,Independent,"Waveline Tyres",HYDEN,"(blank)"
"FuelWatch WA","FuelWatchRetail-05-2026.csv","May 17, 2026 @ 10:00:00.000","May 18, 2026 @ 22:00:01.000","209 Harbour Rd (entrance via Fairfield St)",Diesel,"6,450","218.9",Shell,"WFG Shell Esperance OPT",CHADWICK,"(blank)"
"FuelWatch WA","FuelWatchRetail-05-2026.csv","May 17, 2026 @ 10:00:00.000","May 18, 2026 @ 22:00:01.000","Irrunytju Rd",Diesel,872,428,BP,"Wingellina Store",WINGELLINA,"(blank)"
"FuelWatch WA","FuelWatchRetail-05-2026.csv","May 17, 2026 @ 10:00:00.000","May 18, 2026 @ 22:00:01.000","Great Northern Hwy",ULP,"6,743",333,Mogas,"Wungkul Community Store",WARMUN,"(blank)"
"FuelWatch WA","FuelWatchRetail-05-2026.csv","May 17, 2026 @ 10:00:00.000","May 18, 2026 @ 22:00:01.000","58 Montana Cres",ULP,"6,038","169.5","X Convenience","X Convenience Alkimos",ALKIMOS,"(blank)"
"FuelWatch WA","FuelWatchRetail-05-2026.csv","May 17, 2026 @ 10:00:00.000","May 18, 2026 @ 22:00:01.000","58 Montana Cres","Brand Diesel","6,038","219.9","X Convenience","X Convenience Alkimos",ALKIMOS,"(blank)"
"FuelWatch WA","FuelWatchRetail-05-2026.csv","May 17, 2026 @ 10:00:00.000","May 18, 2026 @ 22:00:01.000","2 Wattleglen Ave","98 RON","6,210","195.5","X Convenience","X Convenience Erskine",ERSKINE,"(blank)"
"FuelWatch WA","FuelWatchRetail-05-2026.csv","May 17, 2026 @ 10:00:00.000","May 18, 2026 @ 22:00:01.000","Nyinyijarta Rd",ULP,"6,728",410,Independent,"Yakanarra Community Store","ST GEORGE RANGES","(blank)"
"FuelWatch WA","FuelWatchRetail-05-2026.csv","May 17, 2026 @ 10:00:00.000","May 18, 2026 @ 22:00:01.000","19 Station St",ULP,"6,330",197,BP,"Youngs Siding General Store","YOUNGS SIDING","(blank)"
"FuelWatch WA","FuelWatchRetail-05-2026.csv","May 17, 2026 @ 10:00:00.000","May 18, 2026 @ 22:00:01.000","31 South Western Hwy",ULP,"6,208","195.9",United,"53 Mile Roadhouse",PINJARRA,"(blank)"
"FuelWatch WA","FuelWatchRetail-05-2026.csv","May 17, 2026 @ 10:00:00.000","May 18, 2026 @ 22:00:01.000","10 Carlsbad Prom","Brand Diesel","6,038","221.9","7-Eleven","7-Eleven Alkimos",ALKIMOS,"(blank)"
"FuelWatch WA","FuelWatchRetail-05-2026.csv","May 17, 2026 @ 10:00:00.000","May 18, 2026 @ 22:00:01.000","194 Great Eastern Hwy",ULP,"6,104","175.9","7-Eleven","7-Eleven Ascot",ASCOT,"(blank)"
"FuelWatch WA","FuelWatchRetail-05-2026.csv","May 17, 2026 @ 10:00:00.000","May 18, 2026 @ 22:00:01.000","194 Great Eastern Hwy","Brand Diesel","6,104","229.9","7-Eleven","7-Eleven Ascot",ASCOT,"(blank)"
"FuelWatch WA","FuelWatchRetail-05-2026.csv","May 17, 2026 @ 10:00:00.000","May 18, 2026 @ 22:00:01.000","174 Balcatta Rd",PULP,"6,021","192.9","7-Eleven","7-Eleven Balcatta",BALCATTA,"(blank)"
"FuelWatch WA","FuelWatchRetail-05-2026.csv","May 17, 2026 @ 10:00:00.000","May 18, 2026 @ 22:00:01.000","370 Baldivis Rd",ULP,"6,171","175.9","7-Eleven","7-Eleven Baldivis",BALDIVIS,"(blank)"
"FuelWatch WA","FuelWatchRetail-05-2026.csv","May 17, 2026 @ 10:00:00.000","May 18, 2026 @ 22:00:01.000","370 Baldivis Rd",PULP,"6,171","190.9","7-Eleven","7-Eleven Baldivis",BALDIVIS,"(blank)"
"FuelWatch WA","FuelWatchRetail-05-2026.csv","May 17, 2026 @ 10:00:00.000","May 18, 2026 @ 22:00:01.000","1/300 Joseph Banks Bvd",PULP,"6,031","190.9","7-Eleven","7-Eleven Banksia Grove","BANKSIA GROVE","(blank)"
"FuelWatch WA","FuelWatchRetail-05-2026.csv","May 17, 2026 @ 10:00:00.000","May 18, 2026 @ 22:00:01.000","1/300 Joseph Banks Bvd","98 RON","6,031","198.9","7-Eleven","7-Eleven Banksia Grove","BANKSIA GROVE","(blank)"
"FuelWatch WA","FuelWatchRetail-05-2026.csv","May 17, 2026 @ 10:00:00.000","May 18, 2026 @ 22:00:01.000","302-318 Collier Rd",PULP,"6,054","189.9","7-Eleven","7-Eleven Bassendean",BASSENDEAN,"(blank)"
"FuelWatch WA","FuelWatchRetail-05-2026.csv","May 17, 2026 @ 10:00:00.000","May 18, 2026 @ 22:00:01.000","1133-1135 Albany Hwy","Brand Diesel","6,102","229.9","7-Eleven","7-Eleven Bentley",BENTLEY,"(blank)"
"FuelWatch WA","FuelWatchRetail-05-2026.csv","May 17, 2026 @ 10:00:00.000","May 18, 2026 @ 22:00:01.000","8D Picton Rd",PULP,"6,230","194.9","7-Eleven","7-Eleven Bunbury East","EAST BUNBURY","(blank)"
"FuelWatch WA","FuelWatchRetail-05-2026.csv","May 17, 2026 @ 10:00:00.000","May 18, 2026 @ 22:00:01.000","8D Picton Rd","Brand Diesel","6,230","229.9","7-Eleven","7-Eleven Bunbury East","EAST BUNBURY","(blank)"
"FuelWatch WA","FuelWatchRetail-05-2026.csv","May 17, 2026 @ 10:00:00.000","May 18, 2026 @ 22:00:01.000","81-93 West St",ULP,"6,280","179.9","7-Eleven","7-Eleven Busselton",BUSSELTON,"(blank)"
"FuelWatch WA","FuelWatchRetail-05-2026.csv","May 17, 2026 @ 10:00:00.000","May 18, 2026 @ 22:00:01.000","25 Abernethy Rd",PULP,"6,122","190.9","7-Eleven","7-Eleven Byford South",BYFORD,"(blank)"
"FuelWatch WA","FuelWatchRetail-05-2026.csv","May 17, 2026 @ 10:00:00.000","May 18, 2026 @ 22:00:01.000","232 Orrong Rd",ULP,"6,101","175.9","7-Eleven","7-Eleven Carlisle",CARLISLE,"(blank)"
"FuelWatch WA","FuelWatchRetail-05-2026.csv","May 17, 2026 @ 10:00:00.000","May 18, 2026 @ 22:00:01.000","2131 West Swan Rd",PULP,"6,055","190.9","7-Eleven","7-Eleven Caversham",CAVERSHAM,"(blank)"
"FuelWatch WA","FuelWatchRetail-05-2026.csv","May 17, 2026 @ 10:00:00.000","May 18, 2026 @ 22:00:01.000","2131 West Swan Rd","98 RON","6,055","198.9","7-Eleven","7-Eleven Caversham",CAVERSHAM,"(blank)"
"FuelWatch WA","FuelWatchRetail-05-2026.csv","May 17, 2026 @ 10:00:00.000","May 18, 2026 @ 22:00:01.000","19 Neerabup Dr",PULP,"6,030","192.9","7-Eleven","7-Eleven Clarkson",CLARKSON,"(blank)"
"FuelWatch WA","FuelWatchRetail-05-2026.csv","May 17, 2026 @ 10:00:00.000","May 18, 2026 @ 22:00:01.000","19 Neerabup Dr","98 RON","6,030","200.9","7-Eleven","7-Eleven Clarkson",CLARKSON,"(blank)"
"FuelWatch WA","FuelWatchRetail-05-2026.csv","May 17, 2026 @ 10:00:00.000","May 18, 2026 @ 22:00:01.000","814 North Lake Rd","Brand Diesel","6,164","218.9","7-Eleven","7-Eleven Cockburn Central","COCKBURN CENTRAL","(blank)"
"FuelWatch WA","FuelWatchRetail-05-2026.csv","May 17, 2026 @ 10:00:00.000","May 18, 2026 @ 22:00:01.000","814 North Lake Rd","98 RON","6,164","196.9","7-Eleven","7-Eleven Cockburn Central","COCKBURN CENTRAL","(blank)"
"FuelWatch WA","FuelWatchRetail-05-2026.csv","May 17, 2026 @ 10:00:00.000","May 18, 2026 @ 22:00:01.000","51 Tiffany Ctr","98 RON","6,230","202.9","7-Eleven","7-Eleven Dalyellup",DALYELLUP,"(blank)"
"FuelWatch WA","FuelWatchRetail-05-2026.csv","May 17, 2026 @ 10:00:00.000","May 18, 2026 @ 22:00:01.000","100 Commonage Rd",ULP,"6,281","189.9","7-Eleven","7-Eleven Dunsborough",DUNSBOROUGH,"(blank)"
"FuelWatch WA","FuelWatchRetail-05-2026.csv","May 17, 2026 @ 10:00:00.000","May 18, 2026 @ 22:00:01.000","15 Albatross Cres",ULP,"6,232","179.9","7-Eleven","7-Eleven Eaton",EATON,"(blank)"
"FuelWatch WA","FuelWatchRetail-05-2026.csv","May 17, 2026 @ 10:00:00.000","May 18, 2026 @ 22:00:01.000","Cnr Main St & Pinaster Pde","Brand Diesel","6,069","229.9","7-Eleven","7-Eleven Ellenbrook Central",ELLENBROOK,"(blank)"
"FuelWatch WA","FuelWatchRetail-05-2026.csv","May 17, 2026 @ 10:00:00.000","May 18, 2026 @ 22:00:01.000","Cnr Main St & Pinaster Pde","98 RON","6,069","198.9","7-Eleven","7-Eleven Ellenbrook Central",ELLENBROOK,"(blank)"
"FuelWatch WA","FuelWatchRetail-05-2026.csv","May 17, 2026 @ 10:00:00.000","May 18, 2026 @ 22:00:01.000","2 Haydock St","98 RON","6,112","198.9","7-Eleven","7-Eleven Forrestdale",FORRESTDALE,"(blank)"
"FuelWatch WA","FuelWatchRetail-05-2026.csv","May 17, 2026 @ 10:00:00.000","May 18, 2026 @ 22:00:01.000","215 Flores Rd","Brand Diesel","6,530","229.9","7-Eleven","7-Eleven Geraldton North",SPALDING,"(blank)"
"FuelWatch WA","FuelWatchRetail-05-2026.csv","May 17, 2026 @ 10:00:00.000","May 18, 2026 @ 22:00:01.000","52 Thundelarra Dr",ULP,"6,174","171.9","7-Eleven","7-Eleven Golden Bay","GOLDEN BAY","(blank)"
"FuelWatch WA","FuelWatchRetail-05-2026.csv","May 17, 2026 @ 10:00:00.000","May 18, 2026 @ 22:00:01.000","52 Thundelarra Dr",PULP,"6,174","186.9","7-Eleven","7-Eleven Golden Bay","GOLDEN BAY","(blank)"
"FuelWatch WA","FuelWatchRetail-05-2026.csv","May 17, 2026 @ 10:00:00.000","May 18, 2026 @ 22:00:01.000","303 Corfield St",ULP,"6,110","175.9","7-Eleven","7-Eleven Gosnells",GOSNELLS,"(blank)"
"FuelWatch WA","FuelWatchRetail-05-2026.csv","May 17, 2026 @ 10:00:00.000","May 18, 2026 @ 22:00:01.000","1 Eaglemont St","98 RON","6,210","198.9","7-Eleven","7-Eleven Greenfields",GREENFIELDS,"(blank)"
"FuelWatch WA","FuelWatchRetail-05-2026.csv","May 17, 2026 @ 10:00:00.000","May 18, 2026 @ 22:00:01.000","13 Lakes Rd","Brand Diesel","6,210","226.9","7-Eleven","7-Eleven Greenfields South",GREENFIELDS,"(blank)"
"FuelWatch WA","FuelWatchRetail-05-2026.csv","May 17, 2026 @ 10:00:00.000","May 18, 2026 @ 22:00:01.000","120 Yellowwood Ave",ULP,"6,112","175.9","7-Eleven","7-Eleven Harrisdale",HARRISDALE,"(blank)"
"FuelWatch WA","FuelWatchRetail-05-2026.csv","May 17, 2026 @ 10:00:00.000","May 18, 2026 @ 22:00:01.000","120 Yellowwood Ave","98 RON","6,112","198.9","7-Eleven","7-Eleven Harrisdale",HARRISDALE,"(blank)"
"FuelWatch WA","FuelWatchRetail-05-2026.csv","May 17, 2026 @ 10:00:00.000","May 18, 2026 @ 22:00:01.000","1256 Armadale Rd",ULP,"6,112","177.9","7-Eleven","7-Eleven Haynes",ARMADALE,"(blank)"
"FuelWatch WA","FuelWatchRetail-05-2026.csv","May 17, 2026 @ 10:00:00.000","May 18, 2026 @ 22:00:01.000","1256 Armadale Rd",PULP,"6,112","192.9","7-Eleven","7-Eleven Haynes",ARMADALE,"(blank)"
"FuelWatch WA","FuelWatchRetail-05-2026.csv","May 17, 2026 @ 10:00:00.000","May 18, 2026 @ 22:00:01.000","1256 Armadale Rd","Brand Diesel","6,112","223.9","7-Eleven","7-Eleven Haynes",ARMADALE,"(blank)"
"FuelWatch WA","FuelWatchRetail-05-2026.csv","May 17, 2026 @ 10:00:00.000","May 18, 2026 @ 22:00:01.000","8 Buick Way","Brand Diesel","6,027","229.9","7-Eleven","7-Eleven Joondalup",JOONDALUP,"(blank)"
"FuelWatch WA","FuelWatchRetail-05-2026.csv","May 17, 2026 @ 10:00:00.000","May 18, 2026 @ 22:00:01.000","1 South St","Brand Diesel","6,163","229.9","7-Eleven","7-Eleven Kardinya",KARDINYA,"(blank)"
"FuelWatch WA","FuelWatchRetail-05-2026.csv","May 17, 2026 @ 10:00:00.000","May 18, 2026 @ 22:00:01.000","105 Champion Dr",PULP,"6,111","191.9","7-Eleven","7-Eleven Kelmscott",KELMSCOTT,"(blank)"
"FuelWatch WA","FuelWatchRetail-05-2026.csv","May 17, 2026 @ 10:00:00.000","May 18, 2026 @ 22:00:01.000","105 Champion Dr","Brand Diesel","6,111","229.9","7-Eleven","7-Eleven Kelmscott",KELMSCOTT,"(blank)"
"FuelWatch WA","FuelWatchRetail-05-2026.csv","May 17, 2026 @ 10:00:00.000","May 18, 2026 @ 22:00:01.000","105 Champion Dr","98 RON","6,111","199.9","7-Eleven","7-Eleven Kelmscott",KELMSCOTT,"(blank)"
"FuelWatch WA","FuelWatchRetail-05-2026.csv","May 17, 2026 @ 10:00:00.000","May 18, 2026 @ 22:00:01.000","4 Church St","Brand Diesel","6,111","227.9","7-Eleven","7-Eleven Kelmscott Central",KELMSCOTT,"(blank)"
"FuelWatch WA","FuelWatchRetail-05-2026.csv","May 17, 2026 @ 10:00:00.000","May 18, 2026 @ 22:00:01.000","8 Mullingar Way",ULP,"6,065","173.9","7-Eleven","7-Eleven Landsdale",LANDSDALE,"(blank)"
"FuelWatch WA","FuelWatchRetail-05-2026.csv","May 17, 2026 @ 10:00:00.000","May 18, 2026 @ 22:00:01.000","650 Marshall Rd",PULP,"6,090","190.9","7-Eleven","7-Eleven Malaga",MALAGA,"(blank)"
"FuelWatch WA","FuelWatchRetail-05-2026.csv","May 17, 2026 @ 10:00:00.000","May 18, 2026 @ 22:00:01.000","650 Marshall Rd","98 RON","6,090","198.9","7-Eleven","7-Eleven Malaga",MALAGA,"(blank)"
"FuelWatch WA","FuelWatchRetail-05-2026.csv","May 17, 2026 @ 10:00:00.000","May 18, 2026 @ 22:00:01.000","324 The Broadway",ULP,"6,069","175.9","7-Eleven","7-Eleven Malvern Springs",ELLENBROOK,"(blank)"
"FuelWatch WA","FuelWatchRetail-05-2026.csv","May 17, 2026 @ 10:00:00.000","May 18, 2026 @ 22:00:01.000","296 Pinjarra Rd","Brand Diesel","6,210","223.9","7-Eleven","7-Eleven Mandurah",MANDURAH,"(blank)"
"FuelWatch WA","FuelWatchRetail-05-2026.csv","May 17, 2026 @ 10:00:00.000","May 18, 2026 @ 22:00:01.000","40-42 Great Northern Hwy",PULP,"6,056","190.9","7-Eleven","7-Eleven Middle Swan","MIDDLE SWAN","(blank)"
"FuelWatch WA","FuelWatchRetail-05-2026.csv","May 17, 2026 @ 10:00:00.000","May 18, 2026 @ 22:00:01.000","235 Welshpool Rd",ULP,"6,107","175.9","7-Eleven","7-Eleven Queens Park","QUEENS PARK","(blank)"
"FuelWatch WA","FuelWatchRetail-05-2026.csv","May 17, 2026 @ 10:00:00.000","May 18, 2026 @ 22:00:01.000","235 Welshpool Rd","98 RON","6,107","198.9","7-Eleven","7-Eleven Queens Park","QUEENS PARK","(blank)"
"FuelWatch WA","FuelWatchRetail-05-2026.csv","May 17, 2026 @ 10:00:00.000","May 18, 2026 @ 22:00:01.000","35 Kilrush Turn",ULP,"6,030","175.9","7-Eleven","7-Eleven Ridgewood",RIDGEWOOD,"(blank)"
"FuelWatch WA","FuelWatchRetail-05-2026.csv","May 17, 2026 @ 10:00:00.000","May 18, 2026 @ 22:00:01.000","35 Kilrush Turn",PULP,"6,030","190.9","7-Eleven","7-Eleven Ridgewood",RIDGEWOOD,"(blank)"
"FuelWatch WA","FuelWatchRetail-05-2026.csv","May 17, 2026 @ 10:00:00.000","May 18, 2026 @ 22:00:01.000","35 Kilrush Turn","Brand Diesel","6,030","225.9","7-Eleven","7-Eleven Ridgewood",RIDGEWOOD,"(blank)"
"FuelWatch WA","FuelWatchRetail-05-2026.csv","May 17, 2026 @ 10:00:00.000","May 18, 2026 @ 22:00:01.000","129 Dixon Rd",PULP,"6,168","192.9","7-Eleven","7-Eleven Rockingham","EAST ROCKINGHAM","(blank)"
"FuelWatch WA","FuelWatchRetail-05-2026.csv","May 17, 2026 @ 10:00:00.000","May 18, 2026 @ 22:00:01.000","129 Dixon Rd","Brand Diesel","6,168","225.9","7-Eleven","7-Eleven Rockingham","EAST ROCKINGHAM","(blank)"
"FuelWatch WA","FuelWatchRetail-05-2026.csv","May 17, 2026 @ 10:00:00.000","May 18, 2026 @ 22:00:01.000","2 Sepia Ct",ULP,"6,168","175.9","7-Eleven","7-Eleven Rockingham Central",ROCKINGHAM,"(blank)"
"FuelWatch WA","FuelWatchRetail-05-2026.csv","May 17, 2026 @ 10:00:00.000","May 18, 2026 @ 22:00:01.000","481 Balfour St",PULP,"6,110","191.9","7-Eleven","7-Eleven Southern River","SOUTHERN RIVER","(blank)"
"FuelWatch WA","FuelWatchRetail-05-2026.csv","May 17, 2026 @ 10:00:00.000","May 18, 2026 @ 22:00:01.000","481 Balfour St","Brand Diesel","6,110","226.9","7-Eleven","7-Eleven Southern River","SOUTHERN RIVER","(blank)"
"FuelWatch WA","FuelWatchRetail-05-2026.csv","May 17, 2026 @ 10:00:00.000","May 18, 2026 @ 22:00:01.000","481 Balfour St","98 RON","6,110","199.9","7-Eleven","7-Eleven Southern River","SOUTHERN RIVER","(blank)"
"FuelWatch WA","FuelWatchRetail-05-2026.csv","May 17, 2026 @ 10:00:00.000","May 18, 2026 @ 22:00:01.000","377 Wanneroo Rd","Brand Diesel","6,021","225.9","7-Eleven","7-Eleven Stirling",BALCATTA,"(blank)"
"FuelWatch WA","FuelWatchRetail-05-2026.csv","May 17, 2026 @ 10:00:00.000","May 18, 2026 @ 22:00:01.000","660 Beeliar Dr",PULP,"6,164","190.9","7-Eleven","7-Eleven Success",SUCCESS,"(blank)"
"FuelWatch WA","FuelWatchRetail-05-2026.csv","May 17, 2026 @ 10:00:00.000","May 18, 2026 @ 22:00:01.000","125 Murdoch Rd",ULP,"6,108","173.9","7-Eleven","7-Eleven Thornlie",THORNLIE,"(blank)"
"FuelWatch WA","FuelWatchRetail-05-2026.csv","May 17, 2026 @ 10:00:00.000","May 18, 2026 @ 22:00:01.000","125 Murdoch Rd","Brand Diesel","6,108","225.9","7-Eleven","7-Eleven Thornlie",THORNLIE,"(blank)"
"FuelWatch WA","FuelWatchRetail-05-2026.csv","May 17, 2026 @ 10:00:00.000","May 18, 2026 @ 22:00:01.000","2 Dunraven Rd",ULP,"6,037","179.9","7-Eleven","7-Eleven Two Rocks","TWO ROCKS","(blank)"
"FuelWatch WA","FuelWatchRetail-05-2026.csv","May 17, 2026 @ 10:00:00.000","May 18, 2026 @ 22:00:01.000","2 Dunraven Rd","Brand Diesel","6,037","225.9","7-Eleven","7-Eleven Two Rocks","TWO ROCKS","(blank)"
"FuelWatch WA","FuelWatchRetail-05-2026.csv","May 17, 2026 @ 10:00:00.000","May 18, 2026 @ 22:00:01.000","2 Dunraven Rd","98 RON","6,037","202.9","7-Eleven","7-Eleven Two Rocks","TWO ROCKS","(blank)"
"FuelWatch WA","FuelWatchRetail-05-2026.csv","May 17, 2026 @ 10:00:00.000","May 18, 2026 @ 22:00:01.000","929-931 Wanneroo Rd",ULP,"6,065","173.9","7-Eleven","7-Eleven Wanneroo South",WANNEROO,"(blank)"
"FuelWatch WA","FuelWatchRetail-05-2026.csv","May 17, 2026 @ 10:00:00.000","May 18, 2026 @ 22:00:01.000","1 Island Queen St","98 RON","6,230","202.9","7-Eleven","7-Eleven Withers",WITHERS,"(blank)"
"FuelWatch WA","FuelWatchRetail-05-2026.csv","May 17, 2026 @ 10:00:00.000","May 18, 2026 @ 22:00:01.000","2 Tamala Lane",PULP,"6,035","192.9","7-Eleven","7-Eleven Yanchep",YANCHEP,"(blank)"
"FuelWatch WA","FuelWatchRetail-05-2026.csv","May 17, 2026 @ 10:00:00.000","May 18, 2026 @ 22:00:01.000","225-227 Albany Hwy",PULP,"6,330","196.9",FuelTech,"AMPM Highway","MOUNT MELVILLE","(blank)"
"FuelWatch WA","FuelWatchRetail-05-2026.csv","May 17, 2026 @ 10:00:00.000","May 18, 2026 @ 22:00:01.000","225-227 Albany Hwy",Diesel,"6,330","225.9",FuelTech,"AMPM Highway","MOUNT MELVILLE","(blank)"
"FuelWatch WA","FuelWatchRetail-05-2026.csv","May 17, 2026 @ 10:00:00.000","May 18, 2026 @ 22:00:01.000","5 Cocos Dr",ULP,"6,163","179.9",Ampol,"Ampol Bibra Lake Diesel Stop","BIBRA LAKE","(blank)"
"FuelWatch WA","FuelWatchRetail-05-2026.csv","May 17, 2026 @ 10:00:00.000","May 18, 2026 @ 22:00:01.000","5 Cocos Dr","98 RON","6,163","206.9",Ampol,"Ampol Bibra Lake Diesel Stop","BIBRA LAKE","(blank)"
"FuelWatch WA","FuelWatchRetail-05-2026.csv","May 17, 2026 @ 10:00:00.000","May 18, 2026 @ 22:00:01.000","21 Coronation Dr",ULP,"6,233","184.9",Ampol,"Ampol Binningup",BINNINGUP,"(blank)"
"FuelWatch WA","FuelWatchRetail-05-2026.csv","May 17, 2026 @ 10:00:00.000","May 18, 2026 @ 22:00:01.000","124 Throssell St",Diesel,"6,225","249.9",Ampol,"Ampol Collie",COLLIE,"(blank)"
"FuelWatch WA","FuelWatchRetail-05-2026.csv","May 17, 2026 @ 10:00:00.000","May 18, 2026 @ 22:00:01.000","124 Throssell St","98 RON","6,225","216.9",Ampol,"Ampol Collie",COLLIE,"(blank)"
"FuelWatch WA","FuelWatchRetail-05-2026.csv","May 17, 2026 @ 10:00:00.000","May 18, 2026 @ 22:00:01.000","10 Austin St",ULP,"6,640","211.8",Ampol,"Ampol Cue Roadhouse",CUE,"(blank)"
"FuelWatch WA","FuelWatchRetail-05-2026.csv","May 17, 2026 @ 10:00:00.000","May 18, 2026 @ 22:00:01.000","10 Austin St",Diesel,"6,640","255.8",Ampol,"Ampol Cue Roadhouse",CUE,"(blank)"
"FuelWatch WA","FuelWatchRetail-05-2026.csv","May 17, 2026 @ 10:00:00.000","May 18, 2026 @ 22:00:01.000","159 Altone Rd",ULP,"6,063","179.9",Ampol,"Ampol Foodary Altone Road",BEECHBORO,"(blank)"
"FuelWatch WA","FuelWatchRetail-05-2026.csv","May 17, 2026 @ 10:00:00.000","May 18, 2026 @ 22:00:01.000","159 Altone Rd","98 RON","6,063","206.9",Ampol,"Ampol Foodary Altone Road",BEECHBORO,"(blank)"
"FuelWatch WA","FuelWatchRetail-05-2026.csv","May 17, 2026 @ 10:00:00.000","May 18, 2026 @ 22:00:01.000","918 Canning Hwy",PULP,"6,153","196.9",Ampol,"Ampol Foodary Applecross",APPLECROSS,"(blank)"
"FuelWatch WA","FuelWatchRetail-05-2026.csv","May 17, 2026 @ 10:00:00.000","May 18, 2026 @ 22:00:01.000","918 Canning Hwy","98 RON","6,153","206.9",Ampol,"Ampol Foodary Applecross",APPLECROSS,"(blank)"
"FuelWatch WA","FuelWatchRetail-05-2026.csv","May 17, 2026 @ 10:00:00.000","May 18, 2026 @ 22:00:01.000","2 Hollosy Way","Brand Diesel","6,065","223.9",Ampol,"Ampol Foodary Ashby",ASHBY,"(blank)"
"FuelWatch WA","FuelWatchRetail-05-2026.csv","May 17, 2026 @ 10:00:00.000","May 18, 2026 @ 22:00:01.000","614 Baldivis Rd","Brand Diesel","6,171","233.9",Ampol,"Ampol Foodary Baldivis",BALDIVIS,"(blank)"
"FuelWatch WA","FuelWatchRetail-05-2026.csv","May 17, 2026 @ 10:00:00.000","May 18, 2026 @ 22:00:01.000","60 Bannister Rd","Brand Diesel","6,155","225.9",Ampol,"Ampol Foodary Bannister Road","CANNING VALE","(blank)"
"FuelWatch WA","FuelWatchRetail-05-2026.csv","May 17, 2026 @ 10:00:00.000","May 18, 2026 @ 22:00:01.000","303 Great Eastern Hwy",PULP,"6,104","196.9",Ampol,"Ampol Foodary Belmont",BELMONT,"(blank)"
"FuelWatch WA","FuelWatchRetail-05-2026.csv","May 17, 2026 @ 10:00:00.000","May 18, 2026 @ 22:00:01.000","303 Great Eastern Hwy","98 RON","6,104","206.9",Ampol,"Ampol Foodary Belmont",BELMONT,"(blank)"
"FuelWatch WA","FuelWatchRetail-05-2026.csv","May 17, 2026 @ 10:00:00.000","May 18, 2026 @ 22:00:01.000","50 Mavis Rd",ULP,"6,725","239.9",Ampol,"Ampol Foodary Broome",BILINGURR,"(blank)"
"FuelWatch WA","FuelWatchRetail-05-2026.csv","May 17, 2026 @ 10:00:00.000","May 18, 2026 @ 22:00:01.000","50 Mavis Rd",PULP,"6,725","256.9",Ampol,"Ampol Foodary Broome",BILINGURR,"(blank)"
"FuelWatch WA","FuelWatchRetail-05-2026.csv","May 17, 2026 @ 10:00:00.000","May 18, 2026 @ 22:00:01.000","1 Forrest Ave",ULP,"6,230","179.9",Ampol,"Ampol Foodary Bunbury",BUNBURY,"(blank)"
"FuelWatch WA","FuelWatchRetail-05-2026.csv","May 17, 2026 @ 10:00:00.000","May 18, 2026 @ 22:00:01.000","1 Forrest Ave",PULP,"6,230","196.9",Ampol,"Ampol Foodary Bunbury",BUNBURY,"(blank)"
"FuelWatch WA","FuelWatchRetail-05-2026.csv","May 17, 2026 @ 10:00:00.000","May 18, 2026 @ 22:00:01.000","1 Forrest Ave","Brand Diesel","6,230","225.9",Ampol,"Ampol Foodary Bunbury",BUNBURY,"(blank)"
"FuelWatch WA","FuelWatchRetail-05-2026.csv","May 17, 2026 @ 10:00:00.000","May 18, 2026 @ 22:00:01.000","1 Forrest Ave","98 RON","6,230","206.9",Ampol,"Ampol Foodary Bunbury",BUNBURY,"(blank)"
"FuelWatch WA","FuelWatchRetail-05-2026.csv","May 17, 2026 @ 10:00:00.000","May 18, 2026 @ 22:00:01.000","115 Strelly St",ULP,"6,280","181.9",Ampol,"Ampol Foodary Busselton",BUSSELTON,"(blank)"
"FuelWatch WA","FuelWatchRetail-05-2026.csv","May 17, 2026 @ 10:00:00.000","May 18, 2026 @ 22:00:01.000","11 Headingly Cr",ULP,"6,036","179.9",Ampol,"Ampol Foodary Butler",BUTLER,"(blank)"
"FuelWatch WA","FuelWatchRetail-05-2026.csv","May 17, 2026 @ 10:00:00.000","May 18, 2026 @ 22:00:01.000","11 Headingly Cr",PULP,"6,036","196.9",Ampol,"Ampol Foodary Butler",BUTLER,"(blank)"
"FuelWatch WA","FuelWatchRetail-05-2026.csv","May 17, 2026 @ 10:00:00.000","May 18, 2026 @ 22:00:01.000","Lot 22 South Western Hwy",ULP,"6,122","179.9",Ampol,"Ampol Foodary Byford",BYFORD,"(blank)"
"FuelWatch WA","FuelWatchRetail-05-2026.csv","May 17, 2026 @ 10:00:00.000","May 18, 2026 @ 22:00:01.000","Lot 22 South Western Hwy","Brand Diesel","6,122","221.9",Ampol,"Ampol Foodary Byford",BYFORD,"(blank)"
"FuelWatch WA","FuelWatchRetail-05-2026.csv","May 17, 2026 @ 10:00:00.000","May 18, 2026 @ 22:00:01.000","1346 Albany Hwy",PULP,"6,107","196.9",Ampol,"Ampol Foodary Cannington",CANNINGTON,"(blank)"
"FuelWatch WA","FuelWatchRetail-05-2026.csv","May 17, 2026 @ 10:00:00.000","May 18, 2026 @ 22:00:01.000","1346 Albany Hwy","Brand Diesel","6,107","226.9",Ampol,"Ampol Foodary Cannington",CANNINGTON,"(blank)"
"FuelWatch WA","FuelWatchRetail-05-2026.csv","May 17, 2026 @ 10:00:00.000","May 18, 2026 @ 22:00:01.000","510 Beach Rd",PULP,"6,020","196.9",Ampol,"Ampol Foodary Carine",CARINE,"(blank)"
"FuelWatch WA","FuelWatchRetail-05-2026.csv","May 17, 2026 @ 10:00:00.000","May 18, 2026 @ 22:00:01.000","510 Beach Rd","Brand Diesel","6,020","229.9",Ampol,"Ampol Foodary Carine",CARINE,"(blank)"
"FuelWatch WA","FuelWatchRetail-05-2026.csv","May 17, 2026 @ 10:00:00.000","May 18, 2026 @ 22:00:01.000","595 Robinson St","Brand Diesel","6,701","262.9",Ampol,"Ampol Foodary Carnarvon",KINGSFORD,"(blank)"
"FuelWatch WA","FuelWatchRetail-05-2026.csv","May 17, 2026 @ 10:00:00.000","May 18, 2026 @ 22:00:01.000","7 Ocean Keys Bvd",ULP,"6,030","179.9",Ampol,"Ampol Foodary Clarkson",CLARKSON,"(blank)"
"FuelWatch WA","FuelWatchRetail-05-2026.csv","May 17, 2026 @ 10:00:00.000","May 18, 2026 @ 22:00:01.000","7 Ocean Keys Bvd","Brand Diesel","6,030","229.9",Ampol,"Ampol Foodary Clarkson",CLARKSON,"(blank)"
"FuelWatch WA","FuelWatchRetail-05-2026.csv","May 17, 2026 @ 10:00:00.000","May 18, 2026 @ 22:00:01.000","875 Beeliar Dr",PULP,"6,164","196.9",Ampol,"Ampol Foodary Cockburn Central",JANDAKOT,"(blank)"
"FuelWatch WA","FuelWatchRetail-05-2026.csv","May 17, 2026 @ 10:00:00.000","May 18, 2026 @ 22:00:01.000","110-114 Bayley St",Diesel,"6,429","256.9",Ampol,"Ampol Foodary Coolgardie",COOLGARDIE,"(blank)"
"FuelWatch WA","FuelWatchRetail-05-2026.csv","May 17, 2026 @ 10:00:00.000","May 18, 2026 @ 22:00:01.000","110-114 Bayley St","98 RON","6,429","246.9",Ampol,"Ampol Foodary Coolgardie",COOLGARDIE,"(blank)"
"FuelWatch WA","FuelWatchRetail-05-2026.csv","May 17, 2026 @ 10:00:00.000","May 18, 2026 @ 22:00:01.000","191 Bailey Bvd",ULP,"6,211","179.9",Ampol,"Ampol Foodary Dawesville",DAWESVILLE,"(blank)"
"FuelWatch WA","FuelWatchRetail-05-2026.csv","May 17, 2026 @ 10:00:00.000","May 18, 2026 @ 22:00:01.000","191 Bailey Bvd",PULP,"6,211","196.9",Ampol,"Ampol Foodary Dawesville",DAWESVILLE,"(blank)"
"FuelWatch WA","FuelWatchRetail-05-2026.csv","May 17, 2026 @ 10:00:00.000","May 18, 2026 @ 22:00:01.000","365 Scarborough Beach Rd",PULP,"6,018","196.9",Ampol,"Ampol Foodary Doubleview",DOUBLEVIEW,"(blank)"
"FuelWatch WA","FuelWatchRetail-05-2026.csv","May 17, 2026 @ 10:00:00.000","May 18, 2026 @ 22:00:01.000","365 Scarborough Beach Rd","98 RON","6,018","206.9",Ampol,"Ampol Foodary Doubleview",DOUBLEVIEW,"(blank)"
"FuelWatch WA","FuelWatchRetail-05-2026.csv","May 17, 2026 @ 10:00:00.000","May 18, 2026 @ 22:00:01.000","176 Canning Hwy","Brand Diesel","6,158","231.9",Ampol,"Ampol Foodary East Fremantle","EAST FREMANTLE","(blank)"
"FuelWatch WA","FuelWatchRetail-05-2026.csv","May 17, 2026 @ 10:00:00.000","May 18, 2026 @ 22:00:01.000","176 Canning Hwy","98 RON","6,158","206.9",Ampol,"Ampol Foodary East Fremantle","EAST FREMANTLE","(blank)"
"FuelWatch WA","FuelWatchRetail-05-2026.csv","May 17, 2026 @ 10:00:00.000","May 18, 2026 @ 22:00:01.000","157 Lord St",ULP,"6,000","179.9",Ampol,"Ampol Foodary East Perth",PERTH,"(blank)"
"FuelWatch WA","FuelWatchRetail-05-2026.csv","May 17, 2026 @ 10:00:00.000","May 18, 2026 @ 22:00:01.000","157 Lord St","98 RON","6,000","206.9",Ampol,"Ampol Foodary East Perth",PERTH,"(blank)"
"FuelWatch WA","FuelWatchRetail-05-2026.csv","May 17, 2026 @ 10:00:00.000","May 18, 2026 @ 22:00:01.000","1 Pratt Rd",ULP,"6,232","179.9",Ampol,"Ampol Foodary Eaton",EATON,"(blank)"
"FuelWatch WA","FuelWatchRetail-05-2026.csv","May 17, 2026 @ 10:00:00.000","May 18, 2026 @ 22:00:01.000","112 Oakleigh Dr",PULP,"6,210","196.9",Ampol,"Ampol Foodary Erskine",ERSKINE,"(blank)"
"FuelWatch WA","FuelWatchRetail-05-2026.csv","May 17, 2026 @ 10:00:00.000","May 18, 2026 @ 22:00:01.000","59 Dempster St","Brand Diesel","6,450","229.9",Ampol,"Ampol Foodary Esperance",ESPERANCE,"(blank)"
"FuelWatch WA","FuelWatchRetail-05-2026.csv","May 17, 2026 @ 10:00:00.000","May 18, 2026 @ 22:00:01.000","77 Maidstone Cr",ULP,"6,707","230.9",Ampol,"Ampol Foodary Exmouth",EXMOUTH,"(blank)"
"FuelWatch WA","FuelWatchRetail-05-2026.csv","May 17, 2026 @ 10:00:00.000","May 18, 2026 @ 22:00:01.000","2 Baroy St","Brand Diesel","6,210","229.9",Ampol,"Ampol Foodary Falcon (Miami Beach)",FALCON,"(blank)"
"FuelWatch WA","FuelWatchRetail-05-2026.csv","May 17, 2026 @ 10:00:00.000","May 18, 2026 @ 22:00:01.000","2 Baroy St","98 RON","6,210","206.9",Ampol,"Ampol Foodary Falcon (Miami Beach)",FALCON,"(blank)"
"FuelWatch WA","FuelWatchRetail-05-2026.csv","May 17, 2026 @ 10:00:00.000","May 18, 2026 @ 22:00:01.000","Lot 602 Forrest Hwy",Diesel,"6,208","226.9",Ampol,"Ampol Foodary Forrest Highway North","WEST PINJARRA","(blank)"
"FuelWatch WA","FuelWatchRetail-05-2026.csv","May 17, 2026 @ 10:00:00.000","May 18, 2026 @ 22:00:01.000","Lot 601 Forrest Hwy",Diesel,"6,208","226.9",Ampol,"Ampol Foodary Forrest Highway South","WEST PINJARRA","(blank)"
"FuelWatch WA","FuelWatchRetail-05-2026.csv","May 17, 2026 @ 10:00:00.000","May 18, 2026 @ 22:00:01.000","63 Alex Wood Dr",ULP,"6,112","179.9",Ampol,"Ampol Foodary Forrestdale",FORRESTDALE,"(blank)"
"FuelWatch WA","FuelWatchRetail-05-2026.csv","May 17, 2026 @ 10:00:00.000","May 18, 2026 @ 22:00:01.000","63 Alex Wood Dr","Brand Diesel","6,112","223.9",Ampol,"Ampol Foodary Forrestdale",FORRESTDALE,"(blank)"
"FuelWatch WA","FuelWatchRetail-05-2026.csv","May 17, 2026 @ 10:00:00.000","May 18, 2026 @ 22:00:01.000","39 Bussell Hwy",ULP,"6,230","179.9",Ampol,"Ampol Foodary Gelorup",GELORUP,"(blank)"
"FuelWatch WA","FuelWatchRetail-05-2026.csv","May 17, 2026 @ 10:00:00.000","May 18, 2026 @ 22:00:01.000","39 Bussell Hwy",PULP,"6,230","196.9",Ampol,"Ampol Foodary Gelorup",GELORUP,"(blank)"
"FuelWatch WA","FuelWatchRetail-05-2026.csv","May 17, 2026 @ 10:00:00.000","May 18, 2026 @ 22:00:01.000","39 Bussell Hwy","Brand Diesel","6,230","235.9",Ampol,"Ampol Foodary Gelorup",GELORUP,"(blank)"
"FuelWatch WA","FuelWatchRetail-05-2026.csv","May 17, 2026 @ 10:00:00.000","May 18, 2026 @ 22:00:01.000","2100 Albany Hwy","98 RON","6,110","206.9",Ampol,"Ampol Foodary Gosnells North",GOSNELLS,"(blank)"
"FuelWatch WA","FuelWatchRetail-05-2026.csv","May 17, 2026 @ 10:00:00.000","May 18, 2026 @ 22:00:01.000","35 Minilya Pkwy",ULP,"6,210","179.9",Ampol,"Ampol Foodary Greenfields",GREENFIELDS,"(blank)"
"FuelWatch WA","FuelWatchRetail-05-2026.csv","May 17, 2026 @ 10:00:00.000","May 18, 2026 @ 22:00:01.000","35 Minilya Pkwy","Brand Diesel","6,210","226.9",Ampol,"Ampol Foodary Greenfields",GREENFIELDS,"(blank)"
"FuelWatch WA","FuelWatchRetail-05-2026.csv","May 17, 2026 @ 10:00:00.000","May 18, 2026 @ 22:00:01.000","967-969 Abernethy Rd",Diesel,"6,057","214.9",Ampol,"Ampol Foodary High Wycombe","HIGH WYCOMBE","(blank)"
"FuelWatch WA","FuelWatchRetail-05-2026.csv","May 17, 2026 @ 10:00:00.000","May 18, 2026 @ 22:00:01.000","967-969 Abernethy Rd","98 RON","6,057","206.9",Ampol,"Ampol Foodary High Wycombe","HIGH WYCOMBE","(blank)"
"FuelWatch WA","FuelWatchRetail-05-2026.csv","May 17, 2026 @ 10:00:00.000","May 18, 2026 @ 22:00:01.000","420 Joondalup Dr",ULP,"6,027","179.9",Ampol,"Ampol Foodary Joondalup",JOONDALUP,"(blank)"
"FuelWatch WA","FuelWatchRetail-05-2026.csv","May 17, 2026 @ 10:00:00.000","May 18, 2026 @ 22:00:01.000","420 Joondalup Dr","Brand Diesel","6,027","229.9",Ampol,"Ampol Foodary Joondalup",JOONDALUP,"(blank)"
"FuelWatch WA","FuelWatchRetail-05-2026.csv","May 17, 2026 @ 10:00:00.000","May 18, 2026 @ 22:00:01.000","581 Hannan St","98 RON","6,430","206.9",Ampol,"Ampol Foodary Kalgoorlie",SOMERVILLE,"(blank)"
"FuelWatch WA","FuelWatchRetail-05-2026.csv","May 17, 2026 @ 10:00:00.000","May 18, 2026 @ 22:00:01.000","146 Boulder Rd","98 RON","6,430","206.9",Ampol,"Ampol Foodary Kalgoorlie South","SOUTH KALGOORLIE","(blank)"
"FuelWatch WA","FuelWatchRetail-05-2026.csv","May 17, 2026 @ 10:00:00.000","May 18, 2026 @ 22:00:01.000","Lot 3861 Bathgate Rd","98 RON","6,714","226.9",Ampol,"Ampol Foodary Karratha",NICKOL,"(blank)"
"FuelWatch WA","FuelWatchRetail-05-2026.csv","May 17, 2026 @ 10:00:00.000","May 18, 2026 @ 22:00:01.000","490 Karrinyup Rd","Brand Diesel","6,018","229.9",Ampol,"Ampol Foodary Karrinyup",GWELUP,"(blank)"
"FuelWatch WA","FuelWatchRetail-05-2026.csv","May 17, 2026 @ 10:00:00.000","May 18, 2026 @ 22:00:01.000","490 Karrinyup Rd","98 RON","6,018","206.9",Ampol,"Ampol Foodary Karrinyup",GWELUP,"(blank)"
"FuelWatch WA","FuelWatchRetail-05-2026.csv","May 17, 2026 @ 10:00:00.000","May 18, 2026 @ 22:00:01.000","2 Fenton St",Diesel,"6,105","220.9",Ampol,"Ampol Foodary Kewdale",KEWDALE,"(blank)"
"FuelWatch WA","FuelWatchRetail-05-2026.csv","May 17, 2026 @ 10:00:00.000","May 18, 2026 @ 22:00:01.000","2 Fenton St","Brand Diesel","6,105","223.9",Ampol,"Ampol Foodary Kewdale",KEWDALE,"(blank)"
"FuelWatch WA","FuelWatchRetail-05-2026.csv","May 17, 2026 @ 10:00:00.000","May 18, 2026 @ 22:00:01.000","86 Kingsley Dr",ULP,"6,026","179.9",Ampol,"Ampol Foodary Kingsley",KINGSLEY,"(blank)"
"FuelWatch WA","FuelWatchRetail-05-2026.csv","May 17, 2026 @ 10:00:00.000","May 18, 2026 @ 22:00:01.000","86 Kingsley Dr","Brand Diesel","6,026","229.9",Ampol,"Ampol Foodary Kingsley",KINGSLEY,"(blank)"
"FuelWatch WA","FuelWatchRetail-05-2026.csv","May 17, 2026 @ 10:00:00.000","May 18, 2026 @ 22:00:01.000","86 Kingsley Dr","98 RON","6,026","206.9",Ampol,"Ampol Foodary Kingsley",KINGSLEY,"(blank)"
"FuelWatch WA","FuelWatchRetail-05-2026.csv","May 17, 2026 @ 10:00:00.000","May 18, 2026 @ 22:00:01.000","Cnr Mandurah Rd & Wellard Rd",ULP,"6,167","179.9",Ampol,"Ampol Foodary Kwinana","KWINANA BEACH","(blank)"
"FuelWatch WA","FuelWatchRetail-05-2026.csv","May 17, 2026 @ 10:00:00.000","May 18, 2026 @ 22:00:01.000","Cnr Mandurah Rd & Wellard Rd",PULP,"6,167","196.9",Ampol,"Ampol Foodary Kwinana","KWINANA BEACH","(blank)"
"FuelWatch WA","FuelWatchRetail-05-2026.csv","May 17, 2026 @ 10:00:00.000","May 18, 2026 @ 22:00:01.000","Cnr Mandurah Rd & Wellard Rd","Brand Diesel","6,167","205.9",Ampol,"Ampol Foodary Kwinana","KWINANA BEACH","(blank)"
"FuelWatch WA","FuelWatchRetail-05-2026.csv","May 17, 2026 @ 10:00:00.000","May 18, 2026 @ 22:00:01.000","Lot 50 Mandurah Rd",PULP,"6,210","196.9",Ampol,"Ampol Foodary Lakelands","MEADOW SPRINGS","(blank)"
"FuelWatch WA","FuelWatchRetail-05-2026.csv","May 17, 2026 @ 10:00:00.000","May 18, 2026 @ 22:00:01.000","Lot 50 Mandurah Rd","Brand Diesel","6,210","229.9",Ampol,"Ampol Foodary Lakelands","MEADOW SPRINGS","(blank)"
"FuelWatch WA","FuelWatchRetail-05-2026.csv","May 17, 2026 @ 10:00:00.000","May 18, 2026 @ 22:00:01.000","319 Vincent St",ULP,"6,007","179.9",Ampol,"Ampol Foodary Leederville",LEEDERVILLE,"(blank)"
"FuelWatch WA","FuelWatchRetail-05-2026.csv","May 17, 2026 @ 10:00:00.000","May 18, 2026 @ 22:00:01.000","110 Ranford Rd",ULP,"6,155","179.9",Ampol,"Ampol Foodary Livingston","CANNING VALE","(blank)"
"FuelWatch WA","FuelWatchRetail-05-2026.csv","May 17, 2026 @ 10:00:00.000","May 18, 2026 @ 22:00:01.000","110 Ranford Rd","Brand Diesel","6,155","221.9",Ampol,"Ampol Foodary Livingston","CANNING VALE","(blank)"
"FuelWatch WA","FuelWatchRetail-05-2026.csv","May 17, 2026 @ 10:00:00.000","May 18, 2026 @ 22:00:01.000","1 Capital Rd","98 RON","6,090","206.9",Ampol,"Ampol Foodary Malaga",MALAGA,"(blank)"
"FuelWatch WA","FuelWatchRetail-05-2026.csv","May 17, 2026 @ 10:00:00.000","May 18, 2026 @ 22:00:01.000","76 Malaga Dr","Brand Diesel","6,090","228.9",Ampol,"Ampol Foodary Malaga Drive",MALAGA,"(blank)"
"FuelWatch WA","FuelWatchRetail-05-2026.csv","May 17, 2026 @ 10:00:00.000","May 18, 2026 @ 22:00:01.000","371 Great Eastern Hwy","Brand Diesel","6,056","219.9",Ampol,"Ampol Foodary Midvale",MIDVALE,"(blank)"
"FuelWatch WA","FuelWatchRetail-05-2026.csv","May 17, 2026 @ 10:00:00.000","May 18, 2026 @ 22:00:01.000","676 Stirling Hwy",PULP,"6,012","196.9",Ampol,"Ampol Foodary Mosman Park","MOSMAN PARK","(blank)"
"FuelWatch WA","FuelWatchRetail-05-2026.csv","May 17, 2026 @ 10:00:00.000","May 18, 2026 @ 22:00:01.000","810 Beaufort St","Brand Diesel","6,050","229.9",Ampol,"Ampol Foodary Mt Lawley","MOUNT LAWLEY","(blank)"
"FuelWatch WA","FuelWatchRetail-05-2026.csv","May 17, 2026 @ 10:00:00.000","May 18, 2026 @ 22:00:01.000","10 Robson Way",ULP,"6,150","179.9",Ampol,"Ampol Foodary Murdoch",MURDOCH,"(blank)"
"FuelWatch WA","FuelWatchRetail-05-2026.csv","May 17, 2026 @ 10:00:00.000","May 18, 2026 @ 22:00:01.000","10 Robson Way",PULP,"6,150","196.9",Ampol,"Ampol Foodary Murdoch",MURDOCH,"(blank)"
"FuelWatch WA","FuelWatchRetail-05-2026.csv","May 17, 2026 @ 10:00:00.000","May 18, 2026 @ 22:00:01.000","10 Robson Way","Brand Diesel","6,150","229.9",Ampol,"Ampol Foodary Murdoch",MURDOCH,"(blank)"
"FuelWatch WA","FuelWatchRetail-05-2026.csv","May 17, 2026 @ 10:00:00.000","May 18, 2026 @ 22:00:01.000","7 Broadway",ULP,"6,009","179.9",Ampol,"Ampol Foodary Nedlands",NEDLANDS,"(blank)"
"FuelWatch WA","FuelWatchRetail-05-2026.csv","May 17, 2026 @ 10:00:00.000","May 18, 2026 @ 22:00:01.000","7 Broadway","98 RON","6,009","206.9",Ampol,"Ampol Foodary Nedlands",NEDLANDS,"(blank)"
"FuelWatch WA","FuelWatchRetail-05-2026.csv","May 17, 2026 @ 10:00:00.000","May 18, 2026 @ 22:00:01.000","Lot 1328 Newman Dr",PULP,"6,753","216.9",Ampol,"Ampol Foodary Newman",NEWMAN,"(blank)"
"FuelWatch WA","FuelWatchRetail-05-2026.csv","May 17, 2026 @ 10:00:00.000","May 18, 2026 @ 22:00:01.000","1 Princep St",ULP,"6,443","211.9",Ampol,"Ampol Foodary Norseman",NORSEMAN,"(blank)"
"FuelWatch WA","FuelWatchRetail-05-2026.csv","May 17, 2026 @ 10:00:00.000","May 18, 2026 @ 22:00:01.000","1 Princep St","98 RON","6,443","238.9",Ampol,"Ampol Foodary Norseman",NORSEMAN,"(blank)"
"FuelWatch WA","FuelWatchRetail-05-2026.csv","May 17, 2026 @ 10:00:00.000","May 18, 2026 @ 22:00:01.000","2624 Wanneroo Rd","98 RON","6,032","206.9",Ampol,"Ampol Foodary North Wanneroo",NOWERGUP,"(blank)"
"FuelWatch WA","FuelWatchRetail-05-2026.csv","May 17, 2026 @ 10:00:00.000","May 18, 2026 @ 22:00:01.000","868 Pinjarra Rd",PULP,"6,209","196.9",Ampol,"Ampol Foodary North Yunderup",FURNISSDALE,"(blank)"
"FuelWatch WA","FuelWatchRetail-05-2026.csv","May 17, 2026 @ 10:00:00.000","May 18, 2026 @ 22:00:01.000","391 Wanneroo Rd",PULP,"6,021","196.9",Ampol,"Ampol Foodary Northlands",BALCATTA,"(blank)"
"FuelWatch WA","FuelWatchRetail-05-2026.csv","May 17, 2026 @ 10:00:00.000","May 18, 2026 @ 22:00:01.000","111 Great Eastern Hwy",ULP,"6,103","179.9",Ampol,"Ampol Foodary Rivervale",RIVERVALE,"(blank)"
"FuelWatch WA","FuelWatchRetail-05-2026.csv","May 17, 2026 @ 10:00:00.000","May 18, 2026 @ 22:00:01.000","74 Scarborough Beach Rd",ULP,"6,019","179.9",Ampol,"Ampol Foodary Scarborough",SCARBOROUGH,"(blank)"
"FuelWatch WA","FuelWatchRetail-05-2026.csv","May 17, 2026 @ 10:00:00.000","May 18, 2026 @ 22:00:01.000","74 Scarborough Beach Rd",PULP,"6,019","196.9",Ampol,"Ampol Foodary Scarborough",SCARBOROUGH,"(blank)"
"FuelWatch WA","FuelWatchRetail-05-2026.csv","May 17, 2026 @ 10:00:00.000","May 18, 2026 @ 22:00:01.000","74 Scarborough Beach Rd","Brand Diesel","6,019","229.9",Ampol,"Ampol Foodary Scarborough",SCARBOROUGH,"(blank)"
"FuelWatch WA","FuelWatchRetail-05-2026.csv","May 17, 2026 @ 10:00:00.000","May 18, 2026 @ 22:00:01.000","74 Scarborough Beach Rd","98 RON","6,019","206.9",Ampol,"Ampol Foodary Scarborough",SCARBOROUGH,"(blank)"
"FuelWatch WA","FuelWatchRetail-05-2026.csv","May 17, 2026 @ 10:00:00.000","May 18, 2026 @ 22:00:01.000","420 Secret Harbour Bvd",ULP,"6,173","179.9",Ampol,"Ampol Foodary Secret Harbour","SECRET HARBOUR","(blank)"
"FuelWatch WA","FuelWatchRetail-05-2026.csv","May 17, 2026 @ 10:00:00.000","May 18, 2026 @ 22:00:01.000","67 Hamilton Rd","Brand Diesel","6,722","258.9",Ampol,"Ampol Foodary South Hedland","SOUTH HEDLAND","(blank)"
"FuelWatch WA","FuelWatchRetail-05-2026.csv","May 17, 2026 @ 10:00:00.000","May 18, 2026 @ 22:00:01.000","2 Omeo St",ULP,"6,164","179.9",Ampol,"Ampol Foodary South Lake","SOUTH LAKE","(blank)"
"FuelWatch WA","FuelWatchRetail-05-2026.csv","May 17, 2026 @ 10:00:00.000","May 18, 2026 @ 22:00:01.000","2 Omeo St",PULP,"6,164","196.9",Ampol,"Ampol Foodary South Lake","SOUTH LAKE","(blank)"
"FuelWatch WA","FuelWatchRetail-05-2026.csv","May 17, 2026 @ 10:00:00.000","May 18, 2026 @ 22:00:01.000","2 Omeo St","Brand Diesel","6,164","221.9",Ampol,"Ampol Foodary South Lake","SOUTH LAKE","(blank)"
"FuelWatch WA","FuelWatchRetail-05-2026.csv","May 17, 2026 @ 10:00:00.000","May 18, 2026 @ 22:00:01.000","240 Toodyay Rd",Diesel,"6,056","224.9",Ampol,"Ampol Foodary Stratton",STRATTON,"(blank)"
"FuelWatch WA","FuelWatchRetail-05-2026.csv","May 17, 2026 @ 10:00:00.000","May 18, 2026 @ 22:00:01.000","240 Toodyay Rd","Brand Diesel","6,056","227.9",Ampol,"Ampol Foodary Stratton",STRATTON,"(blank)"
"FuelWatch WA","FuelWatchRetail-05-2026.csv","May 17, 2026 @ 10:00:00.000","May 18, 2026 @ 22:00:01.000","316 Spencer Rd",PULP,"6,108","196.9",Ampol,"Ampol Foodary Thornlie Square",THORNLIE,"(blank)"
"FuelWatch WA","FuelWatchRetail-05-2026.csv","May 17, 2026 @ 10:00:00.000","May 18, 2026 @ 22:00:01.000","316 Spencer Rd","Brand Diesel","6,108","221.9",Ampol,"Ampol Foodary Thornlie Square",THORNLIE,"(blank)"
"FuelWatch WA","FuelWatchRetail-05-2026.csv","May 17, 2026 @ 10:00:00.000","May 18, 2026 @ 22:00:01.000","2 Bristol St","Brand Diesel","6,169","229.9",Ampol,"Ampol Foodary Warnbro",WARNBRO,"(blank)"
"FuelWatch WA","FuelWatchRetail-05-2026.csv","May 17, 2026 @ 10:00:00.000","May 18, 2026 @ 22:00:01.000","2 Bristol St","98 RON","6,169","206.9",Ampol,"Ampol Foodary Warnbro",WARNBRO,"(blank)"
"FuelWatch WA","FuelWatchRetail-05-2026.csv","May 17, 2026 @ 10:00:00.000","May 18, 2026 @ 22:00:01.000","169 High Rd",ULP,"6,155","179.9",Ampol,"Ampol Foodary Willetton",WILLETTON,"(blank)"
"FuelWatch WA","FuelWatchRetail-05-2026.csv","May 17, 2026 @ 10:00:00.000","May 18, 2026 @ 22:00:01.000","169 High Rd",PULP,"6,155","196.9",Ampol,"Ampol Foodary Willetton",WILLETTON,"(blank)"
"FuelWatch WA","FuelWatchRetail-05-2026.csv","May 17, 2026 @ 10:00:00.000","May 18, 2026 @ 22:00:01.000","169 High Rd","Brand Diesel","6,155","229.9",Ampol,"Ampol Foodary Willetton",WILLETTON,"(blank)"
"FuelWatch WA","FuelWatchRetail-05-2026.csv","May 17, 2026 @ 10:00:00.000","May 18, 2026 @ 22:00:01.000","169 High Rd","98 RON","6,155","206.9",Ampol,"Ampol Foodary Willetton",WILLETTON,"(blank)"
"FuelWatch WA","FuelWatchRetail-05-2026.csv","May 17, 2026 @ 10:00:00.000","May 18, 2026 @ 22:00:01.000","56 Albany Hwy",PULP,"6,391","208.9",Ampol,"Ampol Foodary Williams",WILLIAMS,"(blank)"
"FuelWatch WA","FuelWatchRetail-05-2026.csv","May 17, 2026 @ 10:00:00.000","May 18, 2026 @ 22:00:01.000","40 North West Coastal Hwy",ULP,"6,530","177.9",Ampol,"Ampol Foodary Wonthella",WONTHELLA,"(blank)"
"FuelWatch WA","FuelWatchRetail-05-2026.csv","May 17, 2026 @ 10:00:00.000","May 18, 2026 @ 22:00:01.000","1 Morwell St",ULP,"6,035","179.9",Ampol,"Ampol Foodary Yanchep",YANCHEP,"(blank)"
"FuelWatch WA","FuelWatchRetail-05-2026.csv","May 17, 2026 @ 10:00:00.000","May 18, 2026 @ 22:00:01.000","1 Morwell St","Brand Diesel","6,035","226.9",Ampol,"Ampol Foodary Yanchep",YANCHEP,"(blank)"
"FuelWatch WA","FuelWatchRetail-05-2026.csv","May 17, 2026 @ 10:00:00.000","May 18, 2026 @ 22:00:01.000","1 Morwell St","98 RON","6,035","206.9",Ampol,"Ampol Foodary Yanchep",YANCHEP,"(blank)"
"FuelWatch WA","FuelWatchRetail-05-2026.csv","May 17, 2026 @ 10:00:00.000","May 18, 2026 @ 22:00:01.000","289 Beeliar Dr",ULP,"6,164","179.9",Ampol,"Ampol Foodary Yangebup",YANGEBUP,"(blank)"
"FuelWatch WA","FuelWatchRetail-05-2026.csv","May 17, 2026 @ 10:00:00.000","May 18, 2026 @ 22:00:01.000","22 Bashford St",ULP,"6,516","205.9",Ampol,"Ampol Jurien Bay","JURIEN BAY","(blank)"
"FuelWatch WA","FuelWatchRetail-05-2026.csv","May 17, 2026 @ 10:00:00.000","May 18, 2026 @ 22:00:01.000","22 Bashford St","Brand Diesel","6,516","255.9",Ampol,"Ampol Jurien Bay","JURIEN BAY","(blank)"
"FuelWatch WA","FuelWatchRetail-05-2026.csv","May 17, 2026 @ 10:00:00.000","May 18, 2026 @ 22:00:01.000","22 Bashford St","98 RON","6,516","232.9",Ampol,"Ampol Jurien Bay","JURIEN BAY","(blank)"
"FuelWatch WA","FuelWatchRetail-05-2026.csv","May 17, 2026 @ 10:00:00.000","May 18, 2026 @ 22:00:01.000","2 Cunningham Rd",ULP,"6,430","189.9",Ampol,"Ampol Kalgoorlie Diesel Stop","WEST KALGOORLIE","(blank)"
"FuelWatch WA","FuelWatchRetail-05-2026.csv","May 17, 2026 @ 10:00:00.000","May 18, 2026 @ 22:00:01.000","2 Cunningham Rd","98 RON","6,430","216.9",Ampol,"Ampol Kalgoorlie Diesel Stop","WEST KALGOORLIE","(blank)"
"FuelWatch WA","FuelWatchRetail-05-2026.csv","May 17, 2026 @ 10:00:00.000","May 18, 2026 @ 22:00:01.000","31 Dreyer St",ULP,"6,405","194.4",Ampol,"Ampol Meckering Roadhouse",MECKERING,"(blank)"
"FuelWatch WA","FuelWatchRetail-05-2026.csv","May 17, 2026 @ 10:00:00.000","May 18, 2026 @ 22:00:01.000","31 Dreyer St","98 RON","6,405","219.5",Ampol,"Ampol Meckering Roadhouse",MECKERING,"(blank)"
"FuelWatch WA","FuelWatchRetail-05-2026.csv","May 17, 2026 @ 10:00:00.000","May 18, 2026 @ 22:00:01.000","59 Warren Rd",ULP,"6,275","202.9",Ampol,"Ampol Nannup",NANNUP,"(blank)"
"FuelWatch WA","FuelWatchRetail-05-2026.csv","May 17, 2026 @ 10:00:00.000","May 18, 2026 @ 22:00:01.000","59 Warren Rd","98 RON","6,275","234.9",Ampol,"Ampol Nannup",NANNUP,"(blank)"
"FuelWatch WA","FuelWatchRetail-05-2026.csv","May 17, 2026 @ 10:00:00.000","May 18, 2026 @ 22:00:01.000","12 Clayton Rd",ULP,"6,312","189.9",Ampol,"Ampol Narrogin",NARROGIN,"(blank)"
"FuelWatch WA","FuelWatchRetail-05-2026.csv","May 17, 2026 @ 10:00:00.000","May 18, 2026 @ 22:00:01.000","12 Clayton Rd","Brand Diesel","6,312","239.9",Ampol,"Ampol Narrogin",NARROGIN,"(blank)"
"FuelWatch WA","FuelWatchRetail-05-2026.csv","May 17, 2026 @ 10:00:00.000","May 18, 2026 @ 22:00:01.000","1 Wimbridge Rd",Diesel,"6,229","229.9",Ampol,"Ampol Picton Depot With Front",PICTON,"(blank)"
"FuelWatch WA","FuelWatchRetail-05-2026.csv","May 17, 2026 @ 10:00:00.000","May 18, 2026 @ 22:00:01.000","1 Wimbridge Rd","Brand Diesel","6,229","232.9",Ampol,"Ampol Picton Depot With Front",PICTON,"(blank)"
"FuelWatch WA","FuelWatchRetail-05-2026.csv","May 17, 2026 @ 10:00:00.000","May 18, 2026 @ 22:00:01.000","Cnr North Mole Dr & Rous Head Rd",ULP,"6,159","179.9",Ampol,"Ampol Rous Head","NORTH FREMANTLE","(blank)"
"FuelWatch WA","FuelWatchRetail-05-2026.csv","May 17, 2026 @ 10:00:00.000","May 18, 2026 @ 22:00:01.000","Cnr North Mole Dr & Rous Head Rd",PULP,"6,159","195.9",Ampol,"Ampol Rous Head","NORTH FREMANTLE","(blank)"
"FuelWatch WA","FuelWatchRetail-05-2026.csv","May 17, 2026 @ 10:00:00.000","May 18, 2026 @ 22:00:01.000","Cnr North Mole Dr & Rous Head Rd",Diesel,"6,159","209.5",Ampol,"Ampol Rous Head","NORTH FREMANTLE","(blank)"
"FuelWatch WA","FuelWatchRetail-05-2026.csv","May 17, 2026 @ 10:00:00.000","May 18, 2026 @ 22:00:01.000","12-14 Cajarina Rd",Diesel,"6,721","249.9",Ampol,"Ampol Wedgefield Diesel Stop",WEDGEFIELD,"(blank)"
"FuelWatch WA","FuelWatchRetail-05-2026.csv","May 17, 2026 @ 10:00:00.000","May 18, 2026 @ 22:00:01.000","119 Kurnall Rd",Diesel,"6,106","216.9",Ampol,"Ampol Welshpool Diesel Stop",WELSHPOOL,"(blank)"
"FuelWatch WA","FuelWatchRetail-05-2026.csv","May 17, 2026 @ 10:00:00.000","May 18, 2026 @ 22:00:01.000","119 Kurnall Rd","Brand Diesel","6,106","219.9",Ampol,"Ampol Welshpool Diesel Stop",WELSHPOOL,"(blank)"
"FuelWatch WA","FuelWatchRetail-05-2026.csv","May 17, 2026 @ 10:00:00.000","May 18, 2026 @ 22:00:01.000","Cnr Twelfth St & One Arm Point Rd",ULP,"6,725","286.9",Independent,Ardyaloon,"DAMPIER PENINSULA","(blank)"
"FuelWatch WA","FuelWatchRetail-05-2026.csv","May 17, 2026 @ 10:00:00.000","May 18, 2026 @ 22:00:01.000","Cnr Twelfth St & One Arm Point Rd",Diesel,"6,725","279.9",Independent,Ardyaloon,"DAMPIER PENINSULA","(blank)"
"FuelWatch WA","FuelWatchRetail-05-2026.csv","May 17, 2026 @ 10:00:00.000","May 18, 2026 @ 22:00:01.000","26 Davis St",ULP,"6,432","190.9",Astron,"Astron Boulder Kalgoorlie",BOULDER,"(blank)"
"FuelWatch WA","FuelWatchRetail-05-2026.csv","May 17, 2026 @ 10:00:00.000","May 18, 2026 @ 22:00:01.000","2038 Wanneroo Rd",Diesel,"6,031","207.9",Astron,"Astron Neerabup",NEERABUP,"(blank)"
"FuelWatch WA","FuelWatchRetail-05-2026.csv","May 17, 2026 @ 10:00:00.000","May 18, 2026 @ 22:00:01.000","2038 Wanneroo Rd","98 RON","6,031","199.9",Astron,"Astron Neerabup",NEERABUP,"(blank)"
"FuelWatch WA","FuelWatchRetail-05-2026.csv","May 17, 2026 @ 10:00:00.000","May 18, 2026 @ 22:00:01.000","121 Quinns Rd",ULP,"6,030","186.5",Astron,"Astron Quinns Rocks","QUINNS ROCKS","(blank)"
"FuelWatch WA","FuelWatchRetail-05-2026.csv","May 17, 2026 @ 10:00:00.000","May 18, 2026 @ 22:00:01.000","2 Servetus St",ULP,"6,010","189.9",Astron,"Astron Swanbourne",SWANBOURNE,"(blank)"
"FuelWatch WA","FuelWatchRetail-05-2026.csv","May 17, 2026 @ 10:00:00.000","May 18, 2026 @ 22:00:01.000","2 Servetus St",Diesel,"6,010","229.9",Astron,"Astron Swanbourne",SWANBOURNE,"(blank)"
"FuelWatch WA","FuelWatchRetail-05-2026.csv","May 17, 2026 @ 10:00:00.000","May 18, 2026 @ 22:00:01.000","2 Servetus St","98 RON","6,010","209.9",Astron,"Astron Swanbourne",SWANBOURNE,"(blank)"
"FuelWatch WA","FuelWatchRetail-05-2026.csv","May 17, 2026 @ 10:00:00.000","May 18, 2026 @ 22:00:01.000","Cnr Great Eastern Hwy & Yilgarn Ave",Diesel,"6,401","211.7",Atlas,"Atlas Fresh Trading Co Northam",MALABAINE,"(blank)"
"FuelWatch WA","FuelWatchRetail-05-2026.csv","May 17, 2026 @ 10:00:00.000","May 18, 2026 @ 22:00:01.000","Cnr Great Eastern Hwy & Yilgarn Ave","98 RON","6,401","208.4",Atlas,"Atlas Fresh Trading Co Northam",MALABAINE,"(blank)"
"FuelWatch WA","FuelWatchRetail-05-2026.csv","May 17, 2026 @ 10:00:00.000","May 18, 2026 @ 22:00:01.000","472 Great Eastern Hwy",Diesel,"6,104","198.9",Atlas,"Atlas Fuel Ascot",ASCOT,"(blank)"
"FuelWatch WA","FuelWatchRetail-05-2026.csv","May 17, 2026 @ 10:00:00.000","May 18, 2026 @ 22:00:01.000","40 Bennett St","98 RON","6,055","196.8",Atlas,"Atlas Fuel Caversham",CAVERSHAM,"(blank)"
"FuelWatch WA","FuelWatchRetail-05-2026.csv","May 17, 2026 @ 10:00:00.000","May 18, 2026 @ 22:00:01.000","121-125 Ridley St",Diesel,"6,311","239.9",Atlas,"Atlas Fuel Cuballing",CUBALLING,"(blank)"
"FuelWatch WA","FuelWatchRetail-05-2026.csv","May 17, 2026 @ 10:00:00.000","May 18, 2026 @ 22:00:01.000","12 Antsey Rd",PULP,"6,112","181.5",Atlas,"Atlas Fuel Forrestdale",FORRESTDALE,"(blank)"
"FuelWatch WA","FuelWatchRetail-05-2026.csv","May 17, 2026 @ 10:00:00.000","May 18, 2026 @ 22:00:01.000","78C Hale Rd",Diesel,"6,058","201.5",Atlas,"Atlas Fuel Forrestfield",FORRESTFIELD,"(blank)"
"FuelWatch WA","FuelWatchRetail-05-2026.csv","May 17, 2026 @ 10:00:00.000","May 18, 2026 @ 22:00:01.000","184 North West Coastal Hwy",ULP,"6,530","177.9",Atlas,"Atlas Fuel Geraldton",WONTHELLA,"(blank)"
"FuelWatch WA","FuelWatchRetail-05-2026.csv","May 17, 2026 @ 10:00:00.000","May 18, 2026 @ 22:00:01.000","184 North West Coastal Hwy","Brand Diesel","6,530","227.9",Atlas,"Atlas Fuel Geraldton",WONTHELLA,"(blank)"
"FuelWatch WA","FuelWatchRetail-05-2026.csv","May 17, 2026 @ 10:00:00.000","May 18, 2026 @ 22:00:01.000","184 North West Coastal Hwy","98 RON","6,530","199.9",Atlas,"Atlas Fuel Geraldton",WONTHELLA,"(blank)"
"FuelWatch WA","FuelWatchRetail-05-2026.csv","May 17, 2026 @ 10:00:00.000","May 18, 2026 @ 22:00:01.000","2 Aurea Bvd",PULP,"6,174","181.9",Atlas,"Atlas Fuel Golden Bay","GOLDEN BAY","(blank)"
"FuelWatch WA","FuelWatchRetail-05-2026.csv","May 17, 2026 @ 10:00:00.000","May 18, 2026 @ 22:00:01.000","2 Aurea Bvd","98 RON","6,174","191.9",Atlas,"Atlas Fuel Golden Bay","GOLDEN BAY","(blank)"
"FuelWatch WA","FuelWatchRetail-05-2026.csv","May 17, 2026 @ 10:00:00.000","May 18, 2026 @ 22:00:01.000","2 Jarrahdale Rd",ULP,"6,124","174.9",Atlas,"Atlas Fuel Jarrahdale",JARRAHDALE,"(blank)"
"FuelWatch WA","FuelWatchRetail-05-2026.csv","May 17, 2026 @ 10:00:00.000","May 18, 2026 @ 22:00:01.000","2 Jarrahdale Rd","98 RON","6,124","197.9",Atlas,"Atlas Fuel Jarrahdale",JARRAHDALE,"(blank)"
"FuelWatch WA","FuelWatchRetail-05-2026.csv","May 17, 2026 @ 10:00:00.000","May 18, 2026 @ 22:00:01.000","1 Mandurah Rd",ULP,"6,167","169.5",Atlas,"Atlas Fuel Kwinana","KWINANA BEACH","(blank)"
"FuelWatch WA","FuelWatchRetail-05-2026.csv","May 17, 2026 @ 10:00:00.000","May 18, 2026 @ 22:00:01.000","227 Morrison Rd",ULP,"6,056","169.9",Atlas,"Atlas Fuel Midvale",MIDVALE,"(blank)"
"FuelWatch WA","FuelWatchRetail-05-2026.csv","May 17, 2026 @ 10:00:00.000","May 18, 2026 @ 22:00:01.000","227 Morrison Rd",PULP,"6,056","183.9",Atlas,"Atlas Fuel Midvale",MIDVALE,"(blank)"
"FuelWatch WA","FuelWatchRetail-05-2026.csv","May 17, 2026 @ 10:00:00.000","May 18, 2026 @ 22:00:01.000","227 Morrison Rd",Diesel,"6,056","213.9",Atlas,"Atlas Fuel Midvale",MIDVALE,"(blank)"
"FuelWatch WA","FuelWatchRetail-05-2026.csv","May 17, 2026 @ 10:00:00.000","May 18, 2026 @ 22:00:01.000","227 Morrison Rd","98 RON","6,056","193.9",Atlas,"Atlas Fuel Midvale",MIDVALE,"(blank)"
"FuelWatch WA","FuelWatchRetail-05-2026.csv","May 17, 2026 @ 10:00:00.000","May 18, 2026 @ 22:00:01.000","44 Egerton St","98 RON","6,312","206.9",Atlas,"Atlas Fuel Narrogin",NARROGIN,"(blank)"
"FuelWatch WA","FuelWatchRetail-05-2026.csv","May 17, 2026 @ 10:00:00.000","May 18, 2026 @ 22:00:01.000","10895 Great Eastern Hwy",PULP,"6,074","189.9",Atlas,"Atlas Fuel Sawyers Valley","SAWYERS VALLEY","(blank)"
"FuelWatch WA","FuelWatchRetail-05-2026.csv","May 17, 2026 @ 10:00:00.000","May 18, 2026 @ 22:00:01.000","177 O'Connor Rd",ULP,"6,056","169.9",Atlas,"Atlas Fuel Stratton",STRATTON,"(blank)"
"FuelWatch WA","FuelWatchRetail-05-2026.csv","May 17, 2026 @ 10:00:00.000","May 18, 2026 @ 22:00:01.000","177 O'Connor Rd",PULP,"6,056","183.9",Atlas,"Atlas Fuel Stratton",STRATTON,"(blank)"
"FuelWatch WA","FuelWatchRetail-05-2026.csv","May 17, 2026 @ 10:00:00.000","May 18, 2026 @ 22:00:01.000","177 O'Connor Rd",Diesel,"6,056","213.9",Atlas,"Atlas Fuel Stratton",STRATTON,"(blank)"
"FuelWatch WA","FuelWatchRetail-05-2026.csv","May 17, 2026 @ 10:00:00.000","May 18, 2026 @ 22:00:01.000","223 Yale Rd",ULP,"6,108","169.9",Atlas,"Atlas Fuel Thornlie",THORNLIE,"(blank)"
"FuelWatch WA","FuelWatchRetail-05-2026.csv","May 17, 2026 @ 10:00:00.000","May 18, 2026 @ 22:00:01.000","951 Wanneroo Rd",PULP,"6,065","187.9",Atlas,"Atlas Fuel Wanneroo",WANNEROO,"(blank)"
"FuelWatch WA","FuelWatchRetail-05-2026.csv","May 17, 2026 @ 10:00:00.000","May 18, 2026 @ 22:00:01.000","951 Wanneroo Rd",Diesel,"6,065","201.9",Atlas,"Atlas Fuel Wanneroo",WANNEROO,"(blank)"
"FuelWatch WA","FuelWatchRetail-05-2026.csv","May 17, 2026 @ 10:00:00.000","May 18, 2026 @ 22:00:01.000","2 Meagher Dr",Diesel,"6,521","244.9",Independent,"Badgingarra Roadhouse & Tourist Park",BADGINGARRA,"(blank)"
"FuelWatch WA","FuelWatchRetail-05-2026.csv","May 17, 2026 @ 10:00:00.000","May 18, 2026 @ 22:00:01.000","177-179 Great Eastern Hwy",Diesel,"6,056","212.5","Better Choice","Better Choice Bellevue",BELLEVUE,"(blank)"
"FuelWatch WA","FuelWatchRetail-05-2026.csv","May 17, 2026 @ 10:00:00.000","May 18, 2026 @ 22:00:01.000","25 Preston St",Diesel,"6,152","233.5","Better Choice","Better Choice Como",COMO,"(blank)"
"FuelWatch WA","FuelWatchRetail-05-2026.csv","May 17, 2026 @ 10:00:00.000","May 18, 2026 @ 22:00:01.000","21 Edgewater Dr","Brand Diesel","6,027","225.5","Better Choice","Better Choice Edgewater",EDGEWATER,"(blank)"
"FuelWatch WA","FuelWatchRetail-05-2026.csv","May 17, 2026 @ 10:00:00.000","May 18, 2026 @ 22:00:01.000","12440 Bussell Hwy",ULP,"6,288","192.5","Better Choice","Better Choice Karridale Roadhouse",KARRIDALE,"(blank)"
"FuelWatch WA","FuelWatchRetail-05-2026.csv","May 17, 2026 @ 10:00:00.000","May 18, 2026 @ 22:00:01.000","12440 Bussell Hwy",LPG,"6,288","179.5","Better Choice","Better Choice Karridale Roadhouse",KARRIDALE,"(blank)"
"FuelWatch WA","FuelWatchRetail-05-2026.csv","May 17, 2026 @ 10:00:00.000","May 18, 2026 @ 22:00:01.000","12440 Bussell Hwy","98 RON","6,288","218.5","Better Choice","Better Choice Karridale Roadhouse",KARRIDALE,"(blank)"
"FuelWatch WA","FuelWatchRetail-05-2026.csv","May 17, 2026 @ 10:00:00.000","May 18, 2026 @ 22:00:01.000","3 Carson Rd",PULP,"6,090","190.5","Better Choice","Better Choice Malaga",MALAGA,"(blank)"
"FuelWatch WA","FuelWatchRetail-05-2026.csv","May 17, 2026 @ 10:00:00.000","May 18, 2026 @ 22:00:01.000","3 Carson Rd","98 RON","6,090","199.5","Better Choice","Better Choice Malaga",MALAGA,"(blank)"
"FuelWatch WA","FuelWatchRetail-05-2026.csv","May 17, 2026 @ 10:00:00.000","May 18, 2026 @ 22:00:01.000","211 Bussell Hwy","Brand Diesel","6,285","244.5","Better Choice","Better Choice Margaret River","MARGARET RIVER","(blank)"
"FuelWatch WA","FuelWatchRetail-05-2026.csv","May 17, 2026 @ 10:00:00.000","May 18, 2026 @ 22:00:01.000","150 Wanneroo Rd",ULP,"6,060","175.5","Better Choice","Better Choice Tuart Hill","TUART HILL","(blank)"
"FuelWatch WA","FuelWatchRetail-05-2026.csv","May 17, 2026 @ 10:00:00.000","May 18, 2026 @ 22:00:01.000","150 Wanneroo Rd",LPG,"6,060","149.5","Better Choice","Better Choice Tuart Hill","TUART HILL","(blank)"
"FuelWatch WA","FuelWatchRetail-05-2026.csv","May 17, 2026 @ 10:00:00.000","May 18, 2026 @ 22:00:01.000","Lot 1 Tourist Dr 354",ULP,"6,701","223.9","Better Choice","Better Choice Wooramel",WOORAMEL,"(blank)"
"FuelWatch WA","FuelWatchRetail-05-2026.csv","May 17, 2026 @ 10:00:00.000","May 18, 2026 @ 22:00:01.000","Lot 1 Tourist Dr 354","98 RON","6,701","254.9","Better Choice","Better Choice Wooramel",WOORAMEL,"(blank)"
"FuelWatch WA","FuelWatchRetail-05-2026.csv","May 17, 2026 @ 10:00:00.000","May 18, 2026 @ 22:00:01.000","23253 North West Coast Hwy",ULP,"6,532","194.9",Independent,"Billabong Homestead Hotel Motel",MEADOW,"(blank)"
"FuelWatch WA","FuelWatchRetail-05-2026.csv","May 17, 2026 @ 10:00:00.000","May 18, 2026 @ 22:00:01.000","23253 North West Coast Hwy","98 RON","6,532","209.9",Independent,"Billabong Homestead Hotel Motel",MEADOW,"(blank)"
"FuelWatch WA","FuelWatchRetail-05-2026.csv","May 17, 2026 @ 10:00:00.000","May 18, 2026 @ 22:00:01.000","5 Binda Pl",ULP,"6,502","184.9",Vibe,"Bindoon Roadhouse",BINDOON,"(blank)"
"FuelWatch WA","FuelWatchRetail-05-2026.csv","May 17, 2026 @ 10:00:00.000","May 18, 2026 @ 22:00:01.000","5 Binda Pl",PULP,"6,502","215.9",Vibe,"Bindoon Roadhouse",BINDOON,"(blank)"
"FuelWatch WA","FuelWatchRetail-05-2026.csv","May 17, 2026 @ 10:00:00.000","May 18, 2026 @ 22:00:01.000","5 Binda Pl",Diesel,"6,502","219.9",Vibe,"Bindoon Roadhouse",BINDOON,"(blank)"
"FuelWatch WA","FuelWatchRetail-05-2026.csv","May 17, 2026 @ 10:00:00.000","May 18, 2026 @ 22:00:01.000","First St",ULP,872,364,BP,"Blackstone Store",PAPULANKUTJA,"(blank)"
"FuelWatch WA","FuelWatchRetail-05-2026.csv","May 17, 2026 @ 10:00:00.000","May 18, 2026 @ 22:00:01.000","First St",Diesel,872,428,BP,"Blackstone Store",PAPULANKUTJA,"(blank)"
"FuelWatch WA","FuelWatchRetail-05-2026.csv","May 17, 2026 @ 10:00:00.000","May 18, 2026 @ 22:00:01.000","287 Place Rd",LPG,"6,530","187.4",BOC,"BOC Gas & Gear",WEBBERTON,"(blank)"
"FuelWatch WA","FuelWatchRetail-05-2026.csv","May 17, 2026 @ 10:00:00.000","May 18, 2026 @ 22:00:01.000","57 Corboy St",ULP,"6,424","199.9",Perrys,"Bodallin Roadhouse",BODALLIN,"(blank)"
"FuelWatch WA","FuelWatchRetail-05-2026.csv","May 17, 2026 @ 10:00:00.000","May 18, 2026 @ 22:00:01.000","38 Bannister Rd",ULP,"6,390",202,BP,"Boddington Service Station",BODDINGTON,"(blank)"
"FuelWatch WA","FuelWatchRetail-05-2026.csv","May 17, 2026 @ 10:00:00.000","May 18, 2026 @ 22:00:01.000","38 Bannister Rd",Diesel,"6,390",246,BP,"Boddington Service Station",BODDINGTON,"(blank)"
"FuelWatch WA","FuelWatchRetail-05-2026.csv","May 17, 2026 @ 10:00:00.000","May 18, 2026 @ 22:00:01.000","33 Abel St",ULP,"6,244","201.5",Ampol,"Boyup Brook Tyre Service","BOYUP BROOK","(blank)"
"FuelWatch WA","FuelWatchRetail-05-2026.csv","May 17, 2026 @ 10:00:00.000","May 18, 2026 @ 22:00:01.000","80 Old Coast Rd",ULP,"6,233","179.9",BP,"BP 2go Australind",AUSTRALIND,"(blank)"
"FuelWatch WA","FuelWatchRetail-05-2026.csv","May 17, 2026 @ 10:00:00.000","May 18, 2026 @ 22:00:01.000","80 Old Coast Rd","Brand Diesel","6,233","233.9",BP,"BP 2go Australind",AUSTRALIND,"(blank)"
"FuelWatch WA","FuelWatchRetail-05-2026.csv","May 17, 2026 @ 10:00:00.000","May 18, 2026 @ 22:00:01.000","80 Old Coast Rd","98 RON","6,233","202.9",BP,"BP 2go Australind",AUSTRALIND,"(blank)"
"FuelWatch WA","FuelWatchRetail-05-2026.csv","May 17, 2026 @ 10:00:00.000","May 18, 2026 @ 22:00:01.000","59 Great Eastern Hwy",PULP,"6,056","204.9",BP,"BP 2go Bellevue",BELLEVUE,"(blank)"
"FuelWatch WA","FuelWatchRetail-05-2026.csv","May 17, 2026 @ 10:00:00.000","May 18, 2026 @ 22:00:01.000","69 Pinetree Gully Rd",PULP,"6,155","191.9",BP,"BP 2go Burrendah",WILLETTON,"(blank)"
"FuelWatch WA","FuelWatchRetail-05-2026.csv","May 17, 2026 @ 10:00:00.000","May 18, 2026 @ 22:00:01.000","69 Pinetree Gully Rd","Brand Diesel","6,155","229.9",BP,"BP 2go Burrendah",WILLETTON,"(blank)"
"FuelWatch WA","FuelWatchRetail-05-2026.csv","May 17, 2026 @ 10:00:00.000","May 18, 2026 @ 22:00:01.000","228 Morrison Rd","Brand Diesel","6,056","227.9",BP,"BP 2go Morrison Road",MIDVALE,"(blank)"
"FuelWatch WA","FuelWatchRetail-05-2026.csv","May 17, 2026 @ 10:00:00.000","May 18, 2026 @ 22:00:01.000","228 Morrison Rd","98 RON","6,056","197.9",BP,"BP 2go Morrison Road",MIDVALE,"(blank)"
"FuelWatch WA","FuelWatchRetail-05-2026.csv","May 17, 2026 @ 10:00:00.000","May 18, 2026 @ 22:00:01.000","40 Benara Rd",PULP,"6,062","188.9",BP,"BP 2go Noranda",NORANDA,"(blank)"
"FuelWatch WA","FuelWatchRetail-05-2026.csv","May 17, 2026 @ 10:00:00.000","May 18, 2026 @ 22:00:01.000","40 Benara Rd","Brand Diesel","6,062","225.9",BP,"BP 2go Noranda",NORANDA,"(blank)"
"FuelWatch WA","FuelWatchRetail-05-2026.csv","May 17, 2026 @ 10:00:00.000","May 18, 2026 @ 22:00:01.000","40 Benara Rd","98 RON","6,062","197.9",BP,"BP 2go Noranda",NORANDA,"(blank)"
"FuelWatch WA","FuelWatchRetail-05-2026.csv","May 17, 2026 @ 10:00:00.000","May 18, 2026 @ 22:00:01.000","35 Albany Hwy",ULP,"6,330","182.9",BP,"BP Allway",ALBANY,"(blank)"
"FuelWatch WA","FuelWatchRetail-05-2026.csv","May 17, 2026 @ 10:00:00.000","May 18, 2026 @ 22:00:01.000","530 Canning Hwy","Brand Diesel","6,156","221.9",BP,"BP Attadale",ATTADALE,"(blank)"
"FuelWatch WA","FuelWatchRetail-05-2026.csv","May 17, 2026 @ 10:00:00.000","May 18, 2026 @ 22:00:01.000","530 Canning Hwy","98 RON","6,156","201.9",BP,"BP Attadale",ATTADALE,"(blank)"
"FuelWatch WA","FuelWatchRetail-05-2026.csv","May 17, 2026 @ 10:00:00.000","May 18, 2026 @ 22:00:01.000","64-66 Blackwood Ave",ULP,"6,290","193.9",BP,"BP Augusta",AUGUSTA,"(blank)"
"FuelWatch WA","FuelWatchRetail-05-2026.csv","May 17, 2026 @ 10:00:00.000","May 18, 2026 @ 22:00:01.000","64-66 Blackwood Ave","98 RON","6,290","214.9",BP,"BP Augusta",AUGUSTA,"(blank)"
"FuelWatch WA","FuelWatchRetail-05-2026.csv","May 17, 2026 @ 10:00:00.000","May 18, 2026 @ 22:00:01.000","53 Erindale Rd",ULP,"6,021","183.9",BP,"BP Balcatta",BALCATTA,"(blank)"
"FuelWatch WA","FuelWatchRetail-05-2026.csv","May 17, 2026 @ 10:00:00.000","May 18, 2026 @ 22:00:01.000","53 Erindale Rd","Brand Diesel","6,021","229.9",BP,"BP Balcatta",BALCATTA,"(blank)"
"FuelWatch WA","FuelWatchRetail-05-2026.csv","May 17, 2026 @ 10:00:00.000","May 18, 2026 @ 22:00:01.000","Lot 191 Paparone Rd",PULP,"6,171","192.9",BP,"BP Baldivis Northbound Travel Centre",BALDIVIS,"(blank)"
"FuelWatch WA","FuelWatchRetail-05-2026.csv","May 17, 2026 @ 10:00:00.000","May 18, 2026 @ 22:00:01.000","Lot 191 Paparone Rd",Diesel,"6,171","229.9",BP,"BP Baldivis Northbound Travel Centre",BALDIVIS,"(blank)"
"FuelWatch WA","FuelWatchRetail-05-2026.csv","May 17, 2026 @ 10:00:00.000","May 18, 2026 @ 22:00:01.000","Lot 192 Leary Rd",ULP,"6,171","177.9",BP,"BP Baldivis Southbound Travel Centre",BALDIVIS,"(blank)"
"FuelWatch WA","FuelWatchRetail-05-2026.csv","May 17, 2026 @ 10:00:00.000","May 18, 2026 @ 22:00:01.000","Lot 192 Leary Rd","98 RON","6,171","201.9",BP,"BP Baldivis Southbound Travel Centre",BALDIVIS,"(blank)"
"FuelWatch WA","FuelWatchRetail-05-2026.csv","May 17, 2026 @ 10:00:00.000","May 18, 2026 @ 22:00:01.000","Lot 21 Eyre Hwy",ULP,"6,443","234.7",BP,"BP Balladonia","FRASER RANGE","(blank)"
"FuelWatch WA","FuelWatchRetail-05-2026.csv","May 17, 2026 @ 10:00:00.000","May 18, 2026 @ 22:00:01.000","2 Illawarra Cres North",ULP,"6,066","177.9",BP,"BP Ballajura",BALLAJURA,"(blank)"
"FuelWatch WA","FuelWatchRetail-05-2026.csv","May 17, 2026 @ 10:00:00.000","May 18, 2026 @ 22:00:01.000","2 Illawarra Cres North",PULP,"6,066","193.9",BP,"BP Ballajura",BALLAJURA,"(blank)"
"FuelWatch WA","FuelWatchRetail-05-2026.csv","May 17, 2026 @ 10:00:00.000","May 18, 2026 @ 22:00:01.000","2 Illawarra Cres North","98 RON","6,066","201.9",BP,"BP Ballajura",BALLAJURA,"(blank)"
"FuelWatch WA","FuelWatchRetail-05-2026.csv","May 17, 2026 @ 10:00:00.000","May 18, 2026 @ 22:00:01.000","52 Lucas St",Diesel,"6,472","249.9",BP,"BP Beacon OPT",BEACON,"(blank)"
"FuelWatch WA","FuelWatchRetail-05-2026.csv","May 17, 2026 @ 10:00:00.000","May 18, 2026 @ 22:00:01.000","701 Beeliar Dr",Diesel,"6,164","229.9",BP,"BP Beeliar","COCKBURN CENTRAL","(blank)"
"FuelWatch WA","FuelWatchRetail-05-2026.csv","May 17, 2026 @ 10:00:00.000","May 18, 2026 @ 22:00:01.000","701 Beeliar Dr",LPG,"6,164","159.9",BP,"BP Beeliar","COCKBURN CENTRAL","(blank)"
"FuelWatch WA","FuelWatchRetail-05-2026.csv","May 17, 2026 @ 10:00:00.000","May 18, 2026 @ 22:00:01.000","701 Beeliar Dr","98 RON","6,164","206.9",BP,"BP Beeliar","COCKBURN CENTRAL","(blank)"
"FuelWatch WA","FuelWatchRetail-05-2026.csv","May 17, 2026 @ 10:00:00.000","May 18, 2026 @ 22:00:01.000","261 Eddystone Ave",ULP,"6,027","183.9",BP,"BP Beldon",BELDON,"(blank)"
"FuelWatch WA","FuelWatchRetail-05-2026.csv","May 17, 2026 @ 10:00:00.000","May 18, 2026 @ 22:00:01.000","38 Brown St",ULP,"6,477","215.9",BP,"BP Bencubbin OPT",BENCUBBIN,"(blank)"
"FuelWatch WA","FuelWatchRetail-05-2026.csv","May 17, 2026 @ 10:00:00.000","May 18, 2026 @ 22:00:01.000","2 Wellard St",Diesel,"6,163","226.9",BP,"BP Bibra Lake","BIBRA LAKE","(blank)"
"FuelWatch WA","FuelWatchRetail-05-2026.csv","May 17, 2026 @ 10:00:00.000","May 18, 2026 @ 22:00:01.000","276 Port Dr",Diesel,"6,725","246.9",BP,"BP Broome Depot (Recharge Petroleum)",MINYIRR,"(blank)"
"FuelWatch WA","FuelWatchRetail-05-2026.csv","May 17, 2026 @ 10:00:00.000","May 18, 2026 @ 22:00:01.000","1 Johnson St",ULP,"6,418","185.9",BP,"BP Bruce Rock OPT","BRUCE ROCK","(blank)"
"FuelWatch WA","FuelWatchRetail-05-2026.csv","May 17, 2026 @ 10:00:00.000","May 18, 2026 @ 22:00:01.000","26 Albert St",ULP,"6,280","184.9",BP,"BP Busselton",BUSSELTON,"(blank)"
"FuelWatch WA","FuelWatchRetail-05-2026.csv","May 17, 2026 @ 10:00:00.000","May 18, 2026 @ 22:00:01.000","26 Albert St","98 RON","6,280","205.9",BP,"BP Busselton",BUSSELTON,"(blank)"
"FuelWatch WA","FuelWatchRetail-05-2026.csv","May 17, 2026 @ 10:00:00.000","May 18, 2026 @ 22:00:01.000","13 Bannister Rd",Diesel,"6,155","225.9",BP,"BP Canning Vale OPT","CANNING VALE","(blank)"
"FuelWatch WA","FuelWatchRetail-05-2026.csv","May 17, 2026 @ 10:00:00.000","May 18, 2026 @ 22:00:01.000","1134 North West Coastal Hwy",ULP,"6,701","215.9",BP,"BP Carnarvon","BROWN RANGE","(blank)"
"FuelWatch WA","FuelWatchRetail-05-2026.csv","May 17, 2026 @ 10:00:00.000","May 18, 2026 @ 22:00:01.000","28K Caloundra Rd",PULP,"6,030","192.9",BP,"BP Clarkson",CLARKSON,"(blank)"
"FuelWatch WA","FuelWatchRetail-05-2026.csv","May 17, 2026 @ 10:00:00.000","May 18, 2026 @ 22:00:01.000","210 Great Eastern Hwy",ULP,"6,104","175.9",BP,"BP Connect Ascot (WA)",ASCOT,"(blank)"
"FuelWatch WA","FuelWatchRetail-05-2026.csv","May 17, 2026 @ 10:00:00.000","May 18, 2026 @ 22:00:01.000","2 Prendiville Ave","Brand Diesel","6,027","225.9",BP,"BP Connect Beaumauris","OCEAN REEF","(blank)"
"FuelWatch WA","FuelWatchRetail-05-2026.csv","May 17, 2026 @ 10:00:00.000","May 18, 2026 @ 22:00:01.000","44 Archer St",PULP,"6,101","194.9",BP,"BP Connect Carlisle",CARLISLE,"(blank)"
"FuelWatch WA","FuelWatchRetail-05-2026.csv","May 17, 2026 @ 10:00:00.000","May 18, 2026 @ 22:00:01.000","44 Archer St","Brand Diesel","6,101","229.9",BP,"BP Connect Carlisle",CARLISLE,"(blank)"
"FuelWatch WA","FuelWatchRetail-05-2026.csv","May 17, 2026 @ 10:00:00.000","May 18, 2026 @ 22:00:01.000","4 Chisham Ave",ULP,"6,167","175.9",BP,"BP Connect Kwinana Hub","KWINANA TOWN CENTRE","(blank)"
"FuelWatch WA","FuelWatchRetail-05-2026.csv","May 17, 2026 @ 10:00:00.000","May 18, 2026 @ 22:00:01.000","218 Main St",PULP,"6,017","190.9",BP,"BP Connect Main Street","OSBORNE PARK","(blank)"
"FuelWatch WA","FuelWatchRetail-05-2026.csv","May 17, 2026 @ 10:00:00.000","May 18, 2026 @ 22:00:01.000","218 Main St","Brand Diesel","6,017","225.9",BP,"BP Connect Main Street","OSBORNE PARK","(blank)"
"FuelWatch WA","FuelWatchRetail-05-2026.csv","May 17, 2026 @ 10:00:00.000","May 18, 2026 @ 22:00:01.000","2 Ridgewood Bvd",PULP,"6,030","191.9",BP,"BP Connect Merriwa",RIDGEWOOD,"(blank)"
"FuelWatch WA","FuelWatchRetail-05-2026.csv","May 17, 2026 @ 10:00:00.000","May 18, 2026 @ 22:00:01.000","246 Leach Hwy",PULP,"6,154","191.9",BP,"BP Connect Myaree",MYAREE,"(blank)"
"FuelWatch WA","FuelWatchRetail-05-2026.csv","May 17, 2026 @ 10:00:00.000","May 18, 2026 @ 22:00:01.000","246 Leach Hwy","Brand Diesel","6,154","232.9",BP,"BP Connect Myaree",MYAREE,"(blank)"
"FuelWatch WA","FuelWatchRetail-05-2026.csv","May 17, 2026 @ 10:00:00.000","May 18, 2026 @ 22:00:01.000","349 Charles St","Brand Diesel","6,006","229.9",BP,"BP Connect North Perth","NORTH PERTH","(blank)"
"FuelWatch WA","FuelWatchRetail-05-2026.csv","May 17, 2026 @ 10:00:00.000","May 18, 2026 @ 22:00:01.000","349 Charles St","98 RON","6,006","200.9",BP,"BP Connect North Perth","NORTH PERTH","(blank)"
"FuelWatch WA","FuelWatchRetail-05-2026.csv","May 17, 2026 @ 10:00:00.000","May 18, 2026 @ 22:00:01.000","2 Warburton Ave",PULP,"6,025","191.9",BP,"BP Connect Padbury",PADBURY,"(blank)"
"FuelWatch WA","FuelWatchRetail-05-2026.csv","May 17, 2026 @ 10:00:00.000","May 18, 2026 @ 22:00:01.000","214 Warnbro Sound Ave",ULP,"6,169","175.9",BP,"BP Connect Palm Springs",WARNBRO,"(blank)"
"FuelWatch WA","FuelWatchRetail-05-2026.csv","May 17, 2026 @ 10:00:00.000","May 18, 2026 @ 22:00:01.000","214 Warnbro Sound Ave",PULP,"6,169","190.9",BP,"BP Connect Palm Springs",WARNBRO,"(blank)"
"FuelWatch WA","FuelWatchRetail-05-2026.csv","May 17, 2026 @ 10:00:00.000","May 18, 2026 @ 22:00:01.000","222 Rockingham Rd",PULP,"6,163","194.9",BP,"BP Connect Phoenix",SPEARWOOD,"(blank)"
"FuelWatch WA","FuelWatchRetail-05-2026.csv","May 17, 2026 @ 10:00:00.000","May 18, 2026 @ 22:00:01.000","339 High Rd",ULP,"6,148","176.9",BP,"BP Connect Riverton",RIVERTON,"(blank)"
"FuelWatch WA","FuelWatchRetail-05-2026.csv","May 17, 2026 @ 10:00:00.000","May 18, 2026 @ 22:00:01.000","2 Chalgrove Ave","Brand Diesel","6,168","235.9",BP,"BP Connect Rockingham Park",ROCKINGHAM,"(blank)"
"FuelWatch WA","FuelWatchRetail-05-2026.csv","May 17, 2026 @ 10:00:00.000","May 18, 2026 @ 22:00:01.000","9 Mends St",ULP,"6,151","177.9",BP,"BP Connect South Perth","SOUTH PERTH","(blank)"
"FuelWatch WA","FuelWatchRetail-05-2026.csv","May 17, 2026 @ 10:00:00.000","May 18, 2026 @ 22:00:01.000","9 Mends St","98 RON","6,151","202.9",BP,"BP Connect South Perth","SOUTH PERTH","(blank)"
"FuelWatch WA","FuelWatchRetail-05-2026.csv","May 17, 2026 @ 10:00:00.000","May 18, 2026 @ 22:00:01.000","810 Beeliar Dr",ULP,"6,164","176.9",BP,"BP Connect Thomsons Lake",SUCCESS,"(blank)"
"FuelWatch WA","FuelWatchRetail-05-2026.csv","May 17, 2026 @ 10:00:00.000","May 18, 2026 @ 22:00:01.000","810 Beeliar Dr","98 RON","6,164","200.9",BP,"BP Connect Thomsons Lake",SUCCESS,"(blank)"
"FuelWatch WA","FuelWatchRetail-05-2026.csv","May 17, 2026 @ 10:00:00.000","May 18, 2026 @ 22:00:01.000","261 Walter Rd West",ULP,"6,062","175.9",BP,"BP Connect Wellington Rd",MORLEY,"(blank)"
"FuelWatch WA","FuelWatchRetail-05-2026.csv","May 17, 2026 @ 10:00:00.000","May 18, 2026 @ 22:00:01.000","261 Walter Rd West","98 RON","6,062","198.9",BP,"BP Connect Wellington Rd",MORLEY,"(blank)"
"FuelWatch WA","FuelWatchRetail-05-2026.csv","May 17, 2026 @ 10:00:00.000","May 18, 2026 @ 22:00:01.000","1 Walton St","98 RON","6,375","216.9",BP,"BP Corrigin OPT",CORRIGIN,"(blank)"
"FuelWatch WA","FuelWatchRetail-05-2026.csv","May 17, 2026 @ 10:00:00.000","May 18, 2026 @ 22:00:01.000","1 Roy Earl Dr",ULP,"6,284","189.9",BP,"BP Cowaramup",COWARAMUP,"(blank)"
"FuelWatch WA","FuelWatchRetail-05-2026.csv","May 17, 2026 @ 10:00:00.000","May 18, 2026 @ 22:00:01.000","1 Roy Earl Dr",PULP,"6,284","204.9",BP,"BP Cowaramup",COWARAMUP,"(blank)"
"FuelWatch WA","FuelWatchRetail-05-2026.csv","May 17, 2026 @ 10:00:00.000","May 18, 2026 @ 22:00:01.000","1 Roy Earl Dr","Brand Diesel","6,284","241.9",BP,"BP Cowaramup",COWARAMUP,"(blank)"
"FuelWatch WA","FuelWatchRetail-05-2026.csv","May 17, 2026 @ 10:00:00.000","May 18, 2026 @ 22:00:01.000","Lot 6 Great Eastern Hwy",ULP,"6,407","179.9",BP,"BP Cunderdin Roadhouse",CUNDERDIN,"(blank)"
"FuelWatch WA","FuelWatchRetail-05-2026.csv","May 17, 2026 @ 10:00:00.000","May 18, 2026 @ 22:00:01.000","Lot 6 Great Eastern Hwy",Diesel,"6,407","215.9",BP,"BP Cunderdin Roadhouse",CUNDERDIN,"(blank)"
"FuelWatch WA","FuelWatchRetail-05-2026.csv","May 17, 2026 @ 10:00:00.000","May 18, 2026 @ 22:00:01.000","44 South Coast Hwy",ULP,"6,333","189.9",BP,"BP Denmark",DENMARK,"(blank)"
"FuelWatch WA","FuelWatchRetail-05-2026.csv","May 17, 2026 @ 10:00:00.000","May 18, 2026 @ 22:00:01.000","44 South Coast Hwy",Diesel,"6,333","224.9",BP,"BP Denmark",DENMARK,"(blank)"
"FuelWatch WA","FuelWatchRetail-05-2026.csv","May 17, 2026 @ 10:00:00.000","May 18, 2026 @ 22:00:01.000","138 Loch St",Diesel,"6,728","256.9",BP,"BP Derby",DERBY,"(blank)"
"FuelWatch WA","FuelWatchRetail-05-2026.csv","May 17, 2026 @ 10:00:00.000","May 18, 2026 @ 22:00:01.000","15 South Western Hwy",Diesel,"6,239","236.9",BP,"BP Donnybrook",DONNYBROOK,"(blank)"
"FuelWatch WA","FuelWatchRetail-05-2026.csv","May 17, 2026 @ 10:00:00.000","May 18, 2026 @ 22:00:01.000","137 Dixon Rd",ULP,"6,168","177.9",BP,"BP East Rockingham","EAST ROCKINGHAM","(blank)"
"FuelWatch WA","FuelWatchRetail-05-2026.csv","May 17, 2026 @ 10:00:00.000","May 18, 2026 @ 22:00:01.000","180 The Promenade",PULP,"6,069","191.9",BP,"BP Ellenbrook",ELLENBROOK,"(blank)"
"FuelWatch WA","FuelWatchRetail-05-2026.csv","May 17, 2026 @ 10:00:00.000","May 18, 2026 @ 22:00:01.000","484 Walter Rd East",ULP,"6,062","173.9",BP,"BP Embleton",EMBLETON,"(blank)"
"FuelWatch WA","FuelWatchRetail-05-2026.csv","May 17, 2026 @ 10:00:00.000","May 18, 2026 @ 22:00:01.000","484 Walter Rd East","98 RON","6,062","197.9",BP,"BP Embleton",EMBLETON,"(blank)"
"FuelWatch WA","FuelWatchRetail-05-2026.csv","May 17, 2026 @ 10:00:00.000","May 18, 2026 @ 22:00:01.000","Lot 315 Great Northern Hwy",ULP,"6,765","218.9",BP,"BP Fitzroy Crossing","FITZROY CROSSING","(blank)"
"FuelWatch WA","FuelWatchRetail-05-2026.csv","May 17, 2026 @ 10:00:00.000","May 18, 2026 @ 22:00:01.000","2 Alex Wood Dr",ULP,"6,112","177.9",BP,"BP Forrestdale",FORRESTDALE,"(blank)"
"FuelWatch WA","FuelWatchRetail-05-2026.csv","May 17, 2026 @ 10:00:00.000","May 18, 2026 @ 22:00:01.000","1 Canham Way",PULP,"6,024","193.9",BP,"BP Greenwood North",GREENWOOD,"(blank)"
"FuelWatch WA","FuelWatchRetail-05-2026.csv","May 17, 2026 @ 10:00:00.000","May 18, 2026 @ 22:00:01.000","2 Guava Way",ULP,"6,210","176.9",BP,"BP Halls Head","HALLS HEAD","(blank)"
"FuelWatch WA","FuelWatchRetail-05-2026.csv","May 17, 2026 @ 10:00:00.000","May 18, 2026 @ 22:00:01.000","2 Guava Way","98 RON","6,210","200.9",BP,"BP Halls Head","HALLS HEAD","(blank)"
"FuelWatch WA","FuelWatchRetail-05-2026.csv","May 17, 2026 @ 10:00:00.000","May 18, 2026 @ 22:00:01.000","1520 Gnangara Rd",ULP,"6,055","183.9",BP,"BP Henley Brook","HENLEY BROOK","(blank)"
"FuelWatch WA","FuelWatchRetail-05-2026.csv","May 17, 2026 @ 10:00:00.000","May 18, 2026 @ 22:00:01.000","1520 Gnangara Rd",PULP,"6,055","198.9",BP,"BP Henley Brook","HENLEY BROOK","(blank)"
"FuelWatch WA","FuelWatchRetail-05-2026.csv","May 17, 2026 @ 10:00:00.000","May 18, 2026 @ 22:00:01.000","342 Beaufort St",PULP,"6,000","194.9",BP,"BP Highgate",PERTH,"(blank)"
"FuelWatch WA","FuelWatchRetail-05-2026.csv","May 17, 2026 @ 10:00:00.000","May 18, 2026 @ 22:00:01.000","342 Beaufort St","Brand Diesel","6,000","219.9",BP,"BP Highgate",PERTH,"(blank)"
"FuelWatch WA","FuelWatchRetail-05-2026.csv","May 17, 2026 @ 10:00:00.000","May 18, 2026 @ 22:00:01.000","342 Beaufort St","98 RON","6,000","204.9",BP,"BP Highgate",PERTH,"(blank)"
"FuelWatch WA","FuelWatchRetail-05-2026.csv","May 17, 2026 @ 10:00:00.000","May 18, 2026 @ 22:00:01.000","68 Warton Rd",ULP,"6,110","177.9",BP,"BP Huntingdale",HUNTINGDALE,"(blank)"
"FuelWatch WA","FuelWatchRetail-05-2026.csv","May 17, 2026 @ 10:00:00.000","May 18, 2026 @ 22:00:01.000","68 Warton Rd","98 RON","6,110","202.9",BP,"BP Huntingdale",HUNTINGDALE,"(blank)"
"FuelWatch WA","FuelWatchRetail-05-2026.csv","May 17, 2026 @ 10:00:00.000","May 18, 2026 @ 22:00:01.000","5 Memorial Rd","98 RON","6,337","229.9",BP,"BP Jerramungup OPT",JERRAMUNGUP,"(blank)"
"FuelWatch WA","FuelWatchRetail-05-2026.csv","May 17, 2026 @ 10:00:00.000","May 18, 2026 @ 22:00:01.000","2 Abello Bvd","Brand Diesel","6,036","223.9",BP,"BP Jindalee",JINDALEE,"(blank)"
"FuelWatch WA","FuelWatchRetail-05-2026.csv","May 17, 2026 @ 10:00:00.000","May 18, 2026 @ 22:00:01.000","110 Bashford St",Diesel,"6,516",246,BP,"BP Jurien Bay","JURIEN BAY","(blank)"
"FuelWatch WA","FuelWatchRetail-05-2026.csv","May 17, 2026 @ 10:00:00.000","May 18, 2026 @ 22:00:01.000","22 Ajana-Kalbarri Rd",ULP,"6,536","190.9",BP,"BP Kalbarri",KALBARRI,"(blank)"
"FuelWatch WA","FuelWatchRetail-05-2026.csv","May 17, 2026 @ 10:00:00.000","May 18, 2026 @ 22:00:01.000","22 Ajana-Kalbarri Rd",Diesel,"6,536","239.9",BP,"BP Kalbarri",KALBARRI,"(blank)"
"FuelWatch WA","FuelWatchRetail-05-2026.csv","May 17, 2026 @ 10:00:00.000","May 18, 2026 @ 22:00:01.000","248 Celebration Rd",ULP,"6,430","183.9",BP,"BP Kalgoorlie-Boulder Truckstop",YILKARI,"(blank)"
"FuelWatch WA","FuelWatchRetail-05-2026.csv","May 17, 2026 @ 10:00:00.000","May 18, 2026 @ 22:00:01.000","Lot 35 Goldfields Hwy","98 RON","6,442","232.9",BP,"BP Kambalda","KAMBALDA EAST","(blank)"
"FuelWatch WA","FuelWatchRetail-05-2026.csv","May 17, 2026 @ 10:00:00.000","May 18, 2026 @ 22:00:01.000","88 Gilbertson Rd",ULP,"6,163","177.9",BP,"BP Kardinya",KARDINYA,"(blank)"
"FuelWatch WA","FuelWatchRetail-05-2026.csv","May 17, 2026 @ 10:00:00.000","May 18, 2026 @ 22:00:01.000","88 Gilbertson Rd","Brand Diesel","6,163","229.9",BP,"BP Kardinya",KARDINYA,"(blank)"
"FuelWatch WA","FuelWatchRetail-05-2026.csv","May 17, 2026 @ 10:00:00.000","May 18, 2026 @ 22:00:01.000","30 Balmoral Rd",ULP,"6,714","199.9",BP,"BP Karratha Service Station",KARRATHA,"(blank)"
"FuelWatch WA","FuelWatchRetail-05-2026.csv","May 17, 2026 @ 10:00:00.000","May 18, 2026 @ 22:00:01.000","30 Balmoral Rd","Brand Diesel","6,714","249.9",BP,"BP Karratha Service Station",KARRATHA,"(blank)"
"FuelWatch WA","FuelWatchRetail-05-2026.csv","May 17, 2026 @ 10:00:00.000","May 18, 2026 @ 22:00:01.000","30 Balmoral Rd","98 RON","6,714","222.9",BP,"BP Karratha Service Station",KARRATHA,"(blank)"
"FuelWatch WA","FuelWatchRetail-05-2026.csv","May 17, 2026 @ 10:00:00.000","May 18, 2026 @ 22:00:01.000","Lot 9 Resource Rd","Brand Diesel","6,714","249.9",BP,"BP Karratha West","GAP RIDGE","(blank)"
"FuelWatch WA","FuelWatchRetail-05-2026.csv","May 17, 2026 @ 10:00:00.000","May 18, 2026 @ 22:00:01.000","76 Dore St",Diesel,"6,317","235.9",BP,"BP Katanning OPT",KATANNING,"(blank)"
"FuelWatch WA","FuelWatchRetail-05-2026.csv","May 17, 2026 @ 10:00:00.000","May 18, 2026 @ 22:00:01.000","76 Dore St","98 RON","6,317","235.9",BP,"BP Katanning OPT",KATANNING,"(blank)"
"FuelWatch WA","FuelWatchRetail-05-2026.csv","May 17, 2026 @ 10:00:00.000","May 18, 2026 @ 22:00:01.000","48 Courtney Pl","98 RON","6,107","201.9",BP,"BP Kenwick","WATTLE GROVE","(blank)"
"FuelWatch WA","FuelWatchRetail-05-2026.csv","May 17, 2026 @ 10:00:00.000","May 18, 2026 @ 22:00:01.000","28 Koondoola Ave",ULP,"6,064","177.9",BP,"BP Koondoola",KOONDOOLA,"(blank)"
"FuelWatch WA","FuelWatchRetail-05-2026.csv","May 17, 2026 @ 10:00:00.000","May 18, 2026 @ 22:00:01.000","28 Koondoola Ave",Diesel,"6,064","227.9",BP,"BP Koondoola",KOONDOOLA,"(blank)"
"FuelWatch WA","FuelWatchRetail-05-2026.csv","May 17, 2026 @ 10:00:00.000","May 18, 2026 @ 22:00:01.000","1 Railway St",ULP,"6,475","199.9",BP,"BP Koorda OPT",KOORDA,"(blank)"
"FuelWatch WA","FuelWatchRetail-05-2026.csv","May 17, 2026 @ 10:00:00.000","May 18, 2026 @ 22:00:01.000","1 Railway St",Diesel,"6,475","249.9",BP,"BP Koorda OPT",KOORDA,"(blank)"
"FuelWatch WA","FuelWatchRetail-05-2026.csv","May 17, 2026 @ 10:00:00.000","May 18, 2026 @ 22:00:01.000","27 Scaddan St",ULP,"6,352","205.9",BP,"BP Kukerin OPT",KUKERIN,"(blank)"
"FuelWatch WA","FuelWatchRetail-05-2026.csv","May 17, 2026 @ 10:00:00.000","May 18, 2026 @ 22:00:01.000","CBH Access Rd",ULP,"6,365","205.9",BP,"BP Kulin OPT",KULIN,"(blank)"
"FuelWatch WA","FuelWatchRetail-05-2026.csv","May 17, 2026 @ 10:00:00.000","May 18, 2026 @ 22:00:01.000","164 Hyden-Lake King Rd",Diesel,"6,356","249.9",BP,"BP Lake King OPT","LAKE KING","(blank)"
"FuelWatch WA","FuelWatchRetail-05-2026.csv","May 17, 2026 @ 10:00:00.000","May 18, 2026 @ 22:00:01.000","370 Victoria Rd",ULP,"6,090","176.9",BP,"BP Malaga",MALAGA,"(blank)"
"FuelWatch WA","FuelWatchRetail-05-2026.csv","May 17, 2026 @ 10:00:00.000","May 18, 2026 @ 22:00:01.000","370 Victoria Rd",PULP,"6,090","191.9",BP,"BP Malaga",MALAGA,"(blank)"
"FuelWatch WA","FuelWatchRetail-05-2026.csv","May 17, 2026 @ 10:00:00.000","May 18, 2026 @ 22:00:01.000","370 Victoria Rd","Brand Diesel","6,090","228.9",BP,"BP Malaga",MALAGA,"(blank)"
"FuelWatch WA","FuelWatchRetail-05-2026.csv","May 17, 2026 @ 10:00:00.000","May 18, 2026 @ 22:00:01.000","96 Giblett St",ULP,"6,258","191.9",BP,"BP Manjimup",MANJIMUP,"(blank)"
"FuelWatch WA","FuelWatchRetail-05-2026.csv","May 17, 2026 @ 10:00:00.000","May 18, 2026 @ 22:00:01.000","96 Giblett St",Diesel,"6,258","236.9",BP,"BP Manjimup",MANJIMUP,"(blank)"
"FuelWatch WA","FuelWatchRetail-05-2026.csv","May 17, 2026 @ 10:00:00.000","May 18, 2026 @ 22:00:01.000","47-49 Todd St","98 RON","6,415","209.7",BP,"BP Merredin Roadhouse",MERREDIN,"(blank)"
"FuelWatch WA","FuelWatchRetail-05-2026.csv","May 17, 2026 @ 10:00:00.000","May 18, 2026 @ 22:00:01.000","61-63 Dookling Dr","98 RON","6,575",230,BP,"BP Miling",MILING,"(blank)"
"FuelWatch WA","FuelWatchRetail-05-2026.csv","May 17, 2026 @ 10:00:00.000","May 18, 2026 @ 22:00:01.000","360 Anchorage Dr North",ULP,"6,030","183.9",BP,"BP Mindarie",MINDARIE,"(blank)"
"FuelWatch WA","FuelWatchRetail-05-2026.csv","May 17, 2026 @ 10:00:00.000","May 18, 2026 @ 22:00:01.000","6 Ealenor St",ULP,"6,522","221.9",BP,"BP Mingenew OPT",MINGENEW,"(blank)"
"FuelWatch WA","FuelWatchRetail-05-2026.csv","May 17, 2026 @ 10:00:00.000","May 18, 2026 @ 22:00:01.000","153 Gardiner St",ULP,"6,510","205.9",BP,"BP Moora Depot",MOORA,"(blank)"
"FuelWatch WA","FuelWatchRetail-05-2026.csv","May 17, 2026 @ 10:00:00.000","May 18, 2026 @ 22:00:01.000","335 Walter Rd West",ULP,"6,062","179.9",BP,"BP Morley",MORLEY,"(blank)"
"FuelWatch WA","FuelWatchRetail-05-2026.csv","May 17, 2026 @ 10:00:00.000","May 18, 2026 @ 22:00:01.000","Lot 161 Strugnell St","98 RON","6,479","235.9",BP,"BP Mukinbudin OPT",MUKINBUDIN,"(blank)"
"FuelWatch WA","FuelWatchRetail-05-2026.csv","May 17, 2026 @ 10:00:00.000","May 18, 2026 @ 22:00:01.000","101 Dampier Av",ULP,"6,027","183.9",BP,"BP Mullaloo",MULLALOO,"(blank)"
"FuelWatch WA","FuelWatchRetail-05-2026.csv","May 17, 2026 @ 10:00:00.000","May 18, 2026 @ 22:00:01.000","101 Dampier Av","Brand Diesel","6,027","229.9",BP,"BP Mullaloo",MULLALOO,"(blank)"
"FuelWatch WA","FuelWatchRetail-05-2026.csv","May 17, 2026 @ 10:00:00.000","May 18, 2026 @ 22:00:01.000","101 Dampier Av","98 RON","6,027","208.9",BP,"BP Mullaloo",MULLALOO,"(blank)"
"FuelWatch WA","FuelWatchRetail-05-2026.csv","May 17, 2026 @ 10:00:00.000","May 18, 2026 @ 22:00:01.000","70 Warren Rd","98 RON","6,275","238.9",BP,"BP Nannup",NANNUP,"(blank)"
"FuelWatch WA","FuelWatchRetail-05-2026.csv","May 17, 2026 @ 10:00:00.000","May 18, 2026 @ 22:00:01.000","37 Federal St",ULP,"6,312","192.9",BP,"BP Narrogin",NARROGIN,"(blank)"
"FuelWatch WA","FuelWatchRetail-05-2026.csv","May 17, 2026 @ 10:00:00.000","May 18, 2026 @ 22:00:01.000","1351 Rockingham Rd",PULP,"6,165","188.9",BP,"BP Naval Base","NAVAL BASE","(blank)"
"FuelWatch WA","FuelWatchRetail-05-2026.csv","May 17, 2026 @ 10:00:00.000","May 18, 2026 @ 22:00:01.000","1351 Rockingham Rd","98 RON","6,165","197.9",BP,"BP Naval Base","NAVAL BASE","(blank)"
"FuelWatch WA","FuelWatchRetail-05-2026.csv","May 17, 2026 @ 10:00:00.000","May 18, 2026 @ 22:00:01.000","386 Scarborough Beach Rd",PULP,"6,018","191.9",BP,"BP Nookenburra",INNALOO,"(blank)"
"FuelWatch WA","FuelWatchRetail-05-2026.csv","May 17, 2026 @ 10:00:00.000","May 18, 2026 @ 22:00:01.000","386 Scarborough Beach Rd","98 RON","6,018","200.9",BP,"BP Nookenburra",INNALOO,"(blank)"
"FuelWatch WA","FuelWatchRetail-05-2026.csv","May 17, 2026 @ 10:00:00.000","May 18, 2026 @ 22:00:01.000","Lot 2 Eyre Hwy","98 RON","6,443","230.8",BP,"BP Norseman",NORSEMAN,"(blank)"
"FuelWatch WA","FuelWatchRetail-05-2026.csv","May 17, 2026 @ 10:00:00.000","May 18, 2026 @ 22:00:01.000","78 Old York Rd",ULP,"6,401","199.9",BP,"BP Northam OPT",NORTHAM,"(blank)"
"FuelWatch WA","FuelWatchRetail-05-2026.csv","May 17, 2026 @ 10:00:00.000","May 18, 2026 @ 22:00:01.000","34 Railway Ave",ULP,"6,490","220.9",BP,"BP Nungarin OPT",NUNGARIN,"(blank)"
"FuelWatch WA","FuelWatchRetail-05-2026.csv","May 17, 2026 @ 10:00:00.000","May 18, 2026 @ 22:00:01.000","85 Forrest Ave",Diesel,"6,230","229.9",BP,"BP Parklands","SOUTH BUNBURY","(blank)"
"FuelWatch WA","FuelWatchRetail-05-2026.csv","May 17, 2026 @ 10:00:00.000","May 18, 2026 @ 22:00:01.000","85 Forrest Ave","Brand Diesel","6,230","233.9",BP,"BP Parklands","SOUTH BUNBURY","(blank)"
"FuelWatch WA","FuelWatchRetail-05-2026.csv","May 17, 2026 @ 10:00:00.000","May 18, 2026 @ 22:00:01.000","12 Erade Dr",ULP,"6,112","175.9",BP,"BP Piara Waters","PIARA WATERS","(blank)"
"FuelWatch WA","FuelWatchRetail-05-2026.csv","May 17, 2026 @ 10:00:00.000","May 18, 2026 @ 22:00:01.000","12 Erade Dr","98 RON","6,112","199.9",BP,"BP Piara Waters","PIARA WATERS","(blank)"
"FuelWatch WA","FuelWatchRetail-05-2026.csv","May 17, 2026 @ 10:00:00.000","May 18, 2026 @ 22:00:01.000","Lot 202 Wimbridge Rd","Brand Diesel","6,229","233.9",BP,"BP Picton Truckstop",PICTON,"(blank)"
"FuelWatch WA","FuelWatchRetail-05-2026.csv","May 17, 2026 @ 10:00:00.000","May 18, 2026 @ 22:00:01.000","43 Brown St",ULP,"6,308","189.9",BP,"BP Pingelly OPT",PINGELLY,"(blank)"
"FuelWatch WA","FuelWatchRetail-05-2026.csv","May 17, 2026 @ 10:00:00.000","May 18, 2026 @ 22:00:01.000","43 Brown St","98 RON","6,308","219.9",BP,"BP Pingelly OPT",PINGELLY,"(blank)"
"FuelWatch WA","FuelWatchRetail-05-2026.csv","May 17, 2026 @ 10:00:00.000","May 18, 2026 @ 22:00:01.000","90 Anderson St",ULP,"6,721",210,BP,"BP Port Hedland","PORT HEDLAND","(blank)"
"FuelWatch WA","FuelWatchRetail-05-2026.csv","May 17, 2026 @ 10:00:00.000","May 18, 2026 @ 22:00:01.000","150 Anderson St","98 RON","6,721","234.9",BP,"BP Port Hedland Boulevard","PORT HEDLAND","(blank)"
"FuelWatch WA","FuelWatchRetail-05-2026.csv","May 17, 2026 @ 10:00:00.000","May 18, 2026 @ 22:00:01.000","46 Bakewell Dr",PULP,"6,172","193.9",BP,"BP Port Kennedy","PORT KENNEDY","(blank)"
"FuelWatch WA","FuelWatchRetail-05-2026.csv","May 17, 2026 @ 10:00:00.000","May 18, 2026 @ 22:00:01.000","43 Hampton St",ULP,"6,255","191.9",BP,"BP Roadhouse Bridgetown",BRIDGETOWN,"(blank)"
"FuelWatch WA","FuelWatchRetail-05-2026.csv","May 17, 2026 @ 10:00:00.000","May 18, 2026 @ 22:00:01.000","30373 Brand Hwy",ULP,"6,525","184.9",BP,"BP Roadhouse Dongara",DONGARA,"(blank)"
"FuelWatch WA","FuelWatchRetail-05-2026.csv","May 17, 2026 @ 10:00:00.000","May 18, 2026 @ 22:00:01.000","2 Roe St",Diesel,"6,718","264.9",BP,"BP Roebourne",ROEBOURNE,"(blank)"
"FuelWatch WA","FuelWatchRetail-05-2026.csv","May 17, 2026 @ 10:00:00.000","May 18, 2026 @ 22:00:01.000","129 Stirling Hwy",ULP,"6,009","176.9",BP,"BP Rosegarden",NEDLANDS,"(blank)"
"FuelWatch WA","FuelWatchRetail-05-2026.csv","May 17, 2026 @ 10:00:00.000","May 18, 2026 @ 22:00:01.000","129 Stirling Hwy","Brand Diesel","6,009","232.9",BP,"BP Rosegarden",NEDLANDS,"(blank)"
"FuelWatch WA","FuelWatchRetail-05-2026.csv","May 17, 2026 @ 10:00:00.000","May 18, 2026 @ 22:00:01.000","101 Guy St",Diesel,"6,725","248.9",BP,"BP Shinju Broome",BROOME,"(blank)"
"FuelWatch WA","FuelWatchRetail-05-2026.csv","May 17, 2026 @ 10:00:00.000","May 18, 2026 @ 22:00:01.000","101 Guy St","98 RON","6,725","237.9",BP,"BP Shinju Broome",BROOME,"(blank)"
"FuelWatch WA","FuelWatchRetail-05-2026.csv","May 17, 2026 @ 10:00:00.000","May 18, 2026 @ 22:00:01.000","2514 Mandurah Rd","Brand Diesel","6,175","229.9",BP,"BP Singleton",SINGLETON,"(blank)"
"FuelWatch WA","FuelWatchRetail-05-2026.csv","May 17, 2026 @ 10:00:00.000","May 18, 2026 @ 22:00:01.000","128 West Coast Dr","Brand Diesel","6,020","225.9",BP,"BP Sorrento",SORRENTO,"(blank)"
"FuelWatch WA","FuelWatchRetail-05-2026.csv","May 17, 2026 @ 10:00:00.000","May 18, 2026 @ 22:00:01.000","188 Spencer St","98 RON","6,230","203.9",BP,"BP South Bunbury","SOUTH BUNBURY","(blank)"
"FuelWatch WA","FuelWatchRetail-05-2026.csv","May 17, 2026 @ 10:00:00.000","May 18, 2026 @ 22:00:01.000","229B Hampton Rd","Brand Diesel","6,162","225.9",BP,"BP South Fremantle","SOUTH FREMANTLE","(blank)"
"FuelWatch WA","FuelWatchRetail-05-2026.csv","May 17, 2026 @ 10:00:00.000","May 18, 2026 @ 22:00:01.000","229B Hampton Rd","98 RON","6,162","201.9",BP,"BP South Fremantle","SOUTH FREMANTLE","(blank)"
"FuelWatch WA","FuelWatchRetail-05-2026.csv","May 17, 2026 @ 10:00:00.000","May 18, 2026 @ 22:00:01.000","2 Throssell Rd",ULP,"6,722","216.9",BP,"BP South Hedland","SOUTH HEDLAND","(blank)"
"FuelWatch WA","FuelWatchRetail-05-2026.csv","May 17, 2026 @ 10:00:00.000","May 18, 2026 @ 22:00:01.000","2 Throssell Rd","Brand Diesel","6,722","259.9",BP,"BP South Hedland","SOUTH HEDLAND","(blank)"
"FuelWatch WA","FuelWatchRetail-05-2026.csv","May 17, 2026 @ 10:00:00.000","May 18, 2026 @ 22:00:01.000","30 Angove Rd",Diesel,"6,330","225.9",BP,"BP Spencer Park Service Station","SPENCER PARK","(blank)"
"FuelWatch WA","FuelWatchRetail-05-2026.csv","May 17, 2026 @ 10:00:00.000","May 18, 2026 @ 22:00:01.000","459 Nicholson Rd",ULP,"6,155","173.9",BP,"BP Thornlie","CANNING VALE","(blank)"
"FuelWatch WA","FuelWatchRetail-05-2026.csv","May 17, 2026 @ 10:00:00.000","May 18, 2026 @ 22:00:01.000","459 Nicholson Rd",PULP,"6,155","188.9",BP,"BP Thornlie","CANNING VALE","(blank)"
"FuelWatch WA","FuelWatchRetail-05-2026.csv","May 17, 2026 @ 10:00:00.000","May 18, 2026 @ 22:00:01.000","459 Nicholson Rd","Brand Diesel","6,155","219.9",BP,"BP Thornlie","CANNING VALE","(blank)"
"FuelWatch WA","FuelWatchRetail-05-2026.csv","May 17, 2026 @ 10:00:00.000","May 18, 2026 @ 22:00:01.000","Lot 68 Nameless Valley Dr",Diesel,"6,751","259.9",BP,"BP Tom Price","TOM PRICE","(blank)"
"FuelWatch WA","FuelWatchRetail-05-2026.csv","May 17, 2026 @ 10:00:00.000","May 18, 2026 @ 22:00:01.000","Lot 173 Sutherland St",Diesel,"6,488","259.9",BP,"BP Trayning OPT",TRAYNING,"(blank)"
"FuelWatch WA","FuelWatchRetail-05-2026.csv","May 17, 2026 @ 10:00:00.000","May 18, 2026 @ 22:00:01.000","430 Safety Bay Rd",ULP,"6,169","179.9",BP,"BP Waikiki","SAFETY BAY","(blank)"
"FuelWatch WA","FuelWatchRetail-05-2026.csv","May 17, 2026 @ 10:00:00.000","May 18, 2026 @ 22:00:01.000","1 Ballantyne Rd",ULP,"6,105","175.9",BP,"BP Welshpool",KEWDALE,"(blank)"
"FuelWatch WA","FuelWatchRetail-05-2026.csv","May 17, 2026 @ 10:00:00.000","May 18, 2026 @ 22:00:01.000","1 Ballantyne Rd",Diesel,"6,105","219.9",BP,"BP Welshpool",KEWDALE,"(blank)"
"FuelWatch WA","FuelWatchRetail-05-2026.csv","May 17, 2026 @ 10:00:00.000","May 18, 2026 @ 22:00:01.000","1 Ballantyne Rd","98 RON","6,105","199.9",BP,"BP Welshpool",KEWDALE,"(blank)"
"FuelWatch WA","FuelWatchRetail-05-2026.csv","May 17, 2026 @ 10:00:00.000","May 18, 2026 @ 22:00:01.000","85 Queen Victoria St",ULP,"6,160","176.9",BP,"BP Westgate",FREMANTLE,"(blank)"
"FuelWatch WA","FuelWatchRetail-05-2026.csv","May 17, 2026 @ 10:00:00.000","May 18, 2026 @ 22:00:01.000","85 Queen Victoria St","Brand Diesel","6,160","229.9",BP,"BP Westgate",FREMANTLE,"(blank)"
"FuelWatch WA","FuelWatchRetail-05-2026.csv","May 17, 2026 @ 10:00:00.000","May 18, 2026 @ 22:00:01.000","160 Wongan Rd",ULP,"6,603","190.9",BP,"BP Wongan Hills OPT","WONGAN HILLS","(blank)"
"FuelWatch WA","FuelWatchRetail-05-2026.csv","May 17, 2026 @ 10:00:00.000","May 18, 2026 @ 22:00:01.000","190 North West Coastal Hwy","98 RON","6,530","204.9",BP,"BP Wonthella Service Station",WEBBERTON,"(blank)"
"FuelWatch WA","FuelWatchRetail-05-2026.csv","May 17, 2026 @ 10:00:00.000","May 18, 2026 @ 22:00:01.000","380 Great Eastern Hwy",PULP,"6,056","193.9",BP,"BP Woodbridge",WOODBRIDGE,"(blank)"
"FuelWatch WA","FuelWatchRetail-05-2026.csv","May 17, 2026 @ 10:00:00.000","May 18, 2026 @ 22:00:01.000","380 Great Eastern Hwy","98 RON","6,056","201.9",BP,"BP Woodbridge",WOODBRIDGE,"(blank)"
"FuelWatch WA","FuelWatchRetail-05-2026.csv","May 17, 2026 @ 10:00:00.000","May 18, 2026 @ 22:00:01.000","80-82 Great Northern Hwy",Diesel,"6,612","294.9",BP,"BP Wubin",WUBIN,"(blank)"
"FuelWatch WA","FuelWatchRetail-05-2026.csv","May 17, 2026 @ 10:00:00.000","May 18, 2026 @ 22:00:01.000","83 Brookton Hwy",ULP,"6,306",229,Independent,"Brookton Roadhouse",BROOKTON,"(blank)"
"FuelWatch WA","FuelWatchRetail-05-2026.csv","May 17, 2026 @ 10:00:00.000","May 18, 2026 @ 22:00:01.000","83 Brookton Hwy","98 RON","6,306",275,Independent,"Brookton Roadhouse",BROOKTON,"(blank)"
"FuelWatch WA","FuelWatchRetail-05-2026.csv","May 17, 2026 @ 10:00:00.000","May 18, 2026 @ 22:00:01.000","12 Longstaff Ave",PULP,"6,038","179.3",Burk,"Burk Alkimos",ALKIMOS,"(blank)"
"FuelWatch WA","FuelWatchRetail-05-2026.csv","May 17, 2026 @ 10:00:00.000","May 18, 2026 @ 22:00:01.000","12 Longstaff Ave","Brand Diesel","6,038","217.3",Burk,"Burk Alkimos",ALKIMOS,"(blank)"
"FuelWatch WA","FuelWatchRetail-05-2026.csv","May 17, 2026 @ 10:00:00.000","May 18, 2026 @ 22:00:01.000","12 Longstaff Ave","98 RON","6,038","189.3",Burk,"Burk Alkimos",ALKIMOS,"(blank)"
"FuelWatch WA","FuelWatchRetail-05-2026.csv","May 17, 2026 @ 10:00:00.000","May 18, 2026 @ 22:00:01.000","309 Guildford Rd",ULP,"6,054","167.3",Burk,"Burk Bassendean",BASSENDEAN,"(blank)"
"FuelWatch WA","FuelWatchRetail-05-2026.csv","May 17, 2026 @ 10:00:00.000","May 18, 2026 @ 22:00:01.000","18495 Albany Hwy",ULP,"6,394","187.9",Burk,"Burk Beaufort River","BEAUFORT RIVER","(blank)"
"FuelWatch WA","FuelWatchRetail-05-2026.csv","May 17, 2026 @ 10:00:00.000","May 18, 2026 @ 22:00:01.000","18495 Albany Hwy",PULP,"6,394","197.9",Burk,"Burk Beaufort River","BEAUFORT RIVER","(blank)"
"FuelWatch WA","FuelWatchRetail-05-2026.csv","May 17, 2026 @ 10:00:00.000","May 18, 2026 @ 22:00:01.000","545 Bussell Hwy",ULP,"6,280","170.3",Burk,"Burk Broadwater",BROADWATER,"(blank)"
"FuelWatch WA","FuelWatchRetail-05-2026.csv","May 17, 2026 @ 10:00:00.000","May 18, 2026 @ 22:00:01.000","545 Bussell Hwy",PULP,"6,280","185.3",Burk,"Burk Broadwater",BROADWATER,"(blank)"
"FuelWatch WA","FuelWatchRetail-05-2026.csv","May 17, 2026 @ 10:00:00.000","May 18, 2026 @ 22:00:01.000","545 Bussell Hwy",Diesel,"6,280","231.3",Burk,"Burk Broadwater",BROADWATER,"(blank)"
"FuelWatch WA","FuelWatchRetail-05-2026.csv","May 17, 2026 @ 10:00:00.000","May 18, 2026 @ 22:00:01.000","1510 Albany Hwy",ULP,"6,107","163.3",Burk,"Burk Cannington",BECKENHAM,"(blank)"
"FuelWatch WA","FuelWatchRetail-05-2026.csv","May 17, 2026 @ 10:00:00.000","May 18, 2026 @ 22:00:01.000","1510 Albany Hwy",PULP,"6,107","177.3",Burk,"Burk Cannington",BECKENHAM,"(blank)"
"FuelWatch WA","FuelWatchRetail-05-2026.csv","May 17, 2026 @ 10:00:00.000","May 18, 2026 @ 22:00:01.000","8 Westonia Rd",Diesel,"6,423","235.9",Burk,"Burk Carrabin",CARRABIN,"(blank)"
"FuelWatch WA","FuelWatchRetail-05-2026.csv","May 17, 2026 @ 10:00:00.000","May 18, 2026 @ 22:00:01.000","8 Westonia Rd","98 RON","6,423","209.9",Burk,"Burk Carrabin",CARRABIN,"(blank)"
"FuelWatch WA","FuelWatchRetail-05-2026.csv","May 17, 2026 @ 10:00:00.000","May 18, 2026 @ 22:00:01.000","791 Beaufort St","98 RON","6,050","189.3",Burk,"Burk Mount Lawley","MOUNT LAWLEY","(blank)"
"FuelWatch WA","FuelWatchRetail-05-2026.csv","May 17, 2026 @ 10:00:00.000","May 18, 2026 @ 22:00:01.000","1526 Thomas Rd",ULP,"6,121","160.3",Burk,"Burk Oakford",OAKFORD,"(blank)"
"FuelWatch WA","FuelWatchRetail-05-2026.csv","May 17, 2026 @ 10:00:00.000","May 18, 2026 @ 22:00:01.000","1526 Thomas Rd",PULP,"6,121","175.3",Burk,"Burk Oakford",OAKFORD,"(blank)"
"FuelWatch WA","FuelWatchRetail-05-2026.csv","May 17, 2026 @ 10:00:00.000","May 18, 2026 @ 22:00:01.000","1526 Thomas Rd",Diesel,"6,121","193.3",Burk,"Burk Oakford",OAKFORD,"(blank)"
"FuelWatch WA","FuelWatchRetail-05-2026.csv","May 17, 2026 @ 10:00:00.000","May 18, 2026 @ 22:00:01.000","1526 Thomas Rd","98 RON","6,121","187.3",Burk,"Burk Oakford",OAKFORD,"(blank)"
"FuelWatch WA","FuelWatchRetail-05-2026.csv","May 17, 2026 @ 10:00:00.000","May 18, 2026 @ 22:00:01.000","6639 West Swan Rd","98 RON","6,055","191.3",Burk,"Burk West Swan","WEST SWAN","(blank)"
"FuelWatch WA","FuelWatchRetail-05-2026.csv","May 17, 2026 @ 10:00:00.000","May 18, 2026 @ 22:00:01.000","24 Albany Hwy",ULP,"6,391","189.9",Burk,"Burk Williams",WILLIAMS,"(blank)"
"FuelWatch WA","FuelWatchRetail-05-2026.csv","May 17, 2026 @ 10:00:00.000","May 18, 2026 @ 22:00:01.000","67 Ridge Bvd",PULP,"6,171","193.9",Caltex,"Caltex Baldivis",BALDIVIS,"(blank)"
"FuelWatch WA","FuelWatchRetail-05-2026.csv","May 17, 2026 @ 10:00:00.000","May 18, 2026 @ 22:00:01.000","715 Pinjarra Rd","98 RON","6,209","205.9",Caltex,"Caltex Barragup",BARRAGUP,"(blank)"
"FuelWatch WA","FuelWatchRetail-05-2026.csv","May 17, 2026 @ 10:00:00.000","May 18, 2026 @ 22:00:01.000","502 Guildford Rd",ULP,"6,053","177.9",Caltex,"Caltex Bayswater",BAYSWATER,"(blank)"
"FuelWatch WA","FuelWatchRetail-05-2026.csv","May 17, 2026 @ 10:00:00.000","May 18, 2026 @ 22:00:01.000","16-20 Clayton St","Brand Diesel","6,056","219.9",Caltex,"Caltex Bellevue",BELLEVUE,"(blank)"
"FuelWatch WA","FuelWatchRetail-05-2026.csv","May 17, 2026 @ 10:00:00.000","May 18, 2026 @ 22:00:01.000","33 Belvidere St","98 RON","6,104","205.9",Caltex,"Caltex Belmont",BELMONT,"(blank)"
"FuelWatch WA","FuelWatchRetail-05-2026.csv","May 17, 2026 @ 10:00:00.000","May 18, 2026 @ 22:00:01.000","1/1163 Albany Hwy","Brand Diesel","6,102","229.9",Caltex,"Caltex Bentley",BENTLEY,"(blank)"
"FuelWatch WA","FuelWatchRetail-05-2026.csv","May 17, 2026 @ 10:00:00.000","May 18, 2026 @ 22:00:01.000","1 Brittain Rd",ULP,"6,230","182.9",Caltex,"Caltex Bunbury South","CAREY PARK","(blank)"
"FuelWatch WA","FuelWatchRetail-05-2026.csv","May 17, 2026 @ 10:00:00.000","May 18, 2026 @ 22:00:01.000","265 Great Eastern Hwy",ULP,"6,100","177.9",Caltex,"Caltex Burswood",BURSWOOD,"(blank)"
"FuelWatch WA","FuelWatchRetail-05-2026.csv","May 17, 2026 @ 10:00:00.000","May 18, 2026 @ 22:00:01.000","265 Great Eastern Hwy",PULP,"6,100","193.9",Caltex,"Caltex Burswood",BURSWOOD,"(blank)"
"FuelWatch WA","FuelWatchRetail-05-2026.csv","May 17, 2026 @ 10:00:00.000","May 18, 2026 @ 22:00:01.000","49 Norseman Rd","98 RON","6,450","218.9",Caltex,"Caltex Castletown",CASTLETOWN,"(blank)"
"FuelWatch WA","FuelWatchRetail-05-2026.csv","May 17, 2026 @ 10:00:00.000","May 18, 2026 @ 22:00:01.000","Lot 6 Beckwith Rd",ULP,"6,450","190.9",Caltex,"Caltex Chadwick OPT",CHADWICK,"(blank)"
"FuelWatch WA","FuelWatchRetail-05-2026.csv","May 17, 2026 @ 10:00:00.000","May 18, 2026 @ 22:00:01.000","4 Johnston St",ULP,"6,609","196.9",Caltex,"Caltex Dalwallinu",DALWALLINU,"(blank)"
"FuelWatch WA","FuelWatchRetail-05-2026.csv","May 17, 2026 @ 10:00:00.000","May 18, 2026 @ 22:00:01.000","4 Johnston St",PULP,"6,609","220.9",Caltex,"Caltex Dalwallinu",DALWALLINU,"(blank)"
"FuelWatch WA","FuelWatchRetail-05-2026.csv","May 17, 2026 @ 10:00:00.000","May 18, 2026 @ 22:00:01.000","8 Repton St","Brand Diesel","6,055","229.9",Caltex,"Caltex Dayton",DAYTON,"(blank)"
"FuelWatch WA","FuelWatchRetail-05-2026.csv","May 17, 2026 @ 10:00:00.000","May 18, 2026 @ 22:00:01.000","8 Repton St","98 RON","6,055","201.9",Caltex,"Caltex Dayton",DAYTON,"(blank)"
"FuelWatch WA","FuelWatchRetail-05-2026.csv","May 17, 2026 @ 10:00:00.000","May 18, 2026 @ 22:00:01.000","2 The Gateway",PULP,"6,027","194.9",Caltex,"Caltex Edgewater",EDGEWATER,"(blank)"
"FuelWatch WA","FuelWatchRetail-05-2026.csv","May 17, 2026 @ 10:00:00.000","May 18, 2026 @ 22:00:01.000","2 The Gateway","98 RON","6,027","205.9",Caltex,"Caltex Edgewater",EDGEWATER,"(blank)"
"FuelWatch WA","FuelWatchRetail-05-2026.csv","May 17, 2026 @ 10:00:00.000","May 18, 2026 @ 22:00:01.000","1182 Chapman Rd",PULP,"6,532","199.9",Caltex,"Caltex Glenfield",GLENFIELD,"(blank)"
"FuelWatch WA","FuelWatchRetail-05-2026.csv","May 17, 2026 @ 10:00:00.000","May 18, 2026 @ 22:00:01.000","224 Clontarf Rd",ULP,"6,163","177.9",Caltex,"Caltex Hamilton Hill North","HAMILTON HILL","(blank)"
"FuelWatch WA","FuelWatchRetail-05-2026.csv","May 17, 2026 @ 10:00:00.000","May 18, 2026 @ 22:00:01.000","81 Quill Way","98 RON","6,166","207.9",Caltex,"Caltex Henderson OPT",HENDERSON,"(blank)"
"FuelWatch WA","FuelWatchRetail-05-2026.csv","May 17, 2026 @ 10:00:00.000","May 18, 2026 @ 22:00:01.000","494 Kalamunda Rd","Brand Diesel","6,057","223.9",Caltex,"Caltex High Wycombe OPT","HIGH WYCOMBE","(blank)"
"FuelWatch WA","FuelWatchRetail-05-2026.csv","May 17, 2026 @ 10:00:00.000","May 18, 2026 @ 22:00:01.000","49 Candlewood Bvd",ULP,"6,027","179.9",Caltex,"Caltex Joondalup",JOONDALUP,"(blank)"
"FuelWatch WA","FuelWatchRetail-05-2026.csv","May 17, 2026 @ 10:00:00.000","May 18, 2026 @ 22:00:01.000","49 Candlewood Bvd","Brand Diesel","6,027","229.9",Caltex,"Caltex Joondalup",JOONDALUP,"(blank)"
"FuelWatch WA","FuelWatchRetail-05-2026.csv","May 17, 2026 @ 10:00:00.000","May 18, 2026 @ 22:00:01.000","49 Candlewood Bvd","98 RON","6,027","205.9",Caltex,"Caltex Joondalup",JOONDALUP,"(blank)"
"FuelWatch WA","FuelWatchRetail-05-2026.csv","May 17, 2026 @ 10:00:00.000","May 18, 2026 @ 22:00:01.000","26 Kalamunda Rd","Brand Diesel","6,076","229.9",Caltex,"Caltex Kalamunda",KALAMUNDA,"(blank)"
"FuelWatch WA","FuelWatchRetail-05-2026.csv","May 17, 2026 @ 10:00:00.000","May 18, 2026 @ 22:00:01.000","26 Kalamunda Rd","98 RON","6,076","205.9",Caltex,"Caltex Kalamunda",KALAMUNDA,"(blank)"
"FuelWatch WA","FuelWatchRetail-05-2026.csv","May 17, 2026 @ 10:00:00.000","May 18, 2026 @ 22:00:01.000","164 Brookton Hwy",ULP,"6,111","179.9",Caltex,"Caltex Karragullen",KARRAGULLEN,"(blank)"
"FuelWatch WA","FuelWatchRetail-05-2026.csv","May 17, 2026 @ 10:00:00.000","May 18, 2026 @ 22:00:01.000","2907 Albany Hwy",ULP,"6,111","176.9",Caltex,"Caltex Kelmscott",KELMSCOTT,"(blank)"
"FuelWatch WA","FuelWatchRetail-05-2026.csv","May 17, 2026 @ 10:00:00.000","May 18, 2026 @ 22:00:01.000","2907 Albany Hwy",Diesel,"6,111","227.9",Caltex,"Caltex Kelmscott",KELMSCOTT,"(blank)"
"FuelWatch WA","FuelWatchRetail-05-2026.csv","May 17, 2026 @ 10:00:00.000","May 18, 2026 @ 22:00:01.000","2907 Albany Hwy","98 RON","6,111","200.9",Caltex,"Caltex Kelmscott",KELMSCOTT,"(blank)"
"FuelWatch WA","FuelWatchRetail-05-2026.csv","May 17, 2026 @ 10:00:00.000","May 18, 2026 @ 22:00:01.000","137 Kelvin Rd","Brand Diesel","6,109","219.9",Caltex,"Caltex Kelvin Rd",MADDINGTON,"(blank)"
"FuelWatch WA","FuelWatchRetail-05-2026.csv","May 17, 2026 @ 10:00:00.000","May 18, 2026 @ 22:00:01.000","2257 Victoria Hwy",Diesel,"6,743","257.9",Caltex,"Caltex Kununurra Depot",KUNUNURRA,"(blank)"
"FuelWatch WA","FuelWatchRetail-05-2026.csv","May 17, 2026 @ 10:00:00.000","May 18, 2026 @ 22:00:01.000","4 Ocean St","Brand Diesel","6,167","215.9",Caltex,"Caltex Kwinana Truck Stop","KWINANA BEACH","(blank)"
"FuelWatch WA","FuelWatchRetail-05-2026.csv","May 17, 2026 @ 10:00:00.000","May 18, 2026 @ 22:00:01.000","6 Dollyup St",ULP,"6,210","189.5",Caltex,"Caltex Lakes Road Nambeelup","STAKE HILL","(blank)"
"FuelWatch WA","FuelWatchRetail-05-2026.csv","May 17, 2026 @ 10:00:00.000","May 18, 2026 @ 22:00:01.000","6 Dollyup St","98 RON","6,210","213.9",Caltex,"Caltex Lakes Road Nambeelup","STAKE HILL","(blank)"
"FuelWatch WA","FuelWatchRetail-05-2026.csv","May 17, 2026 @ 10:00:00.000","May 18, 2026 @ 22:00:01.000","220 Gnangara Rd","Brand Diesel","6,065","219.9",Caltex,"Caltex Landsdale",LANDSDALE,"(blank)"
"FuelWatch WA","FuelWatchRetail-05-2026.csv","May 17, 2026 @ 10:00:00.000","May 18, 2026 @ 22:00:01.000","230-234 Nicholson Rd","Brand Diesel","6,147","229.9",Caltex,"Caltex Langford",LANGFORD,"(blank)"
"FuelWatch WA","FuelWatchRetail-05-2026.csv","May 17, 2026 @ 10:00:00.000","May 18, 2026 @ 22:00:01.000","230-234 Nicholson Rd","98 RON","6,147","204.9",Caltex,"Caltex Langford",LANGFORD,"(blank)"
"FuelWatch WA","FuelWatchRetail-05-2026.csv","May 17, 2026 @ 10:00:00.000","May 18, 2026 @ 22:00:01.000","194 Canning Rd","Brand Diesel","6,076","229.9",Caltex,"Caltex Lesmurdie",LESMURDIE,"(blank)"
"FuelWatch WA","FuelWatchRetail-05-2026.csv","May 17, 2026 @ 10:00:00.000","May 18, 2026 @ 22:00:01.000","2 Lynwood Ave",PULP,"6,147","195.9",Caltex,"Caltex Lynwood",LYNWOOD,"(blank)"
"FuelWatch WA","FuelWatchRetail-05-2026.csv","May 17, 2026 @ 10:00:00.000","May 18, 2026 @ 22:00:01.000","2 Lynwood Ave","98 RON","6,147","205.9",Caltex,"Caltex Lynwood",LYNWOOD,"(blank)"
"FuelWatch WA","FuelWatchRetail-05-2026.csv","May 17, 2026 @ 10:00:00.000","May 18, 2026 @ 22:00:01.000","18 Orchard Rd",Diesel,"6,109","217.9",Caltex,"Caltex Maddington Truck Stop",MADDINGTON,"(blank)"
"FuelWatch WA","FuelWatchRetail-05-2026.csv","May 17, 2026 @ 10:00:00.000","May 18, 2026 @ 22:00:01.000","18 Orchard Rd","Brand Diesel","6,109","219.9",Caltex,"Caltex Maddington Truck Stop",MADDINGTON,"(blank)"
"FuelWatch WA","FuelWatchRetail-05-2026.csv","May 17, 2026 @ 10:00:00.000","May 18, 2026 @ 22:00:01.000","105 Reserve Dr","Brand Diesel","6,210","229.9",Caltex,"Caltex Mandurah",MANDURAH,"(blank)"
"FuelWatch WA","FuelWatchRetail-05-2026.csv","May 17, 2026 @ 10:00:00.000","May 18, 2026 @ 22:00:01.000","105 Reserve Dr","98 RON","6,210","201.9",Caltex,"Caltex Mandurah",MANDURAH,"(blank)"
"FuelWatch WA","FuelWatchRetail-05-2026.csv","May 17, 2026 @ 10:00:00.000","May 18, 2026 @ 22:00:01.000","1182 South Western Hwy",ULP,"6,258","186.9",Caltex,"Caltex Manjimup Roadhouse",MANJIMUP,"(blank)"
"FuelWatch WA","FuelWatchRetail-05-2026.csv","May 17, 2026 @ 10:00:00.000","May 18, 2026 @ 22:00:01.000","25 Meadow Springs Dr",ULP,"6,210","179.9",Caltex,"Caltex Meadow Springs","MEADOW SPRINGS","(blank)"
"FuelWatch WA","FuelWatchRetail-05-2026.csv","May 17, 2026 @ 10:00:00.000","May 18, 2026 @ 22:00:01.000","25 Meadow Springs Dr","Brand Diesel","6,210","229.9",Caltex,"Caltex Meadow Springs","MEADOW SPRINGS","(blank)"
"FuelWatch WA","FuelWatchRetail-05-2026.csv","May 17, 2026 @ 10:00:00.000","May 18, 2026 @ 22:00:01.000","4 Hughie Edwards Dr","Brand Diesel","6,030","225.9",Caltex,"Caltex Merriwa",MERRIWA,"(blank)"
"FuelWatch WA","FuelWatchRetail-05-2026.csv","May 17, 2026 @ 10:00:00.000","May 18, 2026 @ 22:00:01.000","232 Morrison Rd","98 RON","6,056","201.9",Caltex,"Caltex Midvale",MIDVALE,"(blank)"
"FuelWatch WA","FuelWatchRetail-05-2026.csv","May 17, 2026 @ 10:00:00.000","May 18, 2026 @ 22:00:01.000","22 Anchorage Dr",ULP,"6,030","177.9",Caltex,"Caltex Mindarie",MINDARIE,"(blank)"
"FuelWatch WA","FuelWatchRetail-05-2026.csv","May 17, 2026 @ 10:00:00.000","May 18, 2026 @ 22:00:01.000","22 Anchorage Dr","98 RON","6,030","203.9",Caltex,"Caltex Mindarie",MINDARIE,"(blank)"
"FuelWatch WA","FuelWatchRetail-05-2026.csv","May 17, 2026 @ 10:00:00.000","May 18, 2026 @ 22:00:01.000","81 Guildford Rd",ULP,"6,050","179.9",Caltex,"Caltex Mount Lawley","MOUNT LAWLEY","(blank)"
"FuelWatch WA","FuelWatchRetail-05-2026.csv","May 17, 2026 @ 10:00:00.000","May 18, 2026 @ 22:00:01.000","81 Guildford Rd","98 RON","6,050","205.9",Caltex,"Caltex Mount Lawley","MOUNT LAWLEY","(blank)"
"FuelWatch WA","FuelWatchRetail-05-2026.csv","May 17, 2026 @ 10:00:00.000","May 18, 2026 @ 22:00:01.000","7060 Great Eastern Hwy",ULP,"6,073","179.9",Caltex,"Caltex Mundaring",MUNDARING,"(blank)"
"FuelWatch WA","FuelWatchRetail-05-2026.csv","May 17, 2026 @ 10:00:00.000","May 18, 2026 @ 22:00:01.000","512 Rockingham Rd","Brand Diesel","6,166","219.9",Caltex,"Caltex Munster",MUNSTER,"(blank)"
"FuelWatch WA","FuelWatchRetail-05-2026.csv","May 17, 2026 @ 10:00:00.000","May 18, 2026 @ 22:00:01.000","512 Rockingham Rd","98 RON","6,166","203.9",Caltex,"Caltex Munster",MUNSTER,"(blank)"
"FuelWatch WA","FuelWatchRetail-05-2026.csv","May 17, 2026 @ 10:00:00.000","May 18, 2026 @ 22:00:01.000","170 Murdoch Dr",PULP,"6,150","195.9",Caltex,"Caltex Murdoch",MURDOCH,"(blank)"
"FuelWatch WA","FuelWatchRetail-05-2026.csv","May 17, 2026 @ 10:00:00.000","May 18, 2026 @ 22:00:01.000","6043 Forrest Hwy","Brand Diesel","6,220","229.9",Caltex,"Caltex Myalup",MYALUP,"(blank)"
"FuelWatch WA","FuelWatchRetail-05-2026.csv","May 17, 2026 @ 10:00:00.000","May 18, 2026 @ 22:00:01.000","6043 Forrest Hwy","98 RON","6,220","211.9",Caltex,"Caltex Myalup",MYALUP,"(blank)"
"FuelWatch WA","FuelWatchRetail-05-2026.csv","May 17, 2026 @ 10:00:00.000","May 18, 2026 @ 22:00:01.000","Cnr Rockingham Rd & Lee Rd",PULP,"6,165","191.9",Caltex,"Caltex Naval Base","NAVAL BASE","(blank)"
"FuelWatch WA","FuelWatchRetail-05-2026.csv","May 17, 2026 @ 10:00:00.000","May 18, 2026 @ 22:00:01.000","Cnr Rockingham Rd & Lee Rd","98 RON","6,165","201.9",Caltex,"Caltex Naval Base","NAVAL BASE","(blank)"
"FuelWatch WA","FuelWatchRetail-05-2026.csv","May 17, 2026 @ 10:00:00.000","May 18, 2026 @ 22:00:01.000","311 Fitzgerald St","98 RON","6,005","203.9",Caltex,"Caltex North Perth","WEST PERTH","(blank)"
"FuelWatch WA","FuelWatchRetail-05-2026.csv","May 17, 2026 @ 10:00:00.000","May 18, 2026 @ 22:00:01.000","8 Main St","Brand Diesel","6,017","229.9",Caltex,"Caltex Osborne Park","OSBORNE PARK","(blank)"
"FuelWatch WA","FuelWatchRetail-05-2026.csv","May 17, 2026 @ 10:00:00.000","May 18, 2026 @ 22:00:01.000","60 Meares Ave",ULP,"6,167","173.9",Caltex,"Caltex Parmelia","KWINANA TOWN CENTRE","(blank)"
"FuelWatch WA","FuelWatchRetail-05-2026.csv","May 17, 2026 @ 10:00:00.000","May 18, 2026 @ 22:00:01.000","204 Shiraz Bvd","98 RON","6,065","203.9",Caltex,"Caltex Pearsall",PEARSALL,"(blank)"
"FuelWatch WA","FuelWatchRetail-05-2026.csv","May 17, 2026 @ 10:00:00.000","May 18, 2026 @ 22:00:01.000","7 Maritana St",PULP,"6,430","199.9",Caltex,"Caltex Piccadilly",PICCADILLY,"(blank)"
"FuelWatch WA","FuelWatchRetail-05-2026.csv","May 17, 2026 @ 10:00:00.000","May 18, 2026 @ 22:00:01.000","7 Maritana St","98 RON","6,430","209.9",Caltex,"Caltex Piccadilly",PICCADILLY,"(blank)"
"FuelWatch WA","FuelWatchRetail-05-2026.csv","May 17, 2026 @ 10:00:00.000","May 18, 2026 @ 22:00:01.000","1 Altitude Ave",ULP,"6,721","212.9",Caltex,"Caltex South Hedland","PORT HEDLAND","(blank)"
"FuelWatch WA","FuelWatchRetail-05-2026.csv","May 17, 2026 @ 10:00:00.000","May 18, 2026 @ 22:00:01.000","1 Altitude Ave",Diesel,"6,721","256.9",Caltex,"Caltex South Hedland","PORT HEDLAND","(blank)"
"FuelWatch WA","FuelWatchRetail-05-2026.csv","May 17, 2026 @ 10:00:00.000","May 18, 2026 @ 22:00:01.000","1 Altitude Ave","Brand Diesel","6,721","259.9",Caltex,"Caltex South Hedland","PORT HEDLAND","(blank)"
"FuelWatch WA","FuelWatchRetail-05-2026.csv","May 17, 2026 @ 10:00:00.000","May 18, 2026 @ 22:00:01.000","1540 Bussell Hwy",ULP,"6,237","179.9",Caltex,"Caltex Stratham",STRATHAM,"(blank)"
"FuelWatch WA","FuelWatchRetail-05-2026.csv","May 17, 2026 @ 10:00:00.000","May 18, 2026 @ 22:00:01.000","1540 Bussell Hwy","98 RON","6,237","205.9",Caltex,"Caltex Stratham",STRATHAM,"(blank)"
"FuelWatch WA","FuelWatchRetail-05-2026.csv","May 17, 2026 @ 10:00:00.000","May 18, 2026 @ 22:00:01.000","15323 Great Eastern Hwy","98 RON","6,409","211.9",Caltex,"Caltex Tammin",TAMMIN,"(blank)"
"FuelWatch WA","FuelWatchRetail-05-2026.csv","May 17, 2026 @ 10:00:00.000","May 18, 2026 @ 22:00:01.000","1383 Great Northern Hwy",PULP,"6,069","195.9",Caltex,"Caltex Upper Swan","UPPER SWAN","(blank)"
"FuelWatch WA","FuelWatchRetail-05-2026.csv","May 17, 2026 @ 10:00:00.000","May 18, 2026 @ 22:00:01.000","1383 Great Northern Hwy","Brand Diesel","6,069","215.9",Caltex,"Caltex Upper Swan","UPPER SWAN","(blank)"
"FuelWatch WA","FuelWatchRetail-05-2026.csv","May 17, 2026 @ 10:00:00.000","May 18, 2026 @ 22:00:01.000","1383 Great Northern Hwy","98 RON","6,069","205.9",Caltex,"Caltex Upper Swan","UPPER SWAN","(blank)"
"FuelWatch WA","FuelWatchRetail-05-2026.csv","May 17, 2026 @ 10:00:00.000","May 18, 2026 @ 22:00:01.000","73 Arthur Rd",ULP,"6,315","191.9",Caltex,"Caltex Wagin",WAGIN,"(blank)"
"FuelWatch WA","FuelWatchRetail-05-2026.csv","May 17, 2026 @ 10:00:00.000","May 18, 2026 @ 22:00:01.000","73 Arthur Rd","Brand Diesel","6,315","230.9",Caltex,"Caltex Wagin",WAGIN,"(blank)"
"FuelWatch WA","FuelWatchRetail-05-2026.csv","May 17, 2026 @ 10:00:00.000","May 18, 2026 @ 22:00:01.000","649-651 Safety Bay Rd",ULP,"6,169","179.9",Caltex,"Caltex Warnbro",WARNBRO,"(blank)"
"FuelWatch WA","FuelWatchRetail-05-2026.csv","May 17, 2026 @ 10:00:00.000","May 18, 2026 @ 22:00:01.000","604 Welshpool Rd East",ULP,"6,107","175.9",Caltex,"Caltex Wattle Grove","WATTLE GROVE","(blank)"
"FuelWatch WA","FuelWatchRetail-05-2026.csv","May 17, 2026 @ 10:00:00.000","May 18, 2026 @ 22:00:01.000","604 Welshpool Rd East","98 RON","6,107","201.9",Caltex,"Caltex Wattle Grove","WATTLE GROVE","(blank)"
"FuelWatch WA","FuelWatchRetail-05-2026.csv","May 17, 2026 @ 10:00:00.000","May 18, 2026 @ 22:00:01.000","23 Kewdale Rd",PULP,"6,106","195.9",Caltex,"Caltex Welshpool",WELSHPOOL,"(blank)"
"FuelWatch WA","FuelWatchRetail-05-2026.csv","May 17, 2026 @ 10:00:00.000","May 18, 2026 @ 22:00:01.000","23 Kewdale Rd","98 RON","6,106","205.9",Caltex,"Caltex Welshpool",WELSHPOOL,"(blank)"
"FuelWatch WA","FuelWatchRetail-05-2026.csv","May 17, 2026 @ 10:00:00.000","May 18, 2026 @ 22:00:01.000","3381 Great Eastern Hwy",ULP,"6,558","179.9",Caltex,"Caltex Wooroloo",WOOROLOO,"(blank)"
"FuelWatch WA","FuelWatchRetail-05-2026.csv","May 17, 2026 @ 10:00:00.000","May 18, 2026 @ 22:00:01.000","57 Goldfields Rd","Brand Diesel","6,450","226.9",BP,"Castletown Service Station",CASTLETOWN,"(blank)"
"FuelWatch WA","FuelWatchRetail-05-2026.csv","May 17, 2026 @ 10:00:00.000","May 18, 2026 @ 22:00:01.000","2 Seville St",ULP,"6,511",233,Liberty,"Cervantes Service Station",CERVANTES,"(blank)"
"FuelWatch WA","FuelWatchRetail-05-2026.csv","May 17, 2026 @ 10:00:00.000","May 18, 2026 @ 22:00:01.000","570 Rosedale Rd",ULP,"6,556",189,Independent,"Chidlow Growers Mart Liquor Store",CHIDLOW,"(blank)"
"FuelWatch WA","FuelWatchRetail-05-2026.csv","May 17, 2026 @ 10:00:00.000","May 18, 2026 @ 22:00:01.000","570 Rosedale Rd","98 RON","6,556",204,Independent,"Chidlow Growers Mart Liquor Store",CHIDLOW,"(blank)"
"FuelWatch WA","FuelWatchRetail-05-2026.csv","May 17, 2026 @ 10:00:00.000","May 18, 2026 @ 22:00:01.000","93 Capel Dr",Diesel,"6,271","225.9",Ampol,"Colroy Country Kitchen",CAPEL,"(blank)"
"FuelWatch WA","FuelWatchRetail-05-2026.csv","May 17, 2026 @ 10:00:00.000","May 18, 2026 @ 22:00:01.000","12 Poynton Pde",ULP,"6,515","226.9",Independent,"Coorow Fuel",COOROW,"(blank)"
"FuelWatch WA","FuelWatchRetail-05-2026.csv","May 17, 2026 @ 10:00:00.000","May 18, 2026 @ 22:00:01.000","12 Poynton Pde",Diesel,"6,515","310.9",Independent,"Coorow Fuel",COOROW,"(blank)"
"FuelWatch WA","FuelWatchRetail-05-2026.csv","May 17, 2026 @ 10:00:00.000","May 18, 2026 @ 22:00:01.000","45 Banksia Dr",PULP,"6,701","247.8",Ampol,"Coral Bay Fuel","CORAL BAY","(blank)"
"FuelWatch WA","FuelWatchRetail-05-2026.csv","May 17, 2026 @ 10:00:00.000","May 18, 2026 @ 22:00:01.000","142 Dunreath Dr",ULP,"6,105","166.7",Costco,"Costco Perth Airport","PERTH AIRPORT","(blank)"
"FuelWatch WA","FuelWatchRetail-05-2026.csv","May 17, 2026 @ 10:00:00.000","May 18, 2026 @ 22:00:01.000","53 Austin St",Diesel,"6,640","255.8",Ampol,"Cue Motors",CUE,"(blank)"
"FuelWatch WA","FuelWatchRetail-05-2026.csv","May 17, 2026 @ 10:00:00.000","May 18, 2026 @ 22:00:01.000","53 Austin St","98 RON","6,640","231.8",Ampol,"Cue Motors",CUE,"(blank)"
"FuelWatch WA","FuelWatchRetail-05-2026.csv","May 17, 2026 @ 10:00:00.000","May 18, 2026 @ 22:00:01.000","Cygnet Bay Rd",Diesel,"6,725","286.5",Independent,"Cygnet Bay","DAMPIER PENINSULA","(blank)"
"FuelWatch WA","FuelWatchRetail-05-2026.csv","May 17, 2026 @ 10:00:00.000","May 18, 2026 @ 22:00:01.000","11 Charlotte St","98 RON","6,236",212,Phoenix,"Dardanup Garage & Service Station",DARDANUP,"(blank)"
"FuelWatch WA","FuelWatchRetail-05-2026.csv","May 17, 2026 @ 10:00:00.000","May 18, 2026 @ 22:00:01.000","9881 Coalfields Rd","98 RON","6,392","217.9",Independent,"Darkan Roadhouse",DARKAN,"(blank)"
"FuelWatch WA","FuelWatchRetail-05-2026.csv","May 17, 2026 @ 10:00:00.000","May 18, 2026 @ 22:00:01.000","8222 South Western Hwy",ULP,"6,215","185.9",Independent,"De Rosa's Highway Motors",WAROONA,"(blank)"
"FuelWatch WA","FuelWatchRetail-05-2026.csv","May 17, 2026 @ 10:00:00.000","May 18, 2026 @ 22:00:01.000","4267 South Western Hwy",ULP,"6,207","189.9",Ampol,"Del Park Roadhouse","NORTH DANDALUP","(blank)"
"FuelWatch WA","FuelWatchRetail-05-2026.csv","May 17, 2026 @ 10:00:00.000","May 18, 2026 @ 22:00:01.000","4267 South Western Hwy",Diesel,"6,207","229.9",Ampol,"Del Park Roadhouse","NORTH DANDALUP","(blank)"
"FuelWatch WA","FuelWatchRetail-05-2026.csv","May 17, 2026 @ 10:00:00.000","May 18, 2026 @ 22:00:01.000","4267 South Western Hwy","Brand Diesel","6,207","232.9",Ampol,"Del Park Roadhouse","NORTH DANDALUP","(blank)"
"FuelWatch WA","FuelWatchRetail-05-2026.csv","May 17, 2026 @ 10:00:00.000","May 18, 2026 @ 22:00:01.000","13 Station St",ULP,"6,411",227,Liberty,"Doodlakine Store",DOODLAKINE,"(blank)"
"FuelWatch WA","FuelWatchRetail-05-2026.csv","May 17, 2026 @ 10:00:00.000","May 18, 2026 @ 22:00:01.000","Lot 815 Great Northern Hwy",ULP,"6,743",239,Independent,"Doon Doon Roadhouse",DURACK,"(blank)"
"FuelWatch WA","FuelWatchRetail-05-2026.csv","May 17, 2026 @ 10:00:00.000","May 18, 2026 @ 22:00:01.000","8 Goldfields Rd",ULP,"6,461","192.9",Independent,"Dowerin Roadhouse",DOWERIN,"(blank)"
"FuelWatch WA","FuelWatchRetail-05-2026.csv","May 17, 2026 @ 10:00:00.000","May 18, 2026 @ 22:00:01.000","Lot 578 Gibb River-Kalumburu Rd",ULP,"6,743","318.5",BP,"Drysdale River Station",KUNUNURRA,"(blank)"
"FuelWatch WA","FuelWatchRetail-05-2026.csv","May 17, 2026 @ 10:00:00.000","May 18, 2026 @ 22:00:01.000","Lot 578 Gibb River-Kalumburu Rd",Diesel,"6,743",364,BP,"Drysdale River Station",KUNUNURRA,"(blank)"
"FuelWatch WA","FuelWatchRetail-05-2026.csv","May 17, 2026 @ 10:00:00.000","May 18, 2026 @ 22:00:01.000","Lot 303 Absolon St",Diesel,"6,350","265.9",Independent,"Dumbleyung Roadhouse Cafe and Restaurant",DUMBLEYUNG,"(blank)"
"FuelWatch WA","FuelWatchRetail-05-2026.csv","May 17, 2026 @ 10:00:00.000","May 18, 2026 @ 22:00:01.000","125 Robinson St",ULP,"6,701","215.5",Shell,"Dunning's Carnarvon",MORGANTOWN,"(blank)"
"FuelWatch WA","FuelWatchRetail-05-2026.csv","May 17, 2026 @ 10:00:00.000","May 18, 2026 @ 22:00:01.000","125 Robinson St","98 RON","6,701","235.5",Shell,"Dunning's Carnarvon",MORGANTOWN,"(blank)"
"FuelWatch WA","FuelWatchRetail-05-2026.csv","May 17, 2026 @ 10:00:00.000","May 18, 2026 @ 22:00:01.000","5066 Great Northern Hwy",ULP,"6,084","179.9",Shell,"Dunning's Chittering",CHITTERING,"(blank)"
"FuelWatch WA","FuelWatchRetail-05-2026.csv","May 17, 2026 @ 10:00:00.000","May 18, 2026 @ 22:00:01.000","5066 Great Northern Hwy","98 RON","6,084","199.9",Shell,"Dunning's Chittering",CHITTERING,"(blank)"
"FuelWatch WA","FuelWatchRetail-05-2026.csv","May 17, 2026 @ 10:00:00.000","May 18, 2026 @ 22:00:01.000","Lot 1437 Warambie Rd","98 RON","6,714","215.5",Liberty,"Dunning's Karratha",KARRATHA,"(blank)"
"FuelWatch WA","FuelWatchRetail-05-2026.csv","May 17, 2026 @ 10:00:00.000","May 18, 2026 @ 22:00:01.000","520 Robinson St",ULP,"6,701","215.5","Dunning's","Dunning's KCD Fuels",KINGSFORD,"(blank)"
"FuelWatch WA","FuelWatchRetail-05-2026.csv","May 17, 2026 @ 10:00:00.000","May 18, 2026 @ 22:00:01.000","5 Margerison St",Diesel,"6,258","231.5","Dunning's","Dunning's Manjimup",MANJIMUP,"(blank)"
"FuelWatch WA","FuelWatchRetail-05-2026.csv","May 17, 2026 @ 10:00:00.000","May 18, 2026 @ 22:00:01.000","2 George St",Diesel,"6,415","231.9",Liberty,"Dunning's Merredin",MERREDIN,"(blank)"
"FuelWatch WA","FuelWatchRetail-05-2026.csv","May 17, 2026 @ 10:00:00.000","May 18, 2026 @ 22:00:01.000","254 South Western Hwy",Diesel,"6,229","223.9",Shell,"Dunning's Picton",PICTON,"(blank)"
"FuelWatch WA","FuelWatchRetail-05-2026.csv","May 17, 2026 @ 10:00:00.000","May 18, 2026 @ 22:00:01.000","127 Giblett St",ULP,"6,258","187.5",Shell,"Dunning's Thompsons Garage",MANJIMUP,"(blank)"
"FuelWatch WA","FuelWatchRetail-05-2026.csv","May 17, 2026 @ 10:00:00.000","May 18, 2026 @ 22:00:01.000","127 Giblett St","98 RON","6,258","207.5",Shell,"Dunning's Thompsons Garage",MANJIMUP,"(blank)"
"FuelWatch WA","FuelWatchRetail-05-2026.csv","May 17, 2026 @ 10:00:00.000","May 18, 2026 @ 22:00:01.000","28 Stirling Tce",ULP,"6,566","193.9",Shell,"Dunning's Toodyay Junction",TOODYAY,"(blank)"
"FuelWatch WA","FuelWatchRetail-05-2026.csv","May 17, 2026 @ 10:00:00.000","May 18, 2026 @ 22:00:01.000","244 Wongan Rd",Diesel,"6,603","233.9",Shell,"Dunning's Wongan Hills","WONGAN HILLS","(blank)"
"FuelWatch WA","FuelWatchRetail-05-2026.csv","May 17, 2026 @ 10:00:00.000","May 18, 2026 @ 22:00:01.000","244 Wongan Rd","98 RON","6,603","213.9",Shell,"Dunning's Wongan Hills","WONGAN HILLS","(blank)"
"FuelWatch WA","FuelWatchRetail-05-2026.csv","May 17, 2026 @ 10:00:00.000","May 18, 2026 @ 22:00:01.000","329 Hands Dr",ULP,"6,485","198.9",Shell,"Dunning's Wyalkatchem",WYALKATCHEM,"(blank)"
"FuelWatch WA","FuelWatchRetail-05-2026.csv","May 17, 2026 @ 10:00:00.000","May 18, 2026 @ 22:00:01.000","329 Hands Dr",Diesel,"6,485","237.9",Shell,"Dunning's Wyalkatchem",WYALKATCHEM,"(blank)"
"FuelWatch WA","FuelWatchRetail-05-2026.csv","May 17, 2026 @ 10:00:00.000","May 18, 2026 @ 22:00:01.000","48 McLarty St",ULP,"6,213","183.7",BP,"Dwellingup BP",DWELLINGUP,"(blank)"
"FuelWatch WA","FuelWatchRetail-05-2026.csv","May 17, 2026 @ 10:00:00.000","May 18, 2026 @ 22:00:01.000","17 Pirie St",Diesel,"6,432","238.9",Eagle,"Eagle Boulder","SOUTH BOULDER","(blank)"
"FuelWatch WA","FuelWatchRetail-05-2026.csv","May 17, 2026 @ 10:00:00.000","May 18, 2026 @ 22:00:01.000","57 Shenton St",ULP,"6,436","199.9",Eagle,"Eagle Menzies",MENZIES,"(blank)"
"FuelWatch WA","FuelWatchRetail-05-2026.csv","May 17, 2026 @ 10:00:00.000","May 18, 2026 @ 22:00:01.000","7 Antares St",ULP,"6,426","191.9",Eagle,"Eagle Southern Cross","SOUTHERN CROSS","(blank)"
"FuelWatch WA","FuelWatchRetail-05-2026.csv","May 17, 2026 @ 10:00:00.000","May 18, 2026 @ 22:00:01.000","11 Shorehaven Bvd","Brand Diesel","6,038","219.9","EG Ampol","EG Ampol Alkimos",ALKIMOS,"(blank)"
"FuelWatch WA","FuelWatchRetail-05-2026.csv","May 17, 2026 @ 10:00:00.000","May 18, 2026 @ 22:00:01.000","Cnr Grand Ent & The Promenade",PULP,"6,233","191.9","EG Ampol","EG Ampol Australind",AUSTRALIND,"(blank)"
"FuelWatch WA","FuelWatchRetail-05-2026.csv","May 17, 2026 @ 10:00:00.000","May 18, 2026 @ 22:00:01.000","317 Millhouse Rd","Brand Diesel","6,069","227.9","EG Ampol","EG Ampol Aveley",AVELEY,"(blank)"
"FuelWatch WA","FuelWatchRetail-05-2026.csv","May 17, 2026 @ 10:00:00.000","May 18, 2026 @ 22:00:01.000","3 Marvel Ent","98 RON","6,055","198.9","EG Ampol","EG Ampol Brabham",BRABHAM,"(blank)"
"FuelWatch WA","FuelWatchRetail-05-2026.csv","May 17, 2026 @ 10:00:00.000","May 18, 2026 @ 22:00:01.000","162 Chester Pass Rd",PULP,"6,330","202.9","EG Ampol","EG Ampol Brooks Garden",LANGE,"(blank)"
"FuelWatch WA","FuelWatchRetail-05-2026.csv","May 17, 2026 @ 10:00:00.000","May 18, 2026 @ 22:00:01.000","162 Chester Pass Rd","Brand Diesel","6,330","229.9","EG Ampol","EG Ampol Brooks Garden",LANGE,"(blank)"
"FuelWatch WA","FuelWatchRetail-05-2026.csv","May 17, 2026 @ 10:00:00.000","May 18, 2026 @ 22:00:01.000","Lot 68 Pennant Rd",ULP,"6,230","179.7","EG Ampol","EG Ampol Bunbury","EAST BUNBURY","(blank)"
"FuelWatch WA","FuelWatchRetail-05-2026.csv","May 17, 2026 @ 10:00:00.000","May 18, 2026 @ 22:00:01.000","Lot 68 Pennant Rd",PULP,"6,230","191.7","EG Ampol","EG Ampol Bunbury","EAST BUNBURY","(blank)"
"FuelWatch WA","FuelWatchRetail-05-2026.csv","May 17, 2026 @ 10:00:00.000","May 18, 2026 @ 22:00:01.000","Lot 68 Pennant Rd","Brand Diesel","6,230","229.9","EG Ampol","EG Ampol Bunbury","EAST BUNBURY","(blank)"
"FuelWatch WA","FuelWatchRetail-05-2026.csv","May 17, 2026 @ 10:00:00.000","May 18, 2026 @ 22:00:01.000","90 Robinson St",ULP,"6,701","215.9","EG Ampol","EG Ampol Carnarvon",CARNARVON,"(blank)"
"FuelWatch WA","FuelWatchRetail-05-2026.csv","May 17, 2026 @ 10:00:00.000","May 18, 2026 @ 22:00:01.000","90 Robinson St",PULP,"6,701","227.9","EG Ampol","EG Ampol Carnarvon",CARNARVON,"(blank)"
"FuelWatch WA","FuelWatchRetail-05-2026.csv","May 17, 2026 @ 10:00:00.000","May 18, 2026 @ 22:00:01.000","1244 Marmion Ave","98 RON","6,028","199.9","EG Ampol","EG Ampol Currambine Marketplace",CURRAMBINE,"(blank)"
"FuelWatch WA","FuelWatchRetail-05-2026.csv","May 17, 2026 @ 10:00:00.000","May 18, 2026 @ 22:00:01.000","372 Grand Prom",PULP,"6,059","190.9","EG Ampol","EG Ampol Dianella",DIANELLA,"(blank)"
"FuelWatch WA","FuelWatchRetail-05-2026.csv","May 17, 2026 @ 10:00:00.000","May 18, 2026 @ 22:00:01.000","372 Grand Prom","Brand Diesel","6,059","219.9","EG Ampol","EG Ampol Dianella",DIANELLA,"(blank)"
"FuelWatch WA","FuelWatchRetail-05-2026.csv","May 17, 2026 @ 10:00:00.000","May 18, 2026 @ 22:00:01.000","372 Grand Prom","98 RON","6,059","200.9","EG Ampol","EG Ampol Dianella",DIANELLA,"(blank)"
"FuelWatch WA","FuelWatchRetail-05-2026.csv","May 17, 2026 @ 10:00:00.000","May 18, 2026 @ 22:00:01.000","106 Frederick St",PULP,"6,725","249.9","EG Ampol","EG Ampol Djugun",DJUGUN,"(blank)"
"FuelWatch WA","FuelWatchRetail-05-2026.csv","May 17, 2026 @ 10:00:00.000","May 18, 2026 @ 22:00:01.000","106 Frederick St","Brand Diesel","6,725","247.9","EG Ampol","EG Ampol Djugun",DJUGUN,"(blank)"
"FuelWatch WA","FuelWatchRetail-05-2026.csv","May 17, 2026 @ 10:00:00.000","May 18, 2026 @ 22:00:01.000","2 Recreation Dr",ULP,"6,232","179.9","EG Ampol","EG Ampol Eaton",EATON,"(blank)"
"FuelWatch WA","FuelWatchRetail-05-2026.csv","May 17, 2026 @ 10:00:00.000","May 18, 2026 @ 22:00:01.000","11 Main St",ULP,"6,069","175.9","EG Ampol","EG Ampol Ellenbrook",ELLENBROOK,"(blank)"
"FuelWatch WA","FuelWatchRetail-05-2026.csv","May 17, 2026 @ 10:00:00.000","May 18, 2026 @ 22:00:01.000","11 Main St",PULP,"6,069","190.9","EG Ampol","EG Ampol Ellenbrook",ELLENBROOK,"(blank)"
"FuelWatch WA","FuelWatchRetail-05-2026.csv","May 17, 2026 @ 10:00:00.000","May 18, 2026 @ 22:00:01.000","651 Old Coast Rd",ULP,"6,210","177.9","EG Ampol","EG Ampol Falcon",FALCON,"(blank)"
"FuelWatch WA","FuelWatchRetail-05-2026.csv","May 17, 2026 @ 10:00:00.000","May 18, 2026 @ 22:00:01.000","651 Old Coast Rd","Brand Diesel","6,210","225.9","EG Ampol","EG Ampol Falcon",FALCON,"(blank)"
"FuelWatch WA","FuelWatchRetail-05-2026.csv","May 17, 2026 @ 10:00:00.000","May 18, 2026 @ 22:00:01.000","5 Howtree Pl",ULP,"6,014","177.9","EG Ampol","EG Ampol Floreat",FLOREAT,"(blank)"
"FuelWatch WA","FuelWatchRetail-05-2026.csv","May 17, 2026 @ 10:00:00.000","May 18, 2026 @ 22:00:01.000","59 Cathedral Ave","Brand Diesel","6,530","229.9","EG Ampol","EG Ampol Geraldton",GERALDTON,"(blank)"
"FuelWatch WA","FuelWatchRetail-05-2026.csv","May 17, 2026 @ 10:00:00.000","May 18, 2026 @ 22:00:01.000","37 Canham Way",PULP,"6,024","193.9","EG Ampol","EG Ampol Greenwood",GREENWOOD,"(blank)"
"FuelWatch WA","FuelWatchRetail-05-2026.csv","May 17, 2026 @ 10:00:00.000","May 18, 2026 @ 22:00:01.000","37 Canham Way","98 RON","6,024","201.9","EG Ampol","EG Ampol Greenwood",GREENWOOD,"(blank)"
"FuelWatch WA","FuelWatchRetail-05-2026.csv","May 17, 2026 @ 10:00:00.000","May 18, 2026 @ 22:00:01.000","139-141 Clive St",ULP,"6,317","183.9","EG Ampol","EG Ampol Katanning",KATANNING,"(blank)"
"FuelWatch WA","FuelWatchRetail-05-2026.csv","May 17, 2026 @ 10:00:00.000","May 18, 2026 @ 22:00:01.000","139-141 Clive St","Brand Diesel","6,317","239.9","EG Ampol","EG Ampol Katanning",KATANNING,"(blank)"
"FuelWatch WA","FuelWatchRetail-05-2026.csv","May 17, 2026 @ 10:00:00.000","May 18, 2026 @ 22:00:01.000","207 Burslem Dr",ULP,"6,109","173.9","EG Ampol","EG Ampol Maddington West",MADDINGTON,"(blank)"
"FuelWatch WA","FuelWatchRetail-05-2026.csv","May 17, 2026 @ 10:00:00.000","May 18, 2026 @ 22:00:01.000","207 Burslem Dr","Brand Diesel","6,109","219.9","EG Ampol","EG Ampol Maddington West",MADDINGTON,"(blank)"
"FuelWatch WA","FuelWatchRetail-05-2026.csv","May 17, 2026 @ 10:00:00.000","May 18, 2026 @ 22:00:01.000","10-12 Magenta Tce",PULP,"6,210","192.9","EG Ampol","EG Ampol Mandurah",MANDURAH,"(blank)"
"FuelWatch WA","FuelWatchRetail-05-2026.csv","May 17, 2026 @ 10:00:00.000","May 18, 2026 @ 22:00:01.000","10-12 Magenta Tce","Brand Diesel","6,210","229.9","EG Ampol","EG Ampol Mandurah",MANDURAH,"(blank)"
"FuelWatch WA","FuelWatchRetail-05-2026.csv","May 17, 2026 @ 10:00:00.000","May 18, 2026 @ 22:00:01.000","53 Yirrigan Dr",ULP,"6,061","173.9","EG Ampol","EG Ampol Mirrabooka",MIRRABOOKA,"(blank)"
"FuelWatch WA","FuelWatchRetail-05-2026.csv","May 17, 2026 @ 10:00:00.000","May 18, 2026 @ 22:00:01.000","53 Yirrigan Dr",PULP,"6,061","188.9","EG Ampol","EG Ampol Mirrabooka",MIRRABOOKA,"(blank)"
"FuelWatch WA","FuelWatchRetail-05-2026.csv","May 17, 2026 @ 10:00:00.000","May 18, 2026 @ 22:00:01.000","60 Russell St",PULP,"6,062","190.9","EG Ampol","EG Ampol Morley Galleria",MORLEY,"(blank)"
"FuelWatch WA","FuelWatchRetail-05-2026.csv","May 17, 2026 @ 10:00:00.000","May 18, 2026 @ 22:00:01.000","60 Russell St","98 RON","6,062","197.9","EG Ampol","EG Ampol Morley Galleria",MORLEY,"(blank)"
"FuelWatch WA","FuelWatchRetail-05-2026.csv","May 17, 2026 @ 10:00:00.000","May 18, 2026 @ 22:00:01.000","86 Wellington St",ULP,"6,401","179.9","EG Ampol","EG Ampol Northam",NORTHAM,"(blank)"
"FuelWatch WA","FuelWatchRetail-05-2026.csv","May 17, 2026 @ 10:00:00.000","May 18, 2026 @ 22:00:01.000","401 Scarborough Beach Rd",ULP,"6,017","177.9","EG Ampol","EG Ampol Osborne Park","OSBORNE PARK","(blank)"
"FuelWatch WA","FuelWatchRetail-05-2026.csv","May 17, 2026 @ 10:00:00.000","May 18, 2026 @ 22:00:01.000","401 Scarborough Beach Rd",PULP,"6,017","191.9","EG Ampol","EG Ampol Osborne Park","OSBORNE PARK","(blank)"
"FuelWatch WA","FuelWatchRetail-05-2026.csv","May 17, 2026 @ 10:00:00.000","May 18, 2026 @ 22:00:01.000","12 Saltaire Way",ULP,"6,172","177.9","EG Ampol","EG Ampol Port Kennedy","PORT KENNEDY","(blank)"
"FuelWatch WA","FuelWatchRetail-05-2026.csv","May 17, 2026 @ 10:00:00.000","May 18, 2026 @ 22:00:01.000","219 Hampton Rd","Brand Diesel","6,162","225.9","EG Ampol","EG Ampol South Fremantle","SOUTH FREMANTLE","(blank)"
"FuelWatch WA","FuelWatchRetail-05-2026.csv","May 17, 2026 @ 10:00:00.000","May 18, 2026 @ 22:00:01.000","219 Hampton Rd","98 RON","6,162","201.9","EG Ampol","EG Ampol South Fremantle","SOUTH FREMANTLE","(blank)"
"FuelWatch WA","FuelWatchRetail-05-2026.csv","May 17, 2026 @ 10:00:00.000","May 18, 2026 @ 22:00:01.000","752 North Lake Rd","98 RON","6,164","193.9","EG Ampol","EG Ampol South Lake","SOUTH LAKE","(blank)"
"FuelWatch WA","FuelWatchRetail-05-2026.csv","May 17, 2026 @ 10:00:00.000","May 18, 2026 @ 22:00:01.000","466 Warton Rd",ULP,"6,110","175.9","EG Ampol","EG Ampol Southern River","SOUTHERN RIVER","(blank)"
"FuelWatch WA","FuelWatchRetail-05-2026.csv","May 17, 2026 @ 10:00:00.000","May 18, 2026 @ 22:00:01.000","202 Warnbro Sound Ave",PULP,"6,169","190.9","EG Ampol","EG Ampol Warnbro",WARNBRO,"(blank)"
"FuelWatch WA","FuelWatchRetail-05-2026.csv","May 17, 2026 @ 10:00:00.000","May 18, 2026 @ 22:00:01.000","202 Warnbro Sound Ave","98 RON","6,169","198.9","EG Ampol","EG Ampol Warnbro",WARNBRO,"(blank)"
"FuelWatch WA","FuelWatchRetail-05-2026.csv","May 17, 2026 @ 10:00:00.000","May 18, 2026 @ 22:00:01.000","470 Whitfords Ave",PULP,"6,025","190.9","EG Ampol","EG Ampol Whitfords",HILLARYS,"(blank)"
"FuelWatch WA","FuelWatchRetail-05-2026.csv","May 17, 2026 @ 10:00:00.000","May 18, 2026 @ 22:00:01.000","1309 Lower Denmark Rd",PULP,"6,330","210.1",Puma,"Elleker General Store",ELLEKER,"(blank)"
"FuelWatch WA","FuelWatchRetail-05-2026.csv","May 17, 2026 @ 10:00:00.000","May 18, 2026 @ 22:00:01.000","1 Johnson St",Diesel,"6,518","249.9",Ampol,"Eneabba Roadhouse",ENEABBA,"(blank)"
"FuelWatch WA","FuelWatchRetail-05-2026.csv","May 17, 2026 @ 10:00:00.000","May 18, 2026 @ 22:00:01.000","1 Johnson St","98 RON","6,518","219.9",Ampol,"Eneabba Roadhouse",ENEABBA,"(blank)"
"FuelWatch WA","FuelWatchRetail-05-2026.csv","May 17, 2026 @ 10:00:00.000","May 18, 2026 @ 22:00:01.000","Lot 6 Eyre Hwy",Diesel,"6,443",282,IOR,"Eucla Motor Hotel",EUCLA,"(blank)"
"FuelWatch WA","FuelWatchRetail-05-2026.csv","May 17, 2026 @ 10:00:00.000","May 18, 2026 @ 22:00:01.000","2 Huston St",ULP,"6,707","229.8",Independent,"Exmouth Fuel Supplies",EXMOUTH,"(blank)"
"FuelWatch WA","FuelWatchRetail-05-2026.csv","May 17, 2026 @ 10:00:00.000","May 18, 2026 @ 22:00:01.000","2 Huston St",Diesel,"6,707","270.8",Independent,"Exmouth Fuel Supplies",EXMOUTH,"(blank)"
"FuelWatch WA","FuelWatchRetail-05-2026.csv","May 17, 2026 @ 10:00:00.000","May 18, 2026 @ 22:00:01.000","67 Lundy Ave",ULP,"6,407",189,FDWA,"FDWA Cunderdin OPT",CUNDERDIN,"(blank)"
"FuelWatch WA","FuelWatchRetail-05-2026.csv","May 17, 2026 @ 10:00:00.000","May 18, 2026 @ 22:00:01.000","67 Lundy Ave",PULP,"6,407",209,FDWA,"FDWA Cunderdin OPT",CUNDERDIN,"(blank)"
"FuelWatch WA","FuelWatchRetail-05-2026.csv","May 17, 2026 @ 10:00:00.000","May 18, 2026 @ 22:00:01.000","67 Lundy Ave",Diesel,"6,407",216,FDWA,"FDWA Cunderdin OPT",CUNDERDIN,"(blank)"
"FuelWatch WA","FuelWatchRetail-05-2026.csv","May 17, 2026 @ 10:00:00.000","May 18, 2026 @ 22:00:01.000","6 Frankland-Cranbrook Rd",Diesel,"6,396",245,Independent,"Frankland River General Store","FRANKLAND RIVER","(blank)"
"FuelWatch WA","FuelWatchRetail-05-2026.csv","May 17, 2026 @ 10:00:00.000","May 18, 2026 @ 22:00:01.000","7 South Western Hwy",ULP,"6,239","189.9",Liberty,"Fruit Barn",DONNYBROOK,"(blank)"
"FuelWatch WA","FuelWatchRetail-05-2026.csv","May 17, 2026 @ 10:00:00.000","May 18, 2026 @ 22:00:01.000","7 South Western Hwy",PULP,"6,239","209.9",Liberty,"Fruit Barn",DONNYBROOK,"(blank)"
"FuelWatch WA","FuelWatchRetail-05-2026.csv","May 17, 2026 @ 10:00:00.000","May 18, 2026 @ 22:00:01.000","94 Ommaney Rd",ULP,"6,224","193.9",Ampol,"GD's Brunswick Roadhouse",BRUNSWICK,"(blank)"
"FuelWatch WA","FuelWatchRetail-05-2026.csv","May 17, 2026 @ 10:00:00.000","May 18, 2026 @ 22:00:01.000","328 Marine Tce",Diesel,"6,280","249.9",Liberty,"Geographe IGA",GEOGRAPHE,"(blank)"
"FuelWatch WA","FuelWatchRetail-05-2026.csv","May 17, 2026 @ 10:00:00.000","May 18, 2026 @ 22:00:01.000","84 Strelly St",Diesel,"6,280","227.2",Liberty,"Geographe Petroleum",BUSSELTON,"(blank)"
"FuelWatch WA","FuelWatchRetail-05-2026.csv","May 17, 2026 @ 10:00:00.000","May 18, 2026 @ 22:00:01.000","12 Auger Way",ULP,"6,285","189.9",Liberty,"Geographe Petroleum Margaret River","MARGARET RIVER","(blank)"
"FuelWatch WA","FuelWatchRetail-05-2026.csv","May 17, 2026 @ 10:00:00.000","May 18, 2026 @ 22:00:01.000","12 Auger Way",PULP,"6,285","206.5",Liberty,"Geographe Petroleum Margaret River","MARGARET RIVER","(blank)"
"FuelWatch WA","FuelWatchRetail-05-2026.csv","May 17, 2026 @ 10:00:00.000","May 18, 2026 @ 22:00:01.000","20 Great Eastern Hwy",Diesel,"6,071","235.5",Independent,"Glen Forrest Fuel","GLEN FORREST","(blank)"
"FuelWatch WA","FuelWatchRetail-05-2026.csv","May 17, 2026 @ 10:00:00.000","May 18, 2026 @ 22:00:01.000","20 Formby St",Diesel,"6,335",238,Independent,"Gnowangerup Fuel Supplies",GNOWANGERUP,"(blank)"
"FuelWatch WA","FuelWatchRetail-05-2026.csv","May 17, 2026 @ 10:00:00.000","May 18, 2026 @ 22:00:01.000","Lot 3 Eyre Hwy","98 RON","6,443","265.9",BP,"Golden Outback Caiguna",CAIGUNA,"(blank)"
"FuelWatch WA","FuelWatchRetail-05-2026.csv","May 17, 2026 @ 10:00:00.000","May 18, 2026 @ 22:00:01.000","2 Bayview Dr",ULP,"6,284",240,Independent,"Gracie's General",GRACETOWN,"(blank)"
"FuelWatch WA","FuelWatchRetail-05-2026.csv","May 17, 2026 @ 10:00:00.000","May 18, 2026 @ 22:00:01.000","2 Bayview Dr",Diesel,"6,284",320,Independent,"Gracie's General",GRACETOWN,"(blank)"
"FuelWatch WA","FuelWatchRetail-05-2026.csv","May 17, 2026 @ 10:00:00.000","May 18, 2026 @ 22:00:01.000","58 Bannister Rd",ULP,"6,390",207,Independent,"Greg Day Motors",BODDINGTON,"(blank)"
"FuelWatch WA","FuelWatchRetail-05-2026.csv","May 17, 2026 @ 10:00:00.000","May 18, 2026 @ 22:00:01.000","111 Morgans St",ULP,"6,346","224.9",Shell,"GSG WA Pty Ltd",RAVENSTHORPE,"(blank)"
"FuelWatch WA","FuelWatchRetail-05-2026.csv","May 17, 2026 @ 10:00:00.000","May 18, 2026 @ 22:00:01.000","143 Throssell St",Diesel,"6,225","249.7",Gull,"Gull Collie",COLLIE,"(blank)"
"FuelWatch WA","FuelWatchRetail-05-2026.csv","May 17, 2026 @ 10:00:00.000","May 18, 2026 @ 22:00:01.000","30 Weld St",Diesel,"6,503","241.9",Independent,"Gull Gingin",GINGIN,"(blank)"
"FuelWatch WA","FuelWatchRetail-05-2026.csv","May 17, 2026 @ 10:00:00.000","May 18, 2026 @ 22:00:01.000","30 Weld St","98 RON","6,503","245.9",Independent,"Gull Gingin",GINGIN,"(blank)"
"FuelWatch WA","FuelWatchRetail-05-2026.csv","May 17, 2026 @ 10:00:00.000","May 18, 2026 @ 22:00:01.000","14270 South Western Hwy",ULP,"6,228","182.7",Gull,"Gull Waterloo",WATERLOO,"(blank)"
"FuelWatch WA","FuelWatchRetail-05-2026.csv","May 17, 2026 @ 10:00:00.000","May 18, 2026 @ 22:00:01.000","63 Avon Tce",PULP,"6,302","199.7",Gull,"Gull York Roadhouse",YORK,"(blank)"
"FuelWatch WA","FuelWatchRetail-05-2026.csv","May 17, 2026 @ 10:00:00.000","May 18, 2026 @ 22:00:01.000","24 Falconer Dr",ULP,"6,518","219.9",Puma,"Halfway Mill Roadhouse",WARRADARGE,"(blank)"
"FuelWatch WA","FuelWatchRetail-05-2026.csv","May 17, 2026 @ 10:00:00.000","May 18, 2026 @ 22:00:01.000","213 Harbour Rd",ULP,"6,450","193.9",BP,"Harbour Rd Truckstop",CHADWICK,"(blank)"
"FuelWatch WA","FuelWatchRetail-05-2026.csv","May 17, 2026 @ 10:00:00.000","May 18, 2026 @ 22:00:01.000","213 Harbour Rd",Diesel,"6,450","226.9",BP,"Harbour Rd Truckstop",CHADWICK,"(blank)"
"FuelWatch WA","FuelWatchRetail-05-2026.csv","May 17, 2026 @ 10:00:00.000","May 18, 2026 @ 22:00:01.000","213 Harbour Rd","98 RON","6,450","215.9",BP,"Harbour Rd Truckstop",CHADWICK,"(blank)"
"FuelWatch WA","FuelWatchRetail-05-2026.csv","May 17, 2026 @ 10:00:00.000","May 18, 2026 @ 22:00:01.000","777 Great Northern Hwy",ULP,"6,056","188.9",Vibe,"Herne Hill General Store","HERNE HILL","(blank)"
"FuelWatch WA","FuelWatchRetail-05-2026.csv","May 17, 2026 @ 10:00:00.000","May 18, 2026 @ 22:00:01.000","1615 Canning Rd",ULP,"6,111","216.9",Independent,"Hills Emporio",KARRAGULLEN,"(blank)"
"FuelWatch WA","FuelWatchRetail-05-2026.csv","May 17, 2026 @ 10:00:00.000","May 18, 2026 @ 22:00:01.000","47 Albany Hwy",ULP,"6,395","199.9",Shell,"Hillview Roadhouse and Motel",KOJONUP,"(blank)"
"FuelWatch WA","FuelWatchRetail-05-2026.csv","May 17, 2026 @ 10:00:00.000","May 18, 2026 @ 22:00:01.000","Lot 704 Tamar St",ULP,"6,348","234.9",Independent,"Hopetoun Fuel Services",HOPETOUN,"(blank)"
"FuelWatch WA","FuelWatchRetail-05-2026.csv","May 17, 2026 @ 10:00:00.000","May 18, 2026 @ 22:00:01.000","2 Marshall St",PULP,"6,359",275,Liberty,"Hyden Travel Stop",HYDEN,"(blank)"
"FuelWatch WA","FuelWatchRetail-05-2026.csv","May 17, 2026 @ 10:00:00.000","May 18, 2026 @ 22:00:01.000","97 Knight Tce","98 RON","6,537",225,Ampol,"IGA Denham-Ampol",DENHAM,"(blank)"
"FuelWatch WA","FuelWatchRetail-05-2026.csv","May 17, 2026 @ 10:00:00.000","May 18, 2026 @ 22:00:01.000","641 Robinson St",Diesel,"6,640","243.9",IOR,"IOR Cue",CUE,"(blank)"
"FuelWatch WA","FuelWatchRetail-05-2026.csv","May 17, 2026 @ 10:00:00.000","May 18, 2026 @ 22:00:01.000","Lot 124 Kingswood St",Diesel,"6,443","251.9",IOR,"IOR Widgiemooltha",WIDGIEMOOLTHA,"(blank)"
"FuelWatch WA","FuelWatchRetail-05-2026.csv","May 17, 2026 @ 10:00:00.000","May 18, 2026 @ 22:00:01.000","3 South Coast Hwy",Diesel,"6,337",247,Liberty,"Jerramungup Roadhouse",JERRAMUNGUP,"(blank)"
"FuelWatch WA","FuelWatchRetail-05-2026.csv","May 17, 2026 @ 10:00:00.000","May 18, 2026 @ 22:00:01.000","2263 Mandurah Rd",ULP,"6,176","176.9",BP,"Karnup Roadhouse",KARNUP,"(blank)"
"FuelWatch WA","FuelWatchRetail-05-2026.csv","May 17, 2026 @ 10:00:00.000","May 18, 2026 @ 22:00:01.000","2263 Mandurah Rd",Diesel,"6,176","214.9",BP,"Karnup Roadhouse",KARNUP,"(blank)"
"FuelWatch WA","FuelWatchRetail-05-2026.csv","May 17, 2026 @ 10:00:00.000","May 18, 2026 @ 22:00:01.000","2263 Mandurah Rd","Brand Diesel","6,176","219.9",BP,"Karnup Roadhouse",KARNUP,"(blank)"
"FuelWatch WA","FuelWatchRetail-05-2026.csv","May 17, 2026 @ 10:00:00.000","May 18, 2026 @ 22:00:01.000","Kiwirrkurra Roadhouse Kiwirrkurra Community",ULP,872,285,BP,"Kiwirrkurra Roadhouse & Community Store","GIBSON DESERT NORTH","(blank)"
"FuelWatch WA","FuelWatchRetail-05-2026.csv","May 17, 2026 @ 10:00:00.000","May 18, 2026 @ 22:00:01.000","Kiwirrkurra Roadhouse Kiwirrkurra Community",Diesel,872,375,BP,"Kiwirrkurra Roadhouse & Community Store","GIBSON DESERT NORTH","(blank)"
"FuelWatch WA","FuelWatchRetail-05-2026.csv","May 17, 2026 @ 10:00:00.000","May 18, 2026 @ 22:00:01.000","23 Walker Ave",ULP,"6,044","204.5",Independent,"Lancelin Gull Roadhouse",LANCELIN,"(blank)"
"FuelWatch WA","FuelWatchRetail-05-2026.csv","May 17, 2026 @ 10:00:00.000","May 18, 2026 @ 22:00:01.000","23 Walker Ave",Diesel,"6,044","251.5",Independent,"Lancelin Gull Roadhouse",LANCELIN,"(blank)"
"FuelWatch WA","FuelWatchRetail-05-2026.csv","May 17, 2026 @ 10:00:00.000","May 18, 2026 @ 22:00:01.000","13 Prince St",PULP,"6,043",230,Independent,"Ledge Point Store","LEDGE POINT","(blank)"
"FuelWatch WA","FuelWatchRetail-05-2026.csv","May 17, 2026 @ 10:00:00.000","May 18, 2026 @ 22:00:01.000","5 Rudduck St",Diesel,"6,514","239.9",Liberty,"Leeman Fuel and Alicia Cafe",LEEMAN,"(blank)"
"FuelWatch WA","FuelWatchRetail-05-2026.csv","May 17, 2026 @ 10:00:00.000","May 18, 2026 @ 22:00:01.000","7 Honeybee Pde","Brand Diesel","6,031","221.9",Liberty,"Liberty Banksia Grove","BANKSIA GROVE","(blank)"
"FuelWatch WA","FuelWatchRetail-05-2026.csv","May 17, 2026 @ 10:00:00.000","May 18, 2026 @ 22:00:01.000","63 William St",PULP,"6,107","177.3",Liberty,"Liberty Beckenham",BECKENHAM,"(blank)"
"FuelWatch WA","FuelWatchRetail-05-2026.csv","May 17, 2026 @ 10:00:00.000","May 18, 2026 @ 22:00:01.000","100 West St",ULP,"6,280","169.5",Liberty,"Liberty Busselton West","WEST BUSSELTON","(blank)"
"FuelWatch WA","FuelWatchRetail-05-2026.csv","May 17, 2026 @ 10:00:00.000","May 18, 2026 @ 22:00:01.000","100 West St",Diesel,"6,280","225.9",Liberty,"Liberty Busselton West","WEST BUSSELTON","(blank)"
"FuelWatch WA","FuelWatchRetail-05-2026.csv","May 17, 2026 @ 10:00:00.000","May 18, 2026 @ 22:00:01.000","25 Cecil Ave",ULP,"6,107","165.2",Liberty,"Liberty Cannington",CANNINGTON,"(blank)"
"FuelWatch WA","FuelWatchRetail-05-2026.csv","May 17, 2026 @ 10:00:00.000","May 18, 2026 @ 22:00:01.000","25 Cecil Ave",PULP,"6,107","185.2",Liberty,"Liberty Cannington",CANNINGTON,"(blank)"
"FuelWatch WA","FuelWatchRetail-05-2026.csv","May 17, 2026 @ 10:00:00.000","May 18, 2026 @ 22:00:01.000","10805 Brand Hwy",ULP,"6,507","179.5",Liberty,"Liberty Cataby",CATABY,"(blank)"
"FuelWatch WA","FuelWatchRetail-05-2026.csv","May 17, 2026 @ 10:00:00.000","May 18, 2026 @ 22:00:01.000","10805 Brand Hwy",PULP,"6,507","194.5",Liberty,"Liberty Cataby",CATABY,"(blank)"
"FuelWatch WA","FuelWatchRetail-05-2026.csv","May 17, 2026 @ 10:00:00.000","May 18, 2026 @ 22:00:01.000","10805 Brand Hwy",Diesel,"6,507","219.9",Liberty,"Liberty Cataby",CATABY,"(blank)"
"FuelWatch WA","FuelWatchRetail-05-2026.csv","May 17, 2026 @ 10:00:00.000","May 18, 2026 @ 22:00:01.000","10805 Brand Hwy","Brand Diesel","6,507","222.9",Liberty,"Liberty Cataby",CATABY,"(blank)"
"FuelWatch WA","FuelWatchRetail-05-2026.csv","May 17, 2026 @ 10:00:00.000","May 18, 2026 @ 22:00:01.000","9 Norton Prom",ULP,"6,230","177.5",Liberty,"Liberty Dalyellup",DALYELLUP,"(blank)"
"FuelWatch WA","FuelWatchRetail-05-2026.csv","May 17, 2026 @ 10:00:00.000","May 18, 2026 @ 22:00:01.000","9 Norton Prom",Diesel,"6,230","229.9",Liberty,"Liberty Dalyellup",DALYELLUP,"(blank)"
"FuelWatch WA","FuelWatchRetail-05-2026.csv","May 17, 2026 @ 10:00:00.000","May 18, 2026 @ 22:00:01.000","30215 Brand Hwy","98 RON","6,525","202.5",Liberty,"Liberty Dongara",DONGARA,"(blank)"
"FuelWatch WA","FuelWatchRetail-05-2026.csv","May 17, 2026 @ 10:00:00.000","May 18, 2026 @ 22:00:01.000","115 Dixon Rd",Diesel,"6,168","223.5",Liberty,"Liberty East Rockingham","EAST ROCKINGHAM","(blank)"
"FuelWatch WA","FuelWatchRetail-05-2026.csv","May 17, 2026 @ 10:00:00.000","May 18, 2026 @ 22:00:01.000","115 Dixon Rd","98 RON","6,168","196.5",Liberty,"Liberty East Rockingham","EAST ROCKINGHAM","(blank)"
"FuelWatch WA","FuelWatchRetail-05-2026.csv","May 17, 2026 @ 10:00:00.000","May 18, 2026 @ 22:00:01.000","2341 Albany Hwy",PULP,"6,110","188.5",Liberty,"Liberty Gosnells",GOSNELLS,"(blank)"
"FuelWatch WA","FuelWatchRetail-05-2026.csv","May 17, 2026 @ 10:00:00.000","May 18, 2026 @ 22:00:01.000","2341 Albany Hwy","Brand Diesel","6,110","218.5",Liberty,"Liberty Gosnells",GOSNELLS,"(blank)"
"FuelWatch WA","FuelWatchRetail-05-2026.csv","May 17, 2026 @ 10:00:00.000","May 18, 2026 @ 22:00:01.000","2341 Albany Hwy","98 RON","6,110","196.5",Liberty,"Liberty Gosnells",GOSNELLS,"(blank)"
"FuelWatch WA","FuelWatchRetail-05-2026.csv","May 17, 2026 @ 10:00:00.000","May 18, 2026 @ 22:00:01.000","2 Cockatoo St","98 RON","6,714","212.5",Liberty,"Liberty Karratha",NICKOL,"(blank)"
"FuelWatch WA","FuelWatchRetail-05-2026.csv","May 17, 2026 @ 10:00:00.000","May 18, 2026 @ 22:00:01.000","2 Cowle St",Diesel,"6,065","208.5",Liberty,"Liberty Landsdale",LANDSDALE,"(blank)"
"FuelWatch WA","FuelWatchRetail-05-2026.csv","May 17, 2026 @ 10:00:00.000","May 18, 2026 @ 22:00:01.000","2 Cowle St","Brand Diesel","6,065","211.5",Liberty,"Liberty Landsdale",LANDSDALE,"(blank)"
"FuelWatch WA","FuelWatchRetail-05-2026.csv","May 17, 2026 @ 10:00:00.000","May 18, 2026 @ 22:00:01.000","50-52 Tower St",Diesel,"6,438","269.9",Liberty,"Liberty Leonora",LEONORA,"(blank)"
"FuelWatch WA","FuelWatchRetail-05-2026.csv","May 17, 2026 @ 10:00:00.000","May 18, 2026 @ 22:00:01.000","557 Albany Hwy",Diesel,"6,330","219.5",Liberty,"Liberty McKail",MCKAIL,"(blank)"
"FuelWatch WA","FuelWatchRetail-05-2026.csv","May 17, 2026 @ 10:00:00.000","May 18, 2026 @ 22:00:01.000","557 Albany Hwy","Brand Diesel","6,330","222.5",Liberty,"Liberty McKail",MCKAIL,"(blank)"
"FuelWatch WA","FuelWatchRetail-05-2026.csv","May 17, 2026 @ 10:00:00.000","May 18, 2026 @ 22:00:01.000","557 Albany Hwy","98 RON","6,330","201.5",Liberty,"Liberty McKail",MCKAIL,"(blank)"
"FuelWatch WA","FuelWatchRetail-05-2026.csv","May 17, 2026 @ 10:00:00.000","May 18, 2026 @ 22:00:01.000","MacKenzie Cres",Diesel,"6,415","225.9",Liberty,"Liberty Merredin",MERREDIN,"(blank)"
"FuelWatch WA","FuelWatchRetail-05-2026.csv","May 17, 2026 @ 10:00:00.000","May 18, 2026 @ 22:00:01.000","24 Dooley St",ULP,"6,165","169.5",Liberty,"Liberty Naval Base","NAVAL BASE","(blank)"
"FuelWatch WA","FuelWatchRetail-05-2026.csv","May 17, 2026 @ 10:00:00.000","May 18, 2026 @ 22:00:01.000","24 Dooley St",Diesel,"6,165","214.5",Liberty,"Liberty Naval Base","NAVAL BASE","(blank)"
"FuelWatch WA","FuelWatchRetail-05-2026.csv","May 17, 2026 @ 10:00:00.000","May 18, 2026 @ 22:00:01.000","9 Pritchard St","Brand Diesel","6,163","228.5",Liberty,"Liberty O'Connor","O'CONNOR","(blank)"
"FuelWatch WA","FuelWatchRetail-05-2026.csv","May 17, 2026 @ 10:00:00.000","May 18, 2026 @ 22:00:01.000","4 Bayonet Head Rd",PULP,"6,330","193.5",Liberty,"Liberty Oyster Harbour","BAYONET HEAD","(blank)"
"FuelWatch WA","FuelWatchRetail-05-2026.csv","May 17, 2026 @ 10:00:00.000","May 18, 2026 @ 22:00:01.000","4 Bayonet Head Rd",Diesel,"6,330","219.5",Liberty,"Liberty Oyster Harbour","BAYONET HEAD","(blank)"
"FuelWatch WA","FuelWatchRetail-05-2026.csv","May 17, 2026 @ 10:00:00.000","May 18, 2026 @ 22:00:01.000","203 Hampton Rd",ULP,"6,535","229.9",Liberty,"Liberty Roadhouse Northampton",NORTHAMPTON,"(blank)"
"FuelWatch WA","FuelWatchRetail-05-2026.csv","May 17, 2026 @ 10:00:00.000","May 18, 2026 @ 22:00:01.000","3 Herdsman Lane",PULP,"6,065","184.5",Liberty,"Liberty Tapping",WANNEROO,"(blank)"
"FuelWatch WA","FuelWatchRetail-05-2026.csv","May 17, 2026 @ 10:00:00.000","May 18, 2026 @ 22:00:01.000","3 Herdsman Lane","98 RON","6,065","192.5",Liberty,"Liberty Tapping",WANNEROO,"(blank)"
"FuelWatch WA","FuelWatchRetail-05-2026.csv","May 17, 2026 @ 10:00:00.000","May 18, 2026 @ 22:00:01.000","Cnr Lombadina Rd & Ninth Rd",Diesel,"6,725","270.6",Independent,Lombadina,"DAMPIER PENINSULA","(blank)"
"FuelWatch WA","FuelWatchRetail-05-2026.csv","May 17, 2026 @ 10:00:00.000","May 18, 2026 @ 22:00:01.000","259 Railway Ave",ULP,"6,111","171.7",Independent,"Lori's Fuel Supply",KELMSCOTT,"(blank)"
"FuelWatch WA","FuelWatchRetail-05-2026.csv","May 17, 2026 @ 10:00:00.000","May 18, 2026 @ 22:00:01.000","83 Flores Rd","98 RON","6,530","212.6","Maisey Fuels","Maisey Fuels Flores Road",WEBBERTON,"(blank)"
"FuelWatch WA","FuelWatchRetail-05-2026.csv","May 17, 2026 @ 10:00:00.000","May 18, 2026 @ 22:00:01.000","512 Rudds Gully Rd",Diesel,"6,532","225.5","Maisey Fuels","Maisey Fuels Rudds Gully",NARNGULU,"(blank)"
"FuelWatch WA","FuelWatchRetail-05-2026.csv","May 17, 2026 @ 10:00:00.000","May 18, 2026 @ 22:00:01.000","51-55 Wotton St",ULP,"6,646",213,Ampol,"Mantjiljarra Community Store",WILUNA,"(blank)"
"FuelWatch WA","FuelWatchRetail-05-2026.csv","May 17, 2026 @ 10:00:00.000","May 18, 2026 @ 22:00:01.000","51-55 Wotton St",Diesel,"6,646",304,Ampol,"Mantjiljarra Community Store",WILUNA,"(blank)"
"FuelWatch WA","FuelWatchRetail-05-2026.csv","May 17, 2026 @ 10:00:00.000","May 18, 2026 @ 22:00:01.000","40 Halse Rd",ULP,"6,760","265.9",Ampol,"Marble Bar Roadhouse & Travellers Rest","MARBLE BAR","(blank)"
"FuelWatch WA","FuelWatchRetail-05-2026.csv","May 17, 2026 @ 10:00:00.000","May 18, 2026 @ 22:00:01.000","119 Main St",ULP,"6,642","213.9",Independent,"Meekatharra Caravan Park",MEEKATHARRA,"(blank)"
"FuelWatch WA","FuelWatchRetail-05-2026.csv","May 17, 2026 @ 10:00:00.000","May 18, 2026 @ 22:00:01.000","119 Main St",Diesel,"6,642","267.9",Independent,"Meekatharra Caravan Park",MEEKATHARRA,"(blank)"
"FuelWatch WA","FuelWatchRetail-05-2026.csv","May 17, 2026 @ 10:00:00.000","May 18, 2026 @ 22:00:01.000","16 Main St",ULP,"6,642","212.9",BP,"Meekatharra Corner Store",MEEKATHARRA,"(blank)"
"FuelWatch WA","FuelWatchRetail-05-2026.csv","May 17, 2026 @ 10:00:00.000","May 18, 2026 @ 22:00:01.000","269 York St",Diesel,"6,330","219.2","Metro Petroleum","Metro Albany",ALBANY,"(blank)"
"FuelWatch WA","FuelWatchRetail-05-2026.csv","May 17, 2026 @ 10:00:00.000","May 18, 2026 @ 22:00:01.000","335 Collier Rd",PULP,"6,054","183.9","Metro Petroleum","Metro Bassendean",BASSENDEAN,"(blank)"
"FuelWatch WA","FuelWatchRetail-05-2026.csv","May 17, 2026 @ 10:00:00.000","May 18, 2026 @ 22:00:01.000","Lot 322 Ranford Rd",ULP,"6,155","174.9","Metro Petroleum","Metro Canning Vale","CANNING VALE","(blank)"
"FuelWatch WA","FuelWatchRetail-05-2026.csv","May 17, 2026 @ 10:00:00.000","May 18, 2026 @ 22:00:01.000","1 Fortyn Ct",PULP,"6,530","199.9","Metro Petroleum","Metro Geraldton","MAHOMETS FLATS","(blank)"
"FuelWatch WA","FuelWatchRetail-05-2026.csv","May 17, 2026 @ 10:00:00.000","May 18, 2026 @ 22:00:01.000","79 Gnangara Rd",ULP,"6,065","168.9","Metro Petroleum","Metro Wangara",WANGARA,"(blank)"
"FuelWatch WA","FuelWatchRetail-05-2026.csv","May 17, 2026 @ 10:00:00.000","May 18, 2026 @ 22:00:01.000","Lot 437 Winfield St",Diesel,"6,623","268.9",Ampol,"Morawa Roadhouse",MORAWA,"(blank)"
"FuelWatch WA","FuelWatchRetail-05-2026.csv","May 17, 2026 @ 10:00:00.000","May 18, 2026 @ 22:00:01.000","10 Hordacre Way",ULP,"6,321","191.9",Ampol,"Mt Barker Fuel Services Cranbrook",CRANBROOK,"(blank)"
"FuelWatch WA","FuelWatchRetail-05-2026.csv","May 17, 2026 @ 10:00:00.000","May 18, 2026 @ 22:00:01.000","10 Hordacre Way",Diesel,"6,321","232.9",Ampol,"Mt Barker Fuel Services Cranbrook",CRANBROOK,"(blank)"
"FuelWatch WA","FuelWatchRetail-05-2026.csv","May 17, 2026 @ 10:00:00.000","May 18, 2026 @ 22:00:01.000","Gibb River Rd",ULP,"6,728",290,BP,"Mt Barnett Roadhouse","BULARL DI WUNAMI","(blank)"
"FuelWatch WA","FuelWatchRetail-05-2026.csv","May 17, 2026 @ 10:00:00.000","May 18, 2026 @ 22:00:01.000","Gibb River Rd",Diesel,"6,728",330,BP,"Mt Barnett Roadhouse","BULARL DI WUNAMI","(blank)"
"FuelWatch WA","FuelWatchRetail-05-2026.csv","May 17, 2026 @ 10:00:00.000","May 18, 2026 @ 22:00:01.000","Lot 8 Lake Gregory Rd",Diesel,"6,770",305,Mogas,"Mulan Community Store","STURT CREEK","(blank)"
"FuelWatch WA","FuelWatchRetail-05-2026.csv","May 17, 2026 @ 10:00:00.000","May 18, 2026 @ 22:00:01.000","Lot 12 Eyre Hwy",Diesel,"6,443",282,Independent,"Mundrabilla Roadhouse",MUNDRABILLA,"(blank)"
"FuelWatch WA","FuelWatchRetail-05-2026.csv","May 17, 2026 @ 10:00:00.000","May 18, 2026 @ 22:00:01.000","8 Maley St","98 RON","6,355","225.9",Independent,"Newdegate Roadhouse",NEWDEGATE,"(blank)"
"FuelWatch WA","FuelWatchRetail-05-2026.csv","May 17, 2026 @ 10:00:00.000","May 18, 2026 @ 22:00:01.000","304 Pinjarra Rd","Brand Diesel","6,210","221.9",BP,"NightOwl BP Mandurah",MANDURAH,"(blank)"
"FuelWatch WA","FuelWatchRetail-05-2026.csv","May 17, 2026 @ 10:00:00.000","May 18, 2026 @ 22:00:01.000","304 Pinjarra Rd","98 RON","6,210","199.9",BP,"NightOwl BP Mandurah",MANDURAH,"(blank)"
"FuelWatch WA","FuelWatchRetail-05-2026.csv","May 17, 2026 @ 10:00:00.000","May 18, 2026 @ 22:00:01.000","49 Great Eastern Hwy",PULP,"6,056","195.9",Shell,"NightOwl Shell Bellevue",BELLEVUE,"(blank)"
"FuelWatch WA","FuelWatchRetail-05-2026.csv","May 17, 2026 @ 10:00:00.000","May 18, 2026 @ 22:00:01.000","1 Davison St",ULP,"6,109","179.9",Shell,"NightOwl Shell Maddington",MADDINGTON,"(blank)"
"FuelWatch WA","FuelWatchRetail-05-2026.csv","May 17, 2026 @ 10:00:00.000","May 18, 2026 @ 22:00:01.000","1 Davison St",PULP,"6,109","195.9",Shell,"NightOwl Shell Maddington",MADDINGTON,"(blank)"
"FuelWatch WA","FuelWatchRetail-05-2026.csv","May 17, 2026 @ 10:00:00.000","May 18, 2026 @ 22:00:01.000","443 Great Eastern Hwy","98 RON","6,104","199.9",Shell,"NightOwl Shell Redcliffe",REDCLIFFE,"(blank)"
"FuelWatch WA","FuelWatchRetail-05-2026.csv","May 17, 2026 @ 10:00:00.000","May 18, 2026 @ 22:00:01.000","6 Pelias St",Diesel,"6,707","265.9",Independent,"Ningaloo Reef Fuels",EXMOUTH,"(blank)"
"FuelWatch WA","FuelWatchRetail-05-2026.csv","May 17, 2026 @ 10:00:00.000","May 18, 2026 @ 22:00:01.000","55 Zamia St","98 RON","6,262",230,Independent,"Northcliffe Newsagent & General Store",NORTHCLIFFE,"(blank)"
"FuelWatch WA","FuelWatchRetail-05-2026.csv","May 17, 2026 @ 10:00:00.000","May 18, 2026 @ 22:00:01.000","82 Marina Bvd",Diesel,"6,027","222.9","OMG Metro","OMG Metro Ocean Reef","OCEAN REEF","(blank)"
"FuelWatch WA","FuelWatchRetail-05-2026.csv","May 17, 2026 @ 10:00:00.000","May 18, 2026 @ 22:00:01.000","51 South Western Hwy",ULP,"6,239","188.9",Independent,"One Stop Roadhouse Donnybrook",DONNYBROOK,"(blank)"
"FuelWatch WA","FuelWatchRetail-05-2026.csv","May 17, 2026 @ 10:00:00.000","May 18, 2026 @ 22:00:01.000","73 Manning Rd",ULP,"6,152","177.9",Shell,"OTR Como",COMO,"(blank)"
"FuelWatch WA","FuelWatchRetail-05-2026.csv","May 17, 2026 @ 10:00:00.000","May 18, 2026 @ 22:00:01.000","73 Manning Rd",PULP,"6,152","195.4",Shell,"OTR Como",COMO,"(blank)"
"FuelWatch WA","FuelWatchRetail-05-2026.csv","May 17, 2026 @ 10:00:00.000","May 18, 2026 @ 22:00:01.000","73 Manning Rd",Diesel,"6,152","227.9",Shell,"OTR Como",COMO,"(blank)"
"FuelWatch WA","FuelWatchRetail-05-2026.csv","May 17, 2026 @ 10:00:00.000","May 18, 2026 @ 22:00:01.000","73 Manning Rd","98 RON","6,152","204.9",Shell,"OTR Como",COMO,"(blank)"
"FuelWatch WA","FuelWatchRetail-05-2026.csv","May 17, 2026 @ 10:00:00.000","May 18, 2026 @ 22:00:01.000","1-3 Sampson St",PULP,"6,109","188.4",Shell,"OTR Maddington",MADDINGTON,"(blank)"
"FuelWatch WA","FuelWatchRetail-05-2026.csv","May 17, 2026 @ 10:00:00.000","May 18, 2026 @ 22:00:01.000","1-3 Sampson St","Brand Diesel","6,109","209.9",Shell,"OTR Maddington",MADDINGTON,"(blank)"
"FuelWatch WA","FuelWatchRetail-05-2026.csv","May 17, 2026 @ 10:00:00.000","May 18, 2026 @ 22:00:01.000","1-3 Sampson St","98 RON","6,109","197.9",Shell,"OTR Maddington",MADDINGTON,"(blank)"
"FuelWatch WA","FuelWatchRetail-05-2026.csv","May 17, 2026 @ 10:00:00.000","May 18, 2026 @ 22:00:01.000","17 Brisbane St","98 RON","6,000","204.9",Shell,"OTR Perth Pier Street",PERTH,"(blank)"
"FuelWatch WA","FuelWatchRetail-05-2026.csv","May 17, 2026 @ 10:00:00.000","May 18, 2026 @ 22:00:01.000","71 Shallcross St",ULP,"6,164","177.9",Caltex,"OTR Yangebup",YANGEBUP,"(blank)"
"FuelWatch WA","FuelWatchRetail-05-2026.csv","May 17, 2026 @ 10:00:00.000","May 18, 2026 @ 22:00:01.000","71 Shallcross St","Brand Diesel","6,164","209.9",Caltex,"OTR Yangebup",YANGEBUP,"(blank)"
"FuelWatch WA","FuelWatchRetail-05-2026.csv","May 17, 2026 @ 10:00:00.000","May 18, 2026 @ 22:00:01.000","Lot 174 North West Coastal Hwy",ULP,"6,532","209.9",Ampol,"Overlander Roadhouse","HAMELIN POOL","(blank)"
"FuelWatch WA","FuelWatchRetail-05-2026.csv","May 17, 2026 @ 10:00:00.000","May 18, 2026 @ 22:00:01.000","Lot 174 North West Coastal Hwy","98 RON","6,532","239.9",Ampol,"Overlander Roadhouse","HAMELIN POOL","(blank)"
"FuelWatch WA","FuelWatchRetail-05-2026.csv","May 17, 2026 @ 10:00:00.000","May 18, 2026 @ 22:00:01.000","40505 Great Northern Hwy",Diesel,"6,612","299.9",Independent,"Paynes Find Roadhouse and Tavern","PAYNES FIND","(blank)"
"FuelWatch WA","FuelWatchRetail-05-2026.csv","May 17, 2026 @ 10:00:00.000","May 18, 2026 @ 22:00:01.000","250 Albany Hwy",Diesel,"6,330","220.5","Petro Fuels","Petro Fuels Albany","CENTENNIAL PARK","(blank)"
"FuelWatch WA","FuelWatchRetail-05-2026.csv","May 17, 2026 @ 10:00:00.000","May 18, 2026 @ 22:00:01.000","909 Mandurah Rd",ULP,"6,171","172.9","Petro Fuels","Petro Fuels Baldivis",BALDIVIS,"(blank)"
"FuelWatch WA","FuelWatchRetail-05-2026.csv","May 17, 2026 @ 10:00:00.000","May 18, 2026 @ 22:00:01.000","190 Railway Pde",ULP,"6,054","174.9","Petro Fuels","Petro Fuels Bassendean",BASSENDEAN,"(blank)"
"FuelWatch WA","FuelWatchRetail-05-2026.csv","May 17, 2026 @ 10:00:00.000","May 18, 2026 @ 22:00:01.000","381 Chapman Rd",ULP,"6,530","179.9","Petro Fuels","Petro Fuels Bluff Point","BLUFF POINT","(blank)"
"FuelWatch WA","FuelWatchRetail-05-2026.csv","May 17, 2026 @ 10:00:00.000","May 18, 2026 @ 22:00:01.000","30 Abel St","98 RON","6,244","274.5",BP,"Petro Fuels Boyup Brook","BOYUP BROOK","(blank)"
"FuelWatch WA","FuelWatchRetail-05-2026.csv","May 17, 2026 @ 10:00:00.000","May 18, 2026 @ 22:00:01.000","6672 Bussell Hwy","98 RON","6,280","219.9","Petro Fuels","Petro Fuels Carbunup River","CARBUNUP RIVER","(blank)"
"FuelWatch WA","FuelWatchRetail-05-2026.csv","May 17, 2026 @ 10:00:00.000","May 18, 2026 @ 22:00:01.000","10513 Brand Hwy",ULP,"6,507","199.9",Ampol,"Petro Fuels Cataby",CATABY,"(blank)"
"FuelWatch WA","FuelWatchRetail-05-2026.csv","May 17, 2026 @ 10:00:00.000","May 18, 2026 @ 22:00:01.000","69 South Coast Hwy",Diesel,"6,333","234.9","Petro Fuels","Petro Fuels Denmark",DENMARK,"(blank)"
"FuelWatch WA","FuelWatchRetail-05-2026.csv","May 17, 2026 @ 10:00:00.000","May 18, 2026 @ 22:00:01.000","1287 Brookton Hwy",Diesel,"6,111","219.5","Petro Fuels","Petro Fuels Karragullen",KARRAGULLEN,"(blank)"
"FuelWatch WA","FuelWatchRetail-05-2026.csv","May 17, 2026 @ 10:00:00.000","May 18, 2026 @ 22:00:01.000","96 Stubbs St",PULP,"6,353","254.9","Petro Fuels","Petro Fuels Lake Grace","LAKE GRACE","(blank)"
"FuelWatch WA","FuelWatchRetail-05-2026.csv","May 17, 2026 @ 10:00:00.000","May 18, 2026 @ 22:00:01.000","96 Stubbs St",Diesel,"6,353","279.9","Petro Fuels","Petro Fuels Lake Grace","LAKE GRACE","(blank)"
"FuelWatch WA","FuelWatchRetail-05-2026.csv","May 17, 2026 @ 10:00:00.000","May 18, 2026 @ 22:00:01.000","8 Cox St",ULP,"6,440","229.9",BP,"Petro Fuels Laverton",LAVERTON,"(blank)"
"FuelWatch WA","FuelWatchRetail-05-2026.csv","May 17, 2026 @ 10:00:00.000","May 18, 2026 @ 22:00:01.000","8 Cox St",Diesel,"6,440","304.9",BP,"Petro Fuels Laverton",LAVERTON,"(blank)"
"FuelWatch WA","FuelWatchRetail-05-2026.csv","May 17, 2026 @ 10:00:00.000","May 18, 2026 @ 22:00:01.000","25 Mitchell Rd",ULP,"6,324","194.9",BP,"Petro Fuels Mount Barker","MOUNT BARKER","(blank)"
"FuelWatch WA","FuelWatchRetail-05-2026.csv","May 17, 2026 @ 10:00:00.000","May 18, 2026 @ 22:00:01.000","25 Mitchell Rd","98 RON","6,324","269.9",BP,"Petro Fuels Mount Barker","MOUNT BARKER","(blank)"
"FuelWatch WA","FuelWatchRetail-05-2026.csv","May 17, 2026 @ 10:00:00.000","May 18, 2026 @ 22:00:01.000","16 Tubada St",Diesel,"6,450","299.9","Petro Fuels","Petro Fuels Munglinup",MUNGLINUP,"(blank)"
"FuelWatch WA","FuelWatchRetail-05-2026.csv","May 17, 2026 @ 10:00:00.000","May 18, 2026 @ 22:00:01.000","Lot 4 Quairading-York Rd","98 RON","6,383","274.9",BP,"Petro Fuels Quairading",QUAIRADING,"(blank)"
"FuelWatch WA","FuelWatchRetail-05-2026.csv","May 17, 2026 @ 10:00:00.000","May 18, 2026 @ 22:00:01.000","537 Lake Rd",ULP,"6,112","172.9","Petro Fuels","Petro Fuels Seville Grove","SEVILLE GROVE","(blank)"
"FuelWatch WA","FuelWatchRetail-05-2026.csv","May 17, 2026 @ 10:00:00.000","May 18, 2026 @ 22:00:01.000","113-121 Safety Bay Rd","98 RON","6,169","204.9",Caltex,"Petro Fuels Shoalwater",SHOALWATER,"(blank)"
"FuelWatch WA","FuelWatchRetail-05-2026.csv","May 17, 2026 @ 10:00:00.000","May 18, 2026 @ 22:00:01.000","436 Wanneroo Rd",PULP,"6,061","189.9","Petro Fuels","Petro Fuels Westminster",WESTMINSTER,"(blank)"
"FuelWatch WA","FuelWatchRetail-05-2026.csv","May 17, 2026 @ 10:00:00.000","May 18, 2026 @ 22:00:01.000","13 Sanford St",ULP,"6,535","199.9",Independent,"Port Gregory Caravan Park",GREGORY,"(blank)"
"FuelWatch WA","FuelWatchRetail-05-2026.csv","May 17, 2026 @ 10:00:00.000","May 18, 2026 @ 22:00:01.000","13 Sanford St",Diesel,"6,535",240,Independent,"Port Gregory Caravan Park",GREGORY,"(blank)"
"FuelWatch WA","FuelWatchRetail-05-2026.csv","May 17, 2026 @ 10:00:00.000","May 18, 2026 @ 22:00:01.000","Great Sandy Desert",Diesel,"6,762",380,BP,"Punmu Community",TELFER,"(blank)"
"FuelWatch WA","FuelWatchRetail-05-2026.csv","May 17, 2026 @ 10:00:00.000","May 18, 2026 @ 22:00:01.000","5-9 Jennaberring Rd",ULP,"6,383","224.9",Independent,"Quairading Tyre and Battery Supplies",QUAIRADING,"(blank)"
"FuelWatch WA","FuelWatchRetail-05-2026.csv","May 17, 2026 @ 10:00:00.000","May 18, 2026 @ 22:00:01.000","5-9 Jennaberring Rd",Diesel,"6,383","288.9",Independent,"Quairading Tyre and Battery Supplies",QUAIRADING,"(blank)"
"FuelWatch WA","FuelWatchRetail-05-2026.csv","May 17, 2026 @ 10:00:00.000","May 18, 2026 @ 22:00:01.000","Store St",ULP,"6,705","230.8",Ampol,"Refuel Australia - Burringurrah","GASCOYNE RIVER","(blank)"
"FuelWatch WA","FuelWatchRetail-05-2026.csv","May 17, 2026 @ 10:00:00.000","May 18, 2026 @ 22:00:01.000","40 Harbour Rd",Diesel,"6,701","262.8",Ampol,"Refuel Australia - Carnarvon","GREYS PLAIN","(blank)"
"FuelWatch WA","FuelWatchRetail-05-2026.csv","May 17, 2026 @ 10:00:00.000","May 18, 2026 @ 22:00:01.000","Lot 1 Shark Bay Rd",ULP,"6,537","203.8",Ampol,"Refuel Australia - Denham",DENHAM,"(blank)"
"FuelWatch WA","FuelWatchRetail-05-2026.csv","May 17, 2026 @ 10:00:00.000","May 18, 2026 @ 22:00:01.000","Lot 1 Shark Bay Rd",Diesel,"6,537","240.8",Ampol,"Refuel Australia - Denham",DENHAM,"(blank)"
"FuelWatch WA","FuelWatchRetail-05-2026.csv","May 17, 2026 @ 10:00:00.000","May 18, 2026 @ 22:00:01.000","Lot 1 Shark Bay Rd","98 RON","6,537","223.8",Ampol,"Refuel Australia - Denham",DENHAM,"(blank)"
"FuelWatch WA","FuelWatchRetail-05-2026.csv","May 17, 2026 @ 10:00:00.000","May 18, 2026 @ 22:00:01.000","Cnr Viveash Way & Pimbee Rd",Diesel,"6,705","268.8",Ampol,"Refuel Australia - Gascoyne","GASCOYNE JUNCTION","(blank)"
"FuelWatch WA","FuelWatchRetail-05-2026.csv","May 17, 2026 @ 10:00:00.000","May 18, 2026 @ 22:00:01.000","Cnr Viveash Way & Pimbee Rd","98 RON","6,705","239.8",Ampol,"Refuel Australia - Gascoyne","GASCOYNE JUNCTION","(blank)"
"FuelWatch WA","FuelWatchRetail-05-2026.csv","May 17, 2026 @ 10:00:00.000","May 18, 2026 @ 22:00:01.000","120 Flores Rd",Diesel,"6,530","230.8",Ampol,"Refuel Australia - Geraldton Flores Road",WEBBERTON,"(blank)"
"FuelWatch WA","FuelWatchRetail-05-2026.csv","May 17, 2026 @ 10:00:00.000","May 18, 2026 @ 22:00:01.000","166 Grey St",Diesel,"6,536","245.8",Ampol,"Refuel Australia - Kalbarri",KALBARRI,"(blank)"
"FuelWatch WA","FuelWatchRetail-05-2026.csv","May 17, 2026 @ 10:00:00.000","May 18, 2026 @ 22:00:01.000","Lot 1 Great Northern Hwy",Diesel,"6,642","263.8",Ampol,"Refuel Australia - Kumarina",KUMARINA,"(blank)"
"FuelWatch WA","FuelWatchRetail-05-2026.csv","May 17, 2026 @ 10:00:00.000","May 18, 2026 @ 22:00:01.000","68-70 McInnes St",Diesel,"6,425","245.8",Ampol,"Refuel Australia - Moorine Rock","MOORINE ROCK","(blank)"
"FuelWatch WA","FuelWatchRetail-05-2026.csv","May 17, 2026 @ 10:00:00.000","May 18, 2026 @ 22:00:01.000","76 Winfield St",ULP,"6,623","201.8",Ampol,"Refuel Australia - Morawa",MORAWA,"(blank)"
"FuelWatch WA","FuelWatchRetail-05-2026.csv","May 17, 2026 @ 10:00:00.000","May 18, 2026 @ 22:00:01.000","35 Gray St",Diesel,"6,630","246.8",Ampol,"Refuel Australia - Mullewa",MULLEWA,"(blank)"
"FuelWatch WA","FuelWatchRetail-05-2026.csv","May 17, 2026 @ 10:00:00.000","May 18, 2026 @ 22:00:01.000","144 Hampton Rd",Diesel,"6,535","244.8",Ampol,"Refuel Australia - Northampton",NORTHAMPTON,"(blank)"
"FuelWatch WA","FuelWatchRetail-05-2026.csv","May 17, 2026 @ 10:00:00.000","May 18, 2026 @ 22:00:01.000","Lot 3 Great Northern Hwy",ULP,"6,721","216.8",Ampol,"Refuel Australia - Port Hedland","PORT HEDLAND","(blank)"
"FuelWatch WA","FuelWatchRetail-05-2026.csv","May 17, 2026 @ 10:00:00.000","May 18, 2026 @ 22:00:01.000","620 Chapman Rd",ULP,"6,532","194.8",Ampol,"Refuel Australia - Sunset Geraldton",GLENFIELD,"(blank)"
"FuelWatch WA","FuelWatchRetail-05-2026.csv","May 17, 2026 @ 10:00:00.000","May 18, 2026 @ 22:00:01.000","620 Chapman Rd","Brand Diesel","6,532","233.8",Ampol,"Refuel Australia - Sunset Geraldton",GLENFIELD,"(blank)"
"FuelWatch WA","FuelWatchRetail-05-2026.csv","May 17, 2026 @ 10:00:00.000","May 18, 2026 @ 22:00:01.000","Lot 599 Hepburn St",Diesel,"6,638","250.8",Ampol,"Refuel Australia - Swagman","MOUNT MAGNET","(blank)"
"FuelWatch WA","FuelWatchRetail-05-2026.csv","May 17, 2026 @ 10:00:00.000","May 18, 2026 @ 22:00:01.000","37 Wotton St",Diesel,"6,646","266.8",Ampol,"Refuel Australia - Wiluna",WILUNA,"(blank)"
"FuelWatch WA","FuelWatchRetail-05-2026.csv","May 17, 2026 @ 10:00:00.000","May 18, 2026 @ 22:00:01.000","1014 North West Coastal Hwy",Diesel,"6,701","262.8",Ampol,"Refuel Carnarvon Truck Stop","BROWN RANGE","(blank)"
"FuelWatch WA","FuelWatchRetail-05-2026.csv","May 17, 2026 @ 10:00:00.000","May 18, 2026 @ 22:00:01.000","9522 Muirs Hwy",ULP,"6,397",229,Independent,"Rocky Gully General Store","ROCKY GULLY","(blank)"
"FuelWatch WA","FuelWatchRetail-05-2026.csv","May 17, 2026 @ 10:00:00.000","May 18, 2026 @ 22:00:01.000","9522 Muirs Hwy",Diesel,"6,397",249,Independent,"Rocky Gully General Store","ROCKY GULLY","(blank)"
"FuelWatch WA","FuelWatchRetail-05-2026.csv","May 17, 2026 @ 10:00:00.000","May 18, 2026 @ 22:00:01.000","4641 Great Eastern Hwy",Diesel,"6,562","249.5",United,"Route 94 Bakers Hill","BAKERS HILL","(blank)"
"FuelWatch WA","FuelWatchRetail-05-2026.csv","May 17, 2026 @ 10:00:00.000","May 18, 2026 @ 22:00:01.000","229 Balcatta Rd","Brand Diesel","6,021","227.9",Caltex,"S24 Balcatta",BALCATTA,"(blank)"
"FuelWatch WA","FuelWatchRetail-05-2026.csv","May 17, 2026 @ 10:00:00.000","May 18, 2026 @ 22:00:01.000","229 Balcatta Rd","98 RON","6,021","206.9",Caltex,"S24 Balcatta",BALCATTA,"(blank)"
"FuelWatch WA","FuelWatchRetail-05-2026.csv","May 17, 2026 @ 10:00:00.000","May 18, 2026 @ 22:00:01.000","83 Wheatley Dr","Brand Diesel","6,149","227.9",Shell,"S24 Bull Creek","BULL CREEK","(blank)"
"FuelWatch WA","FuelWatchRetail-05-2026.csv","May 17, 2026 @ 10:00:00.000","May 18, 2026 @ 22:00:01.000","155 Hale Rd","Brand Diesel","6,058","209.9",Shell,"S24 Forrestfield",FORRESTFIELD,"(blank)"
"FuelWatch WA","FuelWatchRetail-05-2026.csv","May 17, 2026 @ 10:00:00.000","May 18, 2026 @ 22:00:01.000","22 Johnson St",PULP,"6,055","197.4",Caltex,"S24 Guildford",GUILDFORD,"(blank)"
"FuelWatch WA","FuelWatchRetail-05-2026.csv","May 17, 2026 @ 10:00:00.000","May 18, 2026 @ 22:00:01.000","77 Uduc Rd",ULP,"6,220","179.9",Caltex,"S24 Harvey",HARVEY,"(blank)"
"FuelWatch WA","FuelWatchRetail-05-2026.csv","May 17, 2026 @ 10:00:00.000","May 18, 2026 @ 22:00:01.000","77 Uduc Rd","Brand Diesel","6,220","227.9",Caltex,"S24 Harvey",HARVEY,"(blank)"
"FuelWatch WA","FuelWatchRetail-05-2026.csv","May 17, 2026 @ 10:00:00.000","May 18, 2026 @ 22:00:01.000","419 Great Eastern Hwy",PULP,"6,104","197.4",Shell,"S24 Redcliffe",REDCLIFFE,"(blank)"
"FuelWatch WA","FuelWatchRetail-05-2026.csv","May 17, 2026 @ 10:00:00.000","May 18, 2026 @ 22:00:01.000","419 Great Eastern Hwy","Brand Diesel","6,104","219.9",Shell,"S24 Redcliffe",REDCLIFFE,"(blank)"
"FuelWatch WA","FuelWatchRetail-05-2026.csv","May 17, 2026 @ 10:00:00.000","May 18, 2026 @ 22:00:01.000","419 Great Eastern Hwy",LPG,"6,104","135.9",Shell,"S24 Redcliffe",REDCLIFFE,"(blank)"
"FuelWatch WA","FuelWatchRetail-05-2026.csv","May 17, 2026 @ 10:00:00.000","May 18, 2026 @ 22:00:01.000","419 Great Eastern Hwy","98 RON","6,104","206.9",Shell,"S24 Redcliffe",REDCLIFFE,"(blank)"
"FuelWatch WA","FuelWatchRetail-05-2026.csv","May 17, 2026 @ 10:00:00.000","May 18, 2026 @ 22:00:01.000","Lot 6 Great Northern Hwy",ULP,"6,725","245.7",BP,"Sandfire Roadhouse","EIGHTY MILE BEACH","(blank)"
"FuelWatch WA","FuelWatchRetail-05-2026.csv","May 17, 2026 @ 10:00:00.000","May 18, 2026 @ 22:00:01.000","27 Company Rd",ULP,"6,528",194,Liberty,"S-Bend Caravan Park","SOUTH GREENOUGH","(blank)"
"FuelWatch WA","FuelWatchRetail-05-2026.csv","May 17, 2026 @ 10:00:00.000","May 18, 2026 @ 22:00:01.000","2 Falls Rd",ULP,"6,125","179.9",Independent,"Serpentine Falls Roadhouse",SERPENTINE,"(blank)"
"FuelWatch WA","FuelWatchRetail-05-2026.csv","May 17, 2026 @ 10:00:00.000","May 18, 2026 @ 22:00:01.000","2 Falls Rd",PULP,"6,125","197.9",Independent,"Serpentine Falls Roadhouse",SERPENTINE,"(blank)"
"FuelWatch WA","FuelWatchRetail-05-2026.csv","May 17, 2026 @ 10:00:00.000","May 18, 2026 @ 22:00:01.000","2 Falls Rd",Diesel,"6,125","209.9",Independent,"Serpentine Falls Roadhouse",SERPENTINE,"(blank)"
"FuelWatch WA","FuelWatchRetail-05-2026.csv","May 17, 2026 @ 10:00:00.000","May 18, 2026 @ 22:00:01.000","85 Knight Tce","98 RON","6,537","218.9",Independent,"Shark Bay Fuel Fishing & Camping Centre",DENHAM,"(blank)"
"FuelWatch WA","FuelWatchRetail-05-2026.csv","May 17, 2026 @ 10:00:00.000","May 18, 2026 @ 22:00:01.000","2095 Toodyay Rd",ULP,"6,083","185.9",Shell,"Shell Gidgegannup",GIDGEGANNUP,"(blank)"
"FuelWatch WA","FuelWatchRetail-05-2026.csv","May 17, 2026 @ 10:00:00.000","May 18, 2026 @ 22:00:01.000","1100 Abernethy Rd","98 RON","6,057","192.5",Shell,"Shell High Wycombe","HIGH WYCOMBE","(blank)"
"FuelWatch WA","FuelWatchRetail-05-2026.csv","May 17, 2026 @ 10:00:00.000","May 18, 2026 @ 22:00:01.000","24 Cornwall St",ULP,"6,317","179.9",Shell,"Shell Katanning",KATANNING,"(blank)"
"FuelWatch WA","FuelWatchRetail-05-2026.csv","May 17, 2026 @ 10:00:00.000","May 18, 2026 @ 22:00:01.000","24 Cornwall St","98 RON","6,317","204.5",Shell,"Shell Katanning",KATANNING,"(blank)"
"FuelWatch WA","FuelWatchRetail-05-2026.csv","May 17, 2026 @ 10:00:00.000","May 18, 2026 @ 22:00:01.000","1 Weld Dr",ULP,"6,440","215.9",Shell,"Shell Laverton",LAVERTON,"(blank)"
"FuelWatch WA","FuelWatchRetail-05-2026.csv","May 17, 2026 @ 10:00:00.000","May 18, 2026 @ 22:00:01.000","629 Lower King Rd",ULP,"6,330","186.9",Shell,"Shell Lower King Liquor & General","LOWER KING","(blank)"
"FuelWatch WA","FuelWatchRetail-05-2026.csv","May 17, 2026 @ 10:00:00.000","May 18, 2026 @ 22:00:01.000","342 Albany Hwy","98 RON","6,330","212.9","Reddy Express","Shell Reddy Express Albany Orana",ORANA,"(blank)"
"FuelWatch WA","FuelWatchRetail-05-2026.csv","May 17, 2026 @ 10:00:00.000","May 18, 2026 @ 22:00:01.000","269 South Western Hwy","98 RON","6,112","204.9","Reddy Express","Shell Reddy Express Armadale",ARMADALE,"(blank)"
"FuelWatch WA","FuelWatchRetail-05-2026.csv","May 17, 2026 @ 10:00:00.000","May 18, 2026 @ 22:00:01.000","34 Jackson St",ULP,"6,053","177.9","Reddy Express","Shell Reddy Express Bayswater",BAYSWATER,"(blank)"
"FuelWatch WA","FuelWatchRetail-05-2026.csv","May 17, 2026 @ 10:00:00.000","May 18, 2026 @ 22:00:01.000","34 Jackson St","98 RON","6,053","204.9","Reddy Express","Shell Reddy Express Bayswater",BAYSWATER,"(blank)"
"FuelWatch WA","FuelWatchRetail-05-2026.csv","May 17, 2026 @ 10:00:00.000","May 18, 2026 @ 22:00:01.000","8 Durnin Ave","98 RON","6,164","206.9","Reddy Express","Shell Reddy Express Beeliar",BEELIAR,"(blank)"
"FuelWatch WA","FuelWatchRetail-05-2026.csv","May 17, 2026 @ 10:00:00.000","May 18, 2026 @ 22:00:01.000","1128 Albany Hwy",PULP,"6,102","195.4","Reddy Express","Shell Reddy Express Bentley",BENTLEY,"(blank)"
"FuelWatch WA","FuelWatchRetail-05-2026.csv","May 17, 2026 @ 10:00:00.000","May 18, 2026 @ 22:00:01.000","1128 Albany Hwy",Diesel,"6,102","227.9","Reddy Express","Shell Reddy Express Bentley",BENTLEY,"(blank)"
"FuelWatch WA","FuelWatchRetail-05-2026.csv","May 17, 2026 @ 10:00:00.000","May 18, 2026 @ 22:00:01.000","1 Timberyard Way",Diesel,"6,163","217.9","Reddy Express","Shell Reddy Express Bibra Lake","BIBRA LAKE","(blank)"
"FuelWatch WA","FuelWatchRetail-05-2026.csv","May 17, 2026 @ 10:00:00.000","May 18, 2026 @ 22:00:01.000","394 Canning Hwy",Diesel,"6,157","227.9","Reddy Express","Shell Reddy Express Bicton",BICTON,"(blank)"
"FuelWatch WA","FuelWatchRetail-05-2026.csv","May 17, 2026 @ 10:00:00.000","May 18, 2026 @ 22:00:01.000","35 Frank St",ULP,"6,432","189.9","Reddy Express","Shell Reddy Express Boulder",BOULDER,"(blank)"
"FuelWatch WA","FuelWatchRetail-05-2026.csv","May 17, 2026 @ 10:00:00.000","May 18, 2026 @ 22:00:01.000","35 Frank St",Diesel,"6,432","235.9","Reddy Express","Shell Reddy Express Boulder",BOULDER,"(blank)"
"FuelWatch WA","FuelWatchRetail-05-2026.csv","May 17, 2026 @ 10:00:00.000","May 18, 2026 @ 22:00:01.000","71 Cranford Ave",Diesel,"6,153","227.9","Reddy Express","Shell Reddy Express Brentwood",BRENTWOOD,"(blank)"
"FuelWatch WA","FuelWatchRetail-05-2026.csv","May 17, 2026 @ 10:00:00.000","May 18, 2026 @ 22:00:01.000","1256 Armadale Rd",ULP,"6,112","179.9","Reddy Express","Shell Reddy Express Brookdale",ARMADALE,"(blank)"
"FuelWatch WA","FuelWatchRetail-05-2026.csv","May 17, 2026 @ 10:00:00.000","May 18, 2026 @ 22:00:01.000","1256 Armadale Rd",Diesel,"6,112","221.9","Reddy Express","Shell Reddy Express Brookdale",ARMADALE,"(blank)"
"FuelWatch WA","FuelWatchRetail-05-2026.csv","May 17, 2026 @ 10:00:00.000","May 18, 2026 @ 22:00:01.000","19 Napier Tce",Diesel,"6,725","249.9","Reddy Express","Shell Reddy Express Broome",BROOME,"(blank)"
"FuelWatch WA","FuelWatchRetail-05-2026.csv","May 17, 2026 @ 10:00:00.000","May 18, 2026 @ 22:00:01.000","44 Benningfield Rd",ULP,"6,149","179.9","Reddy Express","Shell Reddy Express Bull Creek","BULL CREEK","(blank)"
"FuelWatch WA","FuelWatchRetail-05-2026.csv","May 17, 2026 @ 10:00:00.000","May 18, 2026 @ 22:00:01.000","44 Benningfield Rd",PULP,"6,149","197.4","Reddy Express","Shell Reddy Express Bull Creek","BULL CREEK","(blank)"
"FuelWatch WA","FuelWatchRetail-05-2026.csv","May 17, 2026 @ 10:00:00.000","May 18, 2026 @ 22:00:01.000","44 Benningfield Rd",Diesel,"6,149","227.9","Reddy Express","Shell Reddy Express Bull Creek","BULL CREEK","(blank)"
"FuelWatch WA","FuelWatchRetail-05-2026.csv","May 17, 2026 @ 10:00:00.000","May 18, 2026 @ 22:00:01.000","44 Benningfield Rd","98 RON","6,149","206.9","Reddy Express","Shell Reddy Express Bull Creek","BULL CREEK","(blank)"
"FuelWatch WA","FuelWatchRetail-05-2026.csv","May 17, 2026 @ 10:00:00.000","May 18, 2026 @ 22:00:01.000","9805 Forrest Hwy",Diesel,"6,230","229.9","Reddy Express","Shell Reddy Express Bunbury Gateway","GLEN IRIS","(blank)"
"FuelWatch WA","FuelWatchRetail-05-2026.csv","May 17, 2026 @ 10:00:00.000","May 18, 2026 @ 22:00:01.000","9850 Forrest Hwy",PULP,"6,230","197.4","Reddy Express","Shell Reddy Express Bunbury Outbound",VITTORIA,"(blank)"
"FuelWatch WA","FuelWatchRetail-05-2026.csv","May 17, 2026 @ 10:00:00.000","May 18, 2026 @ 22:00:01.000","88 Causeway Rd",ULP,"6,280","183.9","Reddy Express","Shell Reddy Express Busselton",BUSSELTON,"(blank)"
"FuelWatch WA","FuelWatchRetail-05-2026.csv","May 17, 2026 @ 10:00:00.000","May 18, 2026 @ 22:00:01.000","88 Causeway Rd",Diesel,"6,280","233.9","Reddy Express","Shell Reddy Express Busselton",BUSSELTON,"(blank)"
"FuelWatch WA","FuelWatchRetail-05-2026.csv","May 17, 2026 @ 10:00:00.000","May 18, 2026 @ 22:00:01.000","88 Causeway Rd","98 RON","6,280","210.9","Reddy Express","Shell Reddy Express Busselton",BUSSELTON,"(blank)"
"FuelWatch WA","FuelWatchRetail-05-2026.csv","May 17, 2026 @ 10:00:00.000","May 18, 2026 @ 22:00:01.000","280 Bannister Rd",ULP,"6,155","179.9","Reddy Express","Shell Reddy Express Canning Vale","CANNING VALE","(blank)"
"FuelWatch WA","FuelWatchRetail-05-2026.csv","May 17, 2026 @ 10:00:00.000","May 18, 2026 @ 22:00:01.000","280 Bannister Rd","98 RON","6,155","206.9","Reddy Express","Shell Reddy Express Canning Vale","CANNING VALE","(blank)"
"FuelWatch WA","FuelWatchRetail-05-2026.csv","May 17, 2026 @ 10:00:00.000","May 18, 2026 @ 22:00:01.000","1 Johnson Rd",ULP,"6,167","173.9","Reddy Express","Shell Reddy Express Casuarina",BERTRAM,"(blank)"
"FuelWatch WA","FuelWatchRetail-05-2026.csv","May 17, 2026 @ 10:00:00.000","May 18, 2026 @ 22:00:01.000","1 Johnson Rd",PULP,"6,167","191.4","Reddy Express","Shell Reddy Express Casuarina",BERTRAM,"(blank)"
"FuelWatch WA","FuelWatchRetail-05-2026.csv","May 17, 2026 @ 10:00:00.000","May 18, 2026 @ 22:00:01.000","1 Johnson Rd","98 RON","6,167","200.9","Reddy Express","Shell Reddy Express Casuarina",BERTRAM,"(blank)"
"FuelWatch WA","FuelWatchRetail-05-2026.csv","May 17, 2026 @ 10:00:00.000","May 18, 2026 @ 22:00:01.000","269 Stirling Hwy",ULP,"6,010","179.9","Reddy Express","Shell Reddy Express Claremont",CLAREMONT,"(blank)"
"FuelWatch WA","FuelWatchRetail-05-2026.csv","May 17, 2026 @ 10:00:00.000","May 18, 2026 @ 22:00:01.000","36 Ocean Keys Bvd",PULP,"6,030","197.4","Reddy Express","Shell Reddy Express Clarkson",CLARKSON,"(blank)"
"FuelWatch WA","FuelWatchRetail-05-2026.csv","May 17, 2026 @ 10:00:00.000","May 18, 2026 @ 22:00:01.000","36 Ocean Keys Bvd","98 RON","6,030","206.9","Reddy Express","Shell Reddy Express Clarkson",CLARKSON,"(blank)"
"FuelWatch WA","FuelWatchRetail-05-2026.csv","May 17, 2026 @ 10:00:00.000","May 18, 2026 @ 22:00:01.000","67 Walter Rd West",PULP,"6,059","195.4","Reddy Express","Shell Reddy Express Dianella",DIANELLA,"(blank)"
"FuelWatch WA","FuelWatchRetail-05-2026.csv","May 17, 2026 @ 10:00:00.000","May 18, 2026 @ 22:00:01.000","67 Walter Rd West","98 RON","6,059","204.9","Reddy Express","Shell Reddy Express Dianella",DIANELLA,"(blank)"
"FuelWatch WA","FuelWatchRetail-05-2026.csv","May 17, 2026 @ 10:00:00.000","May 18, 2026 @ 22:00:01.000","64 Dunn Bay Rd",Diesel,"6,281","237.9","Reddy Express","Shell Reddy Express Dunsborough",DUNSBOROUGH,"(blank)"
"FuelWatch WA","FuelWatchRetail-05-2026.csv","May 17, 2026 @ 10:00:00.000","May 18, 2026 @ 22:00:01.000","57 Joondalup Dr",Diesel,"6,027","227.9","Reddy Express","Shell Reddy Express Edgewater",EDGEWATER,"(blank)"
"FuelWatch WA","FuelWatchRetail-05-2026.csv","May 17, 2026 @ 10:00:00.000","May 18, 2026 @ 22:00:01.000","3 Goodwood Cres",PULP,"6,069","195.4","Reddy Express","Shell Reddy Express Ellenbrook",ELLENBROOK,"(blank)"
"FuelWatch WA","FuelWatchRetail-05-2026.csv","May 17, 2026 @ 10:00:00.000","May 18, 2026 @ 22:00:01.000","3 Goodwood Cres","98 RON","6,069","204.9","Reddy Express","Shell Reddy Express Ellenbrook",ELLENBROOK,"(blank)"
"FuelWatch WA","FuelWatchRetail-05-2026.csv","May 17, 2026 @ 10:00:00.000","May 18, 2026 @ 22:00:01.000","87 Great Northern Hwy",ULP,"6,765","212.9","Reddy Express","Shell Reddy Express Fitzroy Crossing Roadhouse","FITZROY CROSSING","(blank)"
"FuelWatch WA","FuelWatchRetail-05-2026.csv","May 17, 2026 @ 10:00:00.000","May 18, 2026 @ 22:00:01.000","2 Strelitzia Ave",ULP,"6,058","177.9","Reddy Express","Shell Reddy Express Forrestfield",FORRESTFIELD,"(blank)"
"FuelWatch WA","FuelWatchRetail-05-2026.csv","May 17, 2026 @ 10:00:00.000","May 18, 2026 @ 22:00:01.000","2 Strelitzia Ave",PULP,"6,058","195.4","Reddy Express","Shell Reddy Express Forrestfield",FORRESTFIELD,"(blank)"
"FuelWatch WA","FuelWatchRetail-05-2026.csv","May 17, 2026 @ 10:00:00.000","May 18, 2026 @ 22:00:01.000","2 Strelitzia Ave","98 RON","6,058","204.9","Reddy Express","Shell Reddy Express Forrestfield",FORRESTFIELD,"(blank)"
"FuelWatch WA","FuelWatchRetail-05-2026.csv","May 17, 2026 @ 10:00:00.000","May 18, 2026 @ 22:00:01.000","101 Hampton Rd",Diesel,"6,160","227.9","Reddy Express","Shell Reddy Express Fremantle",FREMANTLE,"(blank)"
"FuelWatch WA","FuelWatchRetail-05-2026.csv","May 17, 2026 @ 10:00:00.000","May 18, 2026 @ 22:00:01.000","6 Jersey St",ULP,"6,014","179.9","Reddy Express","Shell Reddy Express Jolimont",JOLIMONT,"(blank)"
"FuelWatch WA","FuelWatchRetail-05-2026.csv","May 17, 2026 @ 10:00:00.000","May 18, 2026 @ 22:00:01.000","222 Manning Rd",Diesel,"6,152","227.9","Reddy Express","Shell Reddy Express Karawara",KARAWARA,"(blank)"
"FuelWatch WA","FuelWatchRetail-05-2026.csv","May 17, 2026 @ 10:00:00.000","May 18, 2026 @ 22:00:01.000","222 Manning Rd","98 RON","6,152","206.9","Reddy Express","Shell Reddy Express Karawara",KARAWARA,"(blank)"
"FuelWatch WA","FuelWatchRetail-05-2026.csv","May 17, 2026 @ 10:00:00.000","May 18, 2026 @ 22:00:01.000","6 Madigan Rd",ULP,"6,714","205.9","Reddy Express","Shell Reddy Express Karratha Travel & Truck","STOVE HILL","(blank)"
"FuelWatch WA","FuelWatchRetail-05-2026.csv","May 17, 2026 @ 10:00:00.000","May 18, 2026 @ 22:00:01.000","6 Madigan Rd",Diesel,"6,714","247.9","Reddy Express","Shell Reddy Express Karratha Travel & Truck","STOVE HILL","(blank)"
"FuelWatch WA","FuelWatchRetail-05-2026.csv","May 17, 2026 @ 10:00:00.000","May 18, 2026 @ 22:00:01.000","518 Abernethy Rd",ULP,"6,105","179.9","Reddy Express","Shell Reddy Express Kewdale",KEWDALE,"(blank)"
"FuelWatch WA","FuelWatchRetail-05-2026.csv","May 17, 2026 @ 10:00:00.000","May 18, 2026 @ 22:00:01.000","47 Renegade Way","98 RON","6,026","206.9","Reddy Express","Shell Reddy Express Kingsley",KINGSLEY,"(blank)"
"FuelWatch WA","FuelWatchRetail-05-2026.csv","May 17, 2026 @ 10:00:00.000","May 18, 2026 @ 22:00:01.000","4 Beach St",ULP,"6,167","173.9","Reddy Express","Shell Reddy Express Kwinana Beach","KWINANA BEACH","(blank)"
"FuelWatch WA","FuelWatchRetail-05-2026.csv","May 17, 2026 @ 10:00:00.000","May 18, 2026 @ 22:00:01.000","49 Banksiadale Gte",Diesel,"6,180","227.9","Reddy Express","Shell Reddy Express Lakelands",LAKELANDS,"(blank)"
"FuelWatch WA","FuelWatchRetail-05-2026.csv","May 17, 2026 @ 10:00:00.000","May 18, 2026 @ 22:00:01.000","49 Banksiadale Gte","98 RON","6,180","206.9","Reddy Express","Shell Reddy Express Lakelands",LAKELANDS,"(blank)"
"FuelWatch WA","FuelWatchRetail-05-2026.csv","May 17, 2026 @ 10:00:00.000","May 18, 2026 @ 22:00:01.000","70 Nicholson Rd",PULP,"6,147","197.4","Reddy Express","Shell Reddy Express Langford",LANGFORD,"(blank)"
"FuelWatch WA","FuelWatchRetail-05-2026.csv","May 17, 2026 @ 10:00:00.000","May 18, 2026 @ 22:00:01.000","54-56 Tower St",ULP,"6,438","212.9","Reddy Express","Shell Reddy Express Leonora",LEONORA,"(blank)"
"FuelWatch WA","FuelWatchRetail-05-2026.csv","May 17, 2026 @ 10:00:00.000","May 18, 2026 @ 22:00:01.000","54-56 Tower St",PULP,"6,438","230.4","Reddy Express","Shell Reddy Express Leonora",LEONORA,"(blank)"
"FuelWatch WA","FuelWatchRetail-05-2026.csv","May 17, 2026 @ 10:00:00.000","May 18, 2026 @ 22:00:01.000","117 Burslem Dr",ULP,"6,109","170.9","Reddy Express","Shell Reddy Express Maddington",MADDINGTON,"(blank)"
"FuelWatch WA","FuelWatchRetail-05-2026.csv","May 17, 2026 @ 10:00:00.000","May 18, 2026 @ 22:00:01.000","117 Burslem Dr","98 RON","6,109","197.9","Reddy Express","Shell Reddy Express Maddington",MADDINGTON,"(blank)"
"FuelWatch WA","FuelWatchRetail-05-2026.csv","May 17, 2026 @ 10:00:00.000","May 18, 2026 @ 22:00:01.000","492 Alexander Dr",PULP,"6,090","197.4","Reddy Express","Shell Reddy Express Malaga",MALAGA,"(blank)"
"FuelWatch WA","FuelWatchRetail-05-2026.csv","May 17, 2026 @ 10:00:00.000","May 18, 2026 @ 22:00:01.000","492 Alexander Dr",Diesel,"6,090","225.9","Reddy Express","Shell Reddy Express Malaga",MALAGA,"(blank)"
"FuelWatch WA","FuelWatchRetail-05-2026.csv","May 17, 2026 @ 10:00:00.000","May 18, 2026 @ 22:00:01.000","Cnr Pinjarra Rd & Watson Dr",PULP,"6,209","197.4","Reddy Express","Shell Reddy Express Mandurah",BARRAGUP,"(blank)"
"FuelWatch WA","FuelWatchRetail-05-2026.csv","May 17, 2026 @ 10:00:00.000","May 18, 2026 @ 22:00:01.000","Cnr Pinjarra Rd & Watson Dr",Diesel,"6,209","227.9","Reddy Express","Shell Reddy Express Mandurah",BARRAGUP,"(blank)"
"FuelWatch WA","FuelWatchRetail-05-2026.csv","May 17, 2026 @ 10:00:00.000","May 18, 2026 @ 22:00:01.000","Cnr Pinjarra Rd & Watson Dr","98 RON","6,209","206.9","Reddy Express","Shell Reddy Express Mandurah",BARRAGUP,"(blank)"
"FuelWatch WA","FuelWatchRetail-05-2026.csv","May 17, 2026 @ 10:00:00.000","May 18, 2026 @ 22:00:01.000","77 Bussell Hwy",PULP,"6,285","207.4","Reddy Express","Shell Reddy Express Margaret River","MARGARET RIVER","(blank)"
"FuelWatch WA","FuelWatchRetail-05-2026.csv","May 17, 2026 @ 10:00:00.000","May 18, 2026 @ 22:00:01.000","77 Bussell Hwy",Diesel,"6,285","239.9","Reddy Express","Shell Reddy Express Margaret River","MARGARET RIVER","(blank)"
"FuelWatch WA","FuelWatchRetail-05-2026.csv","May 17, 2026 @ 10:00:00.000","May 18, 2026 @ 22:00:01.000","Lot 821 Main St",ULP,"6,642","212.9","Reddy Express","Shell Reddy Express Meekatharra Roadhouse",MEEKATHARRA,"(blank)"
"FuelWatch WA","FuelWatchRetail-05-2026.csv","May 17, 2026 @ 10:00:00.000","May 18, 2026 @ 22:00:01.000","Lot 46 Great Northern Hwy",Diesel,"6,056","227.9","Reddy Express","Shell Reddy Express Middle Swan","MIDDLE SWAN","(blank)"
"FuelWatch WA","FuelWatchRetail-05-2026.csv","May 17, 2026 @ 10:00:00.000","May 18, 2026 @ 22:00:01.000","Lot 46 Great Northern Hwy","98 RON","6,056","206.9","Reddy Express","Shell Reddy Express Middle Swan","MIDDLE SWAN","(blank)"
"FuelWatch WA","FuelWatchRetail-05-2026.csv","May 17, 2026 @ 10:00:00.000","May 18, 2026 @ 22:00:01.000","253 Walcott St",ULP,"6,006","177.9","Reddy Express","Shell Reddy Express Mount Lawley","NORTH PERTH","(blank)"
"FuelWatch WA","FuelWatchRetail-05-2026.csv","May 17, 2026 @ 10:00:00.000","May 18, 2026 @ 22:00:01.000","253 Walcott St",Diesel,"6,006","221.9","Reddy Express","Shell Reddy Express Mount Lawley","NORTH PERTH","(blank)"
"FuelWatch WA","FuelWatchRetail-05-2026.csv","May 17, 2026 @ 10:00:00.000","May 18, 2026 @ 22:00:01.000","253 Walcott St","98 RON","6,006","204.9","Reddy Express","Shell Reddy Express Mount Lawley","NORTH PERTH","(blank)"
"FuelWatch WA","FuelWatchRetail-05-2026.csv","May 17, 2026 @ 10:00:00.000","May 18, 2026 @ 22:00:01.000","1 The Esplanade","98 RON","6,153","206.9","Reddy Express","Shell Reddy Express Mount Pleasant","MOUNT PLEASANT","(blank)"
"FuelWatch WA","FuelWatchRetail-05-2026.csv","May 17, 2026 @ 10:00:00.000","May 18, 2026 @ 22:00:01.000","69 North Lake Rd",ULP,"6,154","177.9","Reddy Express","Shell Reddy Express Myaree",MYAREE,"(blank)"
"FuelWatch WA","FuelWatchRetail-05-2026.csv","May 17, 2026 @ 10:00:00.000","May 18, 2026 @ 22:00:01.000","69 North Lake Rd",PULP,"6,154","195.4","Reddy Express","Shell Reddy Express Myaree",MYAREE,"(blank)"
"FuelWatch WA","FuelWatchRetail-05-2026.csv","May 17, 2026 @ 10:00:00.000","May 18, 2026 @ 22:00:01.000","69 North Lake Rd","98 RON","6,154","204.9","Reddy Express","Shell Reddy Express Myaree",MYAREE,"(blank)"
"FuelWatch WA","FuelWatchRetail-05-2026.csv","May 17, 2026 @ 10:00:00.000","May 18, 2026 @ 22:00:01.000","10 Beamish Ave",ULP,"6,401","179.9","Reddy Express","Shell Reddy Express Northam",NORTHAM,"(blank)"
"FuelWatch WA","FuelWatchRetail-05-2026.csv","May 17, 2026 @ 10:00:00.000","May 18, 2026 @ 22:00:01.000","10 Beamish Ave",Diesel,"6,401","227.9","Reddy Express","Shell Reddy Express Northam",NORTHAM,"(blank)"
"FuelWatch WA","FuelWatchRetail-05-2026.csv","May 17, 2026 @ 10:00:00.000","May 18, 2026 @ 22:00:01.000","10 Beamish Ave","98 RON","6,401","206.9","Reddy Express","Shell Reddy Express Northam",NORTHAM,"(blank)"
"FuelWatch WA","FuelWatchRetail-05-2026.csv","May 17, 2026 @ 10:00:00.000","May 18, 2026 @ 22:00:01.000","11 Roberts St West","98 RON","6,017","204.9","Reddy Express","Shell Reddy Express Osborne Park","OSBORNE PARK","(blank)"
"FuelWatch WA","FuelWatchRetail-05-2026.csv","May 17, 2026 @ 10:00:00.000","May 18, 2026 @ 22:00:01.000","80 Carrington St",ULP,"6,157","179.9","Reddy Express","Shell Reddy Express Palmyra",PALMYRA,"(blank)"
"FuelWatch WA","FuelWatchRetail-05-2026.csv","May 17, 2026 @ 10:00:00.000","May 18, 2026 @ 22:00:01.000","80 Carrington St",Diesel,"6,157","227.9","Reddy Express","Shell Reddy Express Palmyra",PALMYRA,"(blank)"
"FuelWatch WA","FuelWatchRetail-05-2026.csv","May 17, 2026 @ 10:00:00.000","May 18, 2026 @ 22:00:01.000","Lot 621 Camp Rd",ULP,"6,754","212.9","Reddy Express","Shell Reddy Express Paraburdoo",PARABURDOO,"(blank)"
"FuelWatch WA","FuelWatchRetail-05-2026.csv","May 17, 2026 @ 10:00:00.000","May 18, 2026 @ 22:00:01.000","Lot 621 Camp Rd",Diesel,"6,754","255.9","Reddy Express","Shell Reddy Express Paraburdoo",PARABURDOO,"(blank)"
"FuelWatch WA","FuelWatchRetail-05-2026.csv","May 17, 2026 @ 10:00:00.000","May 18, 2026 @ 22:00:01.000","480 William St",Diesel,"6,000","219.9","Reddy Express","Shell Reddy Express Perth",PERTH,"(blank)"
"FuelWatch WA","FuelWatchRetail-05-2026.csv","May 17, 2026 @ 10:00:00.000","May 18, 2026 @ 22:00:01.000","Lot 2065 Wilson St",ULP,"6,721","212.9","Reddy Express","Shell Reddy Express Port Hedland","PORT HEDLAND","(blank)"
"FuelWatch WA","FuelWatchRetail-05-2026.csv","May 17, 2026 @ 10:00:00.000","May 18, 2026 @ 22:00:01.000","Lot 2065 Wilson St",Diesel,"6,721","255.9","Reddy Express","Shell Reddy Express Port Hedland","PORT HEDLAND","(blank)"
"FuelWatch WA","FuelWatchRetail-05-2026.csv","May 17, 2026 @ 10:00:00.000","May 18, 2026 @ 22:00:01.000","205 West Coast Hwy",PULP,"6,019","197.4","Reddy Express","Shell Reddy Express Scarborough",SCARBOROUGH,"(blank)"
"FuelWatch WA","FuelWatchRetail-05-2026.csv","May 17, 2026 @ 10:00:00.000","May 18, 2026 @ 22:00:01.000","205 West Coast Hwy","98 RON","6,019","206.9","Reddy Express","Shell Reddy Express Scarborough",SCARBOROUGH,"(blank)"
"FuelWatch WA","FuelWatchRetail-05-2026.csv","May 17, 2026 @ 10:00:00.000","May 18, 2026 @ 22:00:01.000","Lot 5553 Great Northern Hwy",ULP,"6,721","212.9","Reddy Express","Shell Reddy Express South Hedland Roadhouse",WEDGEFIELD,"(blank)"
"FuelWatch WA","FuelWatchRetail-05-2026.csv","May 17, 2026 @ 10:00:00.000","May 18, 2026 @ 22:00:01.000","Lot 5553 Great Northern Hwy",Diesel,"6,721","255.9","Reddy Express","Shell Reddy Express South Hedland Roadhouse",WEDGEFIELD,"(blank)"
"FuelWatch WA","FuelWatchRetail-05-2026.csv","May 17, 2026 @ 10:00:00.000","May 18, 2026 @ 22:00:01.000","3 Canning Hwy",Diesel,"6,151","227.9","Reddy Express","Shell Reddy Express South Perth","SOUTH PERTH","(blank)"
"FuelWatch WA","FuelWatchRetail-05-2026.csv","May 17, 2026 @ 10:00:00.000","May 18, 2026 @ 22:00:01.000","216 Lakey St",ULP,"6,110","177.9","Reddy Express","Shell Reddy Express Southern River","SOUTHERN RIVER","(blank)"
"FuelWatch WA","FuelWatchRetail-05-2026.csv","May 17, 2026 @ 10:00:00.000","May 18, 2026 @ 22:00:01.000","216 Lakey St",Diesel,"6,110","227.9","Reddy Express","Shell Reddy Express Southern River","SOUTHERN RIVER","(blank)"
"FuelWatch WA","FuelWatchRetail-05-2026.csv","May 17, 2026 @ 10:00:00.000","May 18, 2026 @ 22:00:01.000","2 Fortyn Ct",Diesel,"6,530","234.9","Reddy Express","Shell Reddy Express Tarcoola","MAHOMETS FLATS","(blank)"
"FuelWatch WA","FuelWatchRetail-05-2026.csv","May 17, 2026 @ 10:00:00.000","May 18, 2026 @ 22:00:01.000","866 Mine Rd",ULP,"6,751","212.9","Reddy Express","Shell Reddy Express Tom Price","TOM PRICE","(blank)"
"FuelWatch WA","FuelWatchRetail-05-2026.csv","May 17, 2026 @ 10:00:00.000","May 18, 2026 @ 22:00:01.000","866 Mine Rd",PULP,"6,751","230.4","Reddy Express","Shell Reddy Express Tom Price","TOM PRICE","(blank)"
"FuelWatch WA","FuelWatchRetail-05-2026.csv","May 17, 2026 @ 10:00:00.000","May 18, 2026 @ 22:00:01.000","1333 Great Northern Hwy",PULP,"6,069","197.4","Reddy Express","Shell Reddy Express Upper Swan Roadhouse","UPPER SWAN","(blank)"
"FuelWatch WA","FuelWatchRetail-05-2026.csv","May 17, 2026 @ 10:00:00.000","May 18, 2026 @ 22:00:01.000","1333 Great Northern Hwy",Diesel,"6,069","215.9","Reddy Express","Shell Reddy Express Upper Swan Roadhouse","UPPER SWAN","(blank)"
"FuelWatch WA","FuelWatchRetail-05-2026.csv","May 17, 2026 @ 10:00:00.000","May 18, 2026 @ 22:00:01.000","2 Napoleon Prom",ULP,"6,280","179.9","Reddy Express","Shell Reddy Express Vasse",VASSE,"(blank)"
"FuelWatch WA","FuelWatchRetail-05-2026.csv","May 17, 2026 @ 10:00:00.000","May 18, 2026 @ 22:00:01.000","2 Napoleon Prom",PULP,"6,280","197.4","Reddy Express","Shell Reddy Express Vasse",VASSE,"(blank)"
"FuelWatch WA","FuelWatchRetail-05-2026.csv","May 17, 2026 @ 10:00:00.000","May 18, 2026 @ 22:00:01.000","2 Napoleon Prom",Diesel,"6,280","231.9","Reddy Express","Shell Reddy Express Vasse",VASSE,"(blank)"
"FuelWatch WA","FuelWatchRetail-05-2026.csv","May 17, 2026 @ 10:00:00.000","May 18, 2026 @ 22:00:01.000","66 Kent St",Diesel,"6,101","227.9","Reddy Express","Shell Reddy Express Victoria Park","EAST VICTORIA PARK","(blank)"
"FuelWatch WA","FuelWatchRetail-05-2026.csv","May 17, 2026 @ 10:00:00.000","May 18, 2026 @ 22:00:01.000","1-9 Gnangara Dr",PULP,"6,169","197.4","Reddy Express","Shell Reddy Express Waikiki",WAIKIKI,"(blank)"
"FuelWatch WA","FuelWatchRetail-05-2026.csv","May 17, 2026 @ 10:00:00.000","May 18, 2026 @ 22:00:01.000","1 Niche Pde",ULP,"6,065","179.9","Reddy Express","Shell Reddy Express Wangara",WANGARA,"(blank)"
"FuelWatch WA","FuelWatchRetail-05-2026.csv","May 17, 2026 @ 10:00:00.000","May 18, 2026 @ 22:00:01.000","1 Niche Pde",Diesel,"6,065","227.9","Reddy Express","Shell Reddy Express Wangara",WANGARA,"(blank)"
"FuelWatch WA","FuelWatchRetail-05-2026.csv","May 17, 2026 @ 10:00:00.000","May 18, 2026 @ 22:00:01.000","1 Niche Pde","98 RON","6,065","206.9","Reddy Express","Shell Reddy Express Wangara",WANGARA,"(blank)"
"FuelWatch WA","FuelWatchRetail-05-2026.csv","May 17, 2026 @ 10:00:00.000","May 18, 2026 @ 22:00:01.000","274 Erindale Rd",PULP,"6,024","195.4","Reddy Express","Shell Reddy Express Warwick",WARWICK,"(blank)"
"FuelWatch WA","FuelWatchRetail-05-2026.csv","May 17, 2026 @ 10:00:00.000","May 18, 2026 @ 22:00:01.000","274 Erindale Rd",Diesel,"6,024","227.9","Reddy Express","Shell Reddy Express Warwick",WARWICK,"(blank)"
"FuelWatch WA","FuelWatchRetail-05-2026.csv","May 17, 2026 @ 10:00:00.000","May 18, 2026 @ 22:00:01.000","30 Thomas St",ULP,"6,005","179.9","Reddy Express","Shell Reddy Express West Perth","WEST PERTH","(blank)"
"FuelWatch WA","FuelWatchRetail-05-2026.csv","May 17, 2026 @ 10:00:00.000","May 18, 2026 @ 22:00:01.000","30 Thomas St",Diesel,"6,005","227.9","Reddy Express","Shell Reddy Express West Perth","WEST PERTH","(blank)"
"FuelWatch WA","FuelWatchRetail-05-2026.csv","May 17, 2026 @ 10:00:00.000","May 18, 2026 @ 22:00:01.000","30 Thomas St","98 RON","6,005","206.9","Reddy Express","Shell Reddy Express West Perth","WEST PERTH","(blank)"
"FuelWatch WA","FuelWatchRetail-05-2026.csv","May 17, 2026 @ 10:00:00.000","May 18, 2026 @ 22:00:01.000","239-247 High Rd",ULP,"6,155","179.9","Reddy Express","Shell Reddy Express Willetton",WILLETTON,"(blank)"
"FuelWatch WA","FuelWatchRetail-05-2026.csv","May 17, 2026 @ 10:00:00.000","May 18, 2026 @ 22:00:01.000","239-247 High Rd","98 RON","6,155","206.9","Reddy Express","Shell Reddy Express Willetton",WILLETTON,"(blank)"
"FuelWatch WA","FuelWatchRetail-05-2026.csv","May 17, 2026 @ 10:00:00.000","May 18, 2026 @ 22:00:01.000","115 North West Coastal Hwy","98 RON","6,530","208.9","Reddy Express","Shell Reddy Express Wonthella",WONTHELLA,"(blank)"
"FuelWatch WA","FuelWatchRetail-05-2026.csv","May 17, 2026 @ 10:00:00.000","May 18, 2026 @ 22:00:01.000","Lot 511 Johnston St",ULP,"6,365",200,Independent,"Shire of Kulin",KULIN,"(blank)"
"FuelWatch WA","FuelWatchRetail-05-2026.csv","May 17, 2026 @ 10:00:00.000","May 18, 2026 @ 22:00:01.000","20 Payne St",Diesel,"6,639","256.5",Ampol,"Shire of Sandstone",SANDSTONE,"(blank)"
"FuelWatch WA","FuelWatchRetail-05-2026.csv","May 17, 2026 @ 10:00:00.000","May 18, 2026 @ 22:00:01.000","298 Benara Rd",ULP,"6,062","171.5",Solo,"Solo Morley",MORLEY,"(blank)"
"FuelWatch WA","FuelWatchRetail-05-2026.csv","May 17, 2026 @ 10:00:00.000","May 18, 2026 @ 22:00:01.000","298 Benara Rd",Diesel,"6,062","205.5",Solo,"Solo Morley",MORLEY,"(blank)"
"FuelWatch WA","FuelWatchRetail-05-2026.csv","May 17, 2026 @ 10:00:00.000","May 18, 2026 @ 22:00:01.000","268 High Rd","Brand Diesel","6,148","217.9",Solo,"Solo Riverton",RIVERTON,"(blank)"
"FuelWatch WA","FuelWatchRetail-05-2026.csv","May 17, 2026 @ 10:00:00.000","May 18, 2026 @ 22:00:01.000","268 High Rd","98 RON","6,148","195.5",Solo,"Solo Riverton",RIVERTON,"(blank)"
"FuelWatch WA","FuelWatchRetail-05-2026.csv","May 17, 2026 @ 10:00:00.000","May 18, 2026 @ 22:00:01.000","23 Second Ave",Diesel,"6,710",300,Independent,"Thalanyji Fish and Fuel",ONSLOW,"(blank)"
"FuelWatch WA","FuelWatchRetail-05-2026.csv","May 17, 2026 @ 10:00:00.000","May 18, 2026 @ 22:00:01.000","39 Second Ave",ULP,"6,710",240,Independent,"Thalanyji Food and Fuel",ONSLOW,"(blank)"
"FuelWatch WA","FuelWatchRetail-05-2026.csv","May 17, 2026 @ 10:00:00.000","May 18, 2026 @ 22:00:01.000","360KM South Warburton Via Connie Sue Hwy",Diesel,"6,431",379,BP,"Tjuntjuntjara Community Store","PLUMRIDGE LAKES","(blank)"
"FuelWatch WA","FuelWatchRetail-05-2026.csv","May 17, 2026 @ 10:00:00.000","May 18, 2026 @ 22:00:01.000","5895 Great Eastern Hwy",ULP,"6,073","173.9",UGO,"UGO Mundaring",MUNDARING,"(blank)"
"FuelWatch WA","FuelWatchRetail-05-2026.csv","May 17, 2026 @ 10:00:00.000","May 18, 2026 @ 22:00:01.000","5895 Great Eastern Hwy","Brand Diesel","6,073","221.9",UGO,"UGO Mundaring",MUNDARING,"(blank)"
"FuelWatch WA","FuelWatchRetail-05-2026.csv","May 17, 2026 @ 10:00:00.000","May 18, 2026 @ 22:00:01.000","5895 Great Eastern Hwy","98 RON","6,073","195.9",UGO,"UGO Mundaring",MUNDARING,"(blank)"
"FuelWatch WA","FuelWatchRetail-05-2026.csv","May 17, 2026 @ 10:00:00.000","May 18, 2026 @ 22:00:01.000","309 Albany Hwy",ULP,"6,330","181.9",United,"United Albany Central","MOUNT MELVILLE","(blank)"
"FuelWatch WA","FuelWatchRetail-05-2026.csv","May 17, 2026 @ 10:00:00.000","May 18, 2026 @ 22:00:01.000","367 Albany Hwy","Brand Diesel","6,330","221.5",United,"United Albany Orana",ORANA,"(blank)"
"FuelWatch WA","FuelWatchRetail-05-2026.csv","May 17, 2026 @ 10:00:00.000","May 18, 2026 @ 22:00:01.000","5 Albina Ave",ULP,"6,167","169.9",United,"United Anketell",ANKETELL,"(blank)"
"FuelWatch WA","FuelWatchRetail-05-2026.csv","May 17, 2026 @ 10:00:00.000","May 18, 2026 @ 22:00:01.000","5 Albina Ave",Diesel,"6,167","224.9",United,"United Anketell",ANKETELL,"(blank)"
"FuelWatch WA","FuelWatchRetail-05-2026.csv","May 17, 2026 @ 10:00:00.000","May 18, 2026 @ 22:00:01.000","805 Thomas Rd",Diesel,"6,167","224.9",United,"United Anketell South",ANKETELL,"(blank)"
"FuelWatch WA","FuelWatchRetail-05-2026.csv","May 17, 2026 @ 10:00:00.000","May 18, 2026 @ 22:00:01.000","805 Thomas Rd",E85,"6,167","269.9",United,"United Anketell South",ANKETELL,"(blank)"
"FuelWatch WA","FuelWatchRetail-05-2026.csv","May 17, 2026 @ 10:00:00.000","May 18, 2026 @ 22:00:01.000","13 Whyalla Ct",ULP,"6,163","172.9",United,"United Bibra Lake","BIBRA LAKE","(blank)"
"FuelWatch WA","FuelWatchRetail-05-2026.csv","May 17, 2026 @ 10:00:00.000","May 18, 2026 @ 22:00:01.000","13 Whyalla Ct",Diesel,"6,163","218.9",United,"United Bibra Lake","BIBRA LAKE","(blank)"
"FuelWatch WA","FuelWatchRetail-05-2026.csv","May 17, 2026 @ 10:00:00.000","May 18, 2026 @ 22:00:01.000","13 Whyalla Ct","Brand Diesel","6,163","220.9",United,"United Bibra Lake","BIBRA LAKE","(blank)"
"FuelWatch WA","FuelWatchRetail-05-2026.csv","May 17, 2026 @ 10:00:00.000","May 18, 2026 @ 22:00:01.000","801-803 South Western Hwy","98 RON","6,122","189.9",United,"United Byford",BYFORD,"(blank)"
"FuelWatch WA","FuelWatchRetail-05-2026.csv","May 17, 2026 @ 10:00:00.000","May 18, 2026 @ 22:00:01.000","45 South Coast Hwy","98 RON","6,333","205.9",United,"United Denmark",DENMARK,"(blank)"
"FuelWatch WA","FuelWatchRetail-05-2026.csv","May 17, 2026 @ 10:00:00.000","May 18, 2026 @ 22:00:01.000","9 Winterfold Rd",ULP,"6,163","171.9",United,"United Hamilton Hill","HAMILTON HILL","(blank)"
"FuelWatch WA","FuelWatchRetail-05-2026.csv","May 17, 2026 @ 10:00:00.000","May 18, 2026 @ 22:00:01.000","9 Winterfold Rd","98 RON","6,163","193.9",United,"United Hamilton Hill","HAMILTON HILL","(blank)"
"FuelWatch WA","FuelWatchRetail-05-2026.csv","May 17, 2026 @ 10:00:00.000","May 18, 2026 @ 22:00:01.000","4 Walter Padbury Bvd",Diesel,"6,025","223.9",United,"United Hepburn Heights",PADBURY,"(blank)"
"FuelWatch WA","FuelWatchRetail-05-2026.csv","May 17, 2026 @ 10:00:00.000","May 18, 2026 @ 22:00:01.000","4 Walter Padbury Bvd",E85,"6,025","269.9",United,"United Hepburn Heights",PADBURY,"(blank)"
"FuelWatch WA","FuelWatchRetail-05-2026.csv","May 17, 2026 @ 10:00:00.000","May 18, 2026 @ 22:00:01.000","150 Massingham St",PULP,"6,410","190.9",United,"United Kellerberrin Truck Stop",KELLERBERRIN,"(blank)"
"FuelWatch WA","FuelWatchRetail-05-2026.csv","May 17, 2026 @ 10:00:00.000","May 18, 2026 @ 22:00:01.000","150 Massingham St","98 RON","6,410","198.9",United,"United Kellerberrin Truck Stop",KELLERBERRIN,"(blank)"
"FuelWatch WA","FuelWatchRetail-05-2026.csv","May 17, 2026 @ 10:00:00.000","May 18, 2026 @ 22:00:01.000","150 Massingham St",E85,"6,410","269.9",United,"United Kellerberrin Truck Stop",KELLERBERRIN,"(blank)"
"FuelWatch WA","FuelWatchRetail-05-2026.csv","May 17, 2026 @ 10:00:00.000","May 18, 2026 @ 22:00:01.000","410-412 Orrong Rd",ULP,"6,105","172.9",United,"United Kewdale Truck Stop",KEWDALE,"(blank)"
"FuelWatch WA","FuelWatchRetail-05-2026.csv","May 17, 2026 @ 10:00:00.000","May 18, 2026 @ 22:00:01.000","2 Feilman Dr","98 RON","6,170","191.9",United,"United Leda",LEDA,"(blank)"
"FuelWatch WA","FuelWatchRetail-05-2026.csv","May 17, 2026 @ 10:00:00.000","May 18, 2026 @ 22:00:01.000","779 Gnangara Rd",PULP,"6,079","183.9",United,"United Lexia Truck Stop",LEXIA,"(blank)"
"FuelWatch WA","FuelWatchRetail-05-2026.csv","May 17, 2026 @ 10:00:00.000","May 18, 2026 @ 22:00:01.000","779 Gnangara Rd",LPG,"6,079","159.5",United,"United Lexia Truck Stop",LEXIA,"(blank)"
"FuelWatch WA","FuelWatchRetail-05-2026.csv","May 17, 2026 @ 10:00:00.000","May 18, 2026 @ 22:00:01.000","13 Stebbing Rd",ULP,"6,109","169.9",United,"United Maddington Truck Stop",MADDINGTON,"(blank)"
"FuelWatch WA","FuelWatchRetail-05-2026.csv","May 17, 2026 @ 10:00:00.000","May 18, 2026 @ 22:00:01.000","31763 Albany Hwy",Diesel,"6,324","225.9",United,"United Mount Barker Roadhouse Truck Stop","MOUNT BARKER","(blank)"
"FuelWatch WA","FuelWatchRetail-05-2026.csv","May 17, 2026 @ 10:00:00.000","May 18, 2026 @ 22:00:01.000","182 Leach Hwy",Diesel,"6,154","221.9",United,"United Myaree",MYAREE,"(blank)"
"FuelWatch WA","FuelWatchRetail-05-2026.csv","May 17, 2026 @ 10:00:00.000","May 18, 2026 @ 22:00:01.000","13 Lionel St",PULP,"6,165","183.5",United,"United Naval Base Truck Stop","NAVAL BASE","(blank)"
"FuelWatch WA","FuelWatchRetail-05-2026.csv","May 17, 2026 @ 10:00:00.000","May 18, 2026 @ 22:00:01.000","13 Lionel St",Diesel,"6,165","215.9",United,"United Naval Base Truck Stop","NAVAL BASE","(blank)"
"FuelWatch WA","FuelWatchRetail-05-2026.csv","May 17, 2026 @ 10:00:00.000","May 18, 2026 @ 22:00:01.000","13 Lionel St","Brand Diesel","6,165","217.9",United,"United Naval Base Truck Stop","NAVAL BASE","(blank)"
"FuelWatch WA","FuelWatchRetail-05-2026.csv","May 17, 2026 @ 10:00:00.000","May 18, 2026 @ 22:00:01.000","31 Fitzgerald St",LPG,"6,003","149.5",United,"United Northbridge",NORTHBRIDGE,"(blank)"
"FuelWatch WA","FuelWatchRetail-05-2026.csv","May 17, 2026 @ 10:00:00.000","May 18, 2026 @ 22:00:01.000","479 Scarborough Beach Rd",PULP,"6,017","186.9",United,"United Osborne Park","OSBORNE PARK","(blank)"
"FuelWatch WA","FuelWatchRetail-05-2026.csv","May 17, 2026 @ 10:00:00.000","May 18, 2026 @ 22:00:01.000","8 Paltridge Rd",PULP,"6,105","183.5",United,"United Perth Airport Truck Stop","PERTH AIRPORT","(blank)"
"FuelWatch WA","FuelWatchRetail-05-2026.csv","May 17, 2026 @ 10:00:00.000","May 18, 2026 @ 22:00:01.000","8 Paltridge Rd","Brand Diesel","6,105","214.5",United,"United Perth Airport Truck Stop","PERTH AIRPORT","(blank)"
"FuelWatch WA","FuelWatchRetail-05-2026.csv","May 17, 2026 @ 10:00:00.000","May 18, 2026 @ 22:00:01.000","8 Paltridge Rd",LPG,"6,105","145.5",United,"United Perth Airport Truck Stop","PERTH AIRPORT","(blank)"
"FuelWatch WA","FuelWatchRetail-05-2026.csv","May 17, 2026 @ 10:00:00.000","May 18, 2026 @ 22:00:01.000","50 Rifle Range Rd",PULP,"6,530","198.9",United,"United Rangeway Truck Stop",RANGEWAY,"(blank)"
"FuelWatch WA","FuelWatchRetail-05-2026.csv","May 17, 2026 @ 10:00:00.000","May 18, 2026 @ 22:00:01.000","49 Berrigan Dr",ULP,"6,164","169.9",United,"United South Lake","SOUTH LAKE","(blank)"
"FuelWatch WA","FuelWatchRetail-05-2026.csv","May 17, 2026 @ 10:00:00.000","May 18, 2026 @ 22:00:01.000","Lot 101 Terrier Pl",Diesel,"6,110","221.9",United,"United Southern River","SOUTHERN RIVER","(blank)"
"FuelWatch WA","FuelWatchRetail-05-2026.csv","May 17, 2026 @ 10:00:00.000","May 18, 2026 @ 22:00:01.000","Lot 101 Terrier Pl",E85,"6,110","269.9",United,"United Southern River","SOUTHERN RIVER","(blank)"
"FuelWatch WA","FuelWatchRetail-05-2026.csv","May 17, 2026 @ 10:00:00.000","May 18, 2026 @ 22:00:01.000","1369 Wanneroo Rd",ULP,"6,065","169.5",United,"United Tapping",WANNEROO,"(blank)"
"FuelWatch WA","FuelWatchRetail-05-2026.csv","May 17, 2026 @ 10:00:00.000","May 18, 2026 @ 22:00:01.000","1369 Wanneroo Rd",PULP,"6,065","183.5",United,"United Tapping",WANNEROO,"(blank)"
"FuelWatch WA","FuelWatchRetail-05-2026.csv","May 17, 2026 @ 10:00:00.000","May 18, 2026 @ 22:00:01.000","1369 Wanneroo Rd",Diesel,"6,065","218.9",United,"United Tapping",WANNEROO,"(blank)"
"FuelWatch WA","FuelWatchRetail-05-2026.csv","May 17, 2026 @ 10:00:00.000","May 18, 2026 @ 22:00:01.000","1369 Wanneroo Rd",E85,"6,065","269.9",United,"United Tapping",WANNEROO,"(blank)"
"FuelWatch WA","FuelWatchRetail-05-2026.csv","May 17, 2026 @ 10:00:00.000","May 18, 2026 @ 22:00:01.000","210 Northerly St",Diesel,"6,280","229.9",United,"United Vasse Truck Stop",VASSE,"(blank)"
"FuelWatch WA","FuelWatchRetail-05-2026.csv","May 17, 2026 @ 10:00:00.000","May 18, 2026 @ 22:00:01.000","210 Northerly St","Brand Diesel","6,280","231.9",United,"United Vasse Truck Stop",VASSE,"(blank)"
"FuelWatch WA","FuelWatchRetail-05-2026.csv","May 17, 2026 @ 10:00:00.000","May 18, 2026 @ 22:00:01.000","126 Forrest Rd",ULP,"6,112","169.7",Vibe,"Vibe Armadale",ARMADALE,"(blank)"
"FuelWatch WA","FuelWatchRetail-05-2026.csv","May 17, 2026 @ 10:00:00.000","May 18, 2026 @ 22:00:01.000","126 Forrest Rd",Diesel,"6,112","219.9",Vibe,"Vibe Armadale",ARMADALE,"(blank)"
"FuelWatch WA","FuelWatchRetail-05-2026.csv","May 17, 2026 @ 10:00:00.000","May 18, 2026 @ 22:00:01.000","126 Forrest Rd","98 RON","6,112","195.7",Vibe,"Vibe Armadale",ARMADALE,"(blank)"
"FuelWatch WA","FuelWatchRetail-05-2026.csv","May 17, 2026 @ 10:00:00.000","May 18, 2026 @ 22:00:01.000","120 Kerosene Lane",PULP,"6,171","184.7",Vibe,"Vibe Baldivis",BALDIVIS,"(blank)"
"FuelWatch WA","FuelWatchRetail-05-2026.csv","May 17, 2026 @ 10:00:00.000","May 18, 2026 @ 22:00:01.000","168 Walter Rd West",ULP,"6,052","173.7",Vibe,"Vibe Bedford",BEDFORD,"(blank)"
"FuelWatch WA","FuelWatchRetail-05-2026.csv","May 17, 2026 @ 10:00:00.000","May 18, 2026 @ 22:00:01.000","495 Beechboro Rd North",ULP,"6,063","169.7",Vibe,"Vibe Beechboro",BEECHBORO,"(blank)"
"FuelWatch WA","FuelWatchRetail-05-2026.csv","May 17, 2026 @ 10:00:00.000","May 18, 2026 @ 22:00:01.000","495 Beechboro Rd North","98 RON","6,063","195.7",Vibe,"Vibe Beechboro",BEECHBORO,"(blank)"
"FuelWatch WA","FuelWatchRetail-05-2026.csv","May 17, 2026 @ 10:00:00.000","May 18, 2026 @ 22:00:01.000","169 Hampton St",ULP,"6,255","186.7",Vibe,"Vibe Bridgetown",BRIDGETOWN,"(blank)"
"FuelWatch WA","FuelWatchRetail-05-2026.csv","May 17, 2026 @ 10:00:00.000","May 18, 2026 @ 22:00:01.000","169 Hampton St","98 RON","6,255","212.7",Vibe,"Vibe Bridgetown",BRIDGETOWN,"(blank)"
"FuelWatch WA","FuelWatchRetail-05-2026.csv","May 17, 2026 @ 10:00:00.000","May 18, 2026 @ 22:00:01.000","375 Bussell Hwy",ULP,"6,280","169.9",Vibe,"Vibe Broadwater",BROADWATER,"(blank)"
"FuelWatch WA","FuelWatchRetail-05-2026.csv","May 17, 2026 @ 10:00:00.000","May 18, 2026 @ 22:00:01.000","2533 Great Northern Hwy",ULP,"6,084","173.7",Vibe,"Vibe Bullsbrook",BULLSBROOK,"(blank)"
"FuelWatch WA","FuelWatchRetail-05-2026.csv","May 17, 2026 @ 10:00:00.000","May 18, 2026 @ 22:00:01.000","2533 Great Northern Hwy","98 RON","6,084","199.7",Vibe,"Vibe Bullsbrook",BULLSBROOK,"(blank)"
"FuelWatch WA","FuelWatchRetail-05-2026.csv","May 17, 2026 @ 10:00:00.000","May 18, 2026 @ 22:00:01.000","42 Strickland St",Diesel,"6,230","225.7",Vibe,"Vibe Bunbury Central",BUNBURY,"(blank)"
"FuelWatch WA","FuelWatchRetail-05-2026.csv","May 17, 2026 @ 10:00:00.000","May 18, 2026 @ 22:00:01.000","42 Strickland St","98 RON","6,230","201.7",Vibe,"Vibe Bunbury Central",BUNBURY,"(blank)"
"FuelWatch WA","FuelWatchRetail-05-2026.csv","May 17, 2026 @ 10:00:00.000","May 18, 2026 @ 22:00:01.000","13 Picton Rd",Diesel,"6,230","215.7",Vibe,"Vibe Bunbury East","EAST BUNBURY","(blank)"
"FuelWatch WA","FuelWatchRetail-05-2026.csv","May 17, 2026 @ 10:00:00.000","May 18, 2026 @ 22:00:01.000","13 Picton Rd","98 RON","6,230","203.8",Vibe,"Vibe Bunbury East","EAST BUNBURY","(blank)"
"FuelWatch WA","FuelWatchRetail-05-2026.csv","May 17, 2026 @ 10:00:00.000","May 18, 2026 @ 22:00:01.000","81 King Rd",ULP,"6,230","179.5",Vibe,"Vibe Bunbury North","EAST BUNBURY","(blank)"
"FuelWatch WA","FuelWatchRetail-05-2026.csv","May 17, 2026 @ 10:00:00.000","May 18, 2026 @ 22:00:01.000","81 King Rd",Diesel,"6,230","228.9",Vibe,"Vibe Bunbury North","EAST BUNBURY","(blank)"
"FuelWatch WA","FuelWatchRetail-05-2026.csv","May 17, 2026 @ 10:00:00.000","May 18, 2026 @ 22:00:01.000","302 Blair St",PULP,"6,230","190.7",Vibe,"Vibe Bunbury South","SOUTH BUNBURY","(blank)"
"FuelWatch WA","FuelWatchRetail-05-2026.csv","May 17, 2026 @ 10:00:00.000","May 18, 2026 @ 22:00:01.000","302 Blair St",Diesel,"6,230","225.9",Vibe,"Vibe Bunbury South","SOUTH BUNBURY","(blank)"
"FuelWatch WA","FuelWatchRetail-05-2026.csv","May 17, 2026 @ 10:00:00.000","May 18, 2026 @ 22:00:01.000","302 Blair St","98 RON","6,230","201.7",Vibe,"Vibe Bunbury South","SOUTH BUNBURY","(blank)"
"FuelWatch WA","FuelWatchRetail-05-2026.csv","May 17, 2026 @ 10:00:00.000","May 18, 2026 @ 22:00:01.000","6 Birnam Rd","98 RON","6,155","195.7",Vibe,"Vibe Canning Vale","CANNING VALE","(blank)"
"FuelWatch WA","FuelWatchRetail-05-2026.csv","May 17, 2026 @ 10:00:00.000","May 18, 2026 @ 22:00:01.000","1 Bayley St",ULP,"6,429","219.7",Vibe,"Vibe Coolgardie",COOLGARDIE,"(blank)"
"FuelWatch WA","FuelWatchRetail-05-2026.csv","May 17, 2026 @ 10:00:00.000","May 18, 2026 @ 22:00:01.000","1 Bayley St",Diesel,"6,429","256.5",Vibe,"Vibe Coolgardie",COOLGARDIE,"(blank)"
"FuelWatch WA","FuelWatchRetail-05-2026.csv","May 17, 2026 @ 10:00:00.000","May 18, 2026 @ 22:00:01.000","45 South Western Hwy",Diesel,"6,239",228,Vibe,"Vibe Donnybrook",DONNYBROOK,"(blank)"
"FuelWatch WA","FuelWatchRetail-05-2026.csv","May 17, 2026 @ 10:00:00.000","May 18, 2026 @ 22:00:01.000","114 Rockingham Rd","98 RON","6,163","199.7",Vibe,"Vibe Hamilton Hill","HAMILTON HILL","(blank)"
"FuelWatch WA","FuelWatchRetail-05-2026.csv","May 17, 2026 @ 10:00:00.000","May 18, 2026 @ 22:00:01.000","46 South Western Hwy",ULP,"6,220","179.7",Vibe,"Vibe Harvey",HARVEY,"(blank)"
"FuelWatch WA","FuelWatchRetail-05-2026.csv","May 17, 2026 @ 10:00:00.000","May 18, 2026 @ 22:00:01.000","46 South Western Hwy","98 RON","6,220","205.7",Vibe,"Vibe Harvey",HARVEY,"(blank)"
"FuelWatch WA","FuelWatchRetail-05-2026.csv","May 17, 2026 @ 10:00:00.000","May 18, 2026 @ 22:00:01.000","Lot 104 Russel Rd",ULP,"6,166","175.7",Vibe,"Vibe Henderson",HENDERSON,"(blank)"
"FuelWatch WA","FuelWatchRetail-05-2026.csv","May 17, 2026 @ 10:00:00.000","May 18, 2026 @ 22:00:01.000","Lot 104 Russel Rd",PULP,"6,166","192.7",Vibe,"Vibe Henderson",HENDERSON,"(blank)"
"FuelWatch WA","FuelWatchRetail-05-2026.csv","May 17, 2026 @ 10:00:00.000","May 18, 2026 @ 22:00:01.000","Cnr Mandurah Rd & Beach St",Diesel,"6,167","198.7",Vibe,"Vibe Kwinana OPT","KWINANA BEACH","(blank)"
"FuelWatch WA","FuelWatchRetail-05-2026.csv","May 17, 2026 @ 10:00:00.000","May 18, 2026 @ 22:00:01.000","2 Rafferty Rd","98 RON","6,210","201.7",Vibe,"Vibe Mandurah",MANDURAH,"(blank)"
"FuelWatch WA","FuelWatchRetail-05-2026.csv","May 17, 2026 @ 10:00:00.000","May 18, 2026 @ 22:00:01.000","430 Morley Dr",ULP,"6,062","169.7",Vibe,"Vibe Morley",MORLEY,"(blank)"
"FuelWatch WA","FuelWatchRetail-05-2026.csv","May 17, 2026 @ 10:00:00.000","May 18, 2026 @ 22:00:01.000","9 McVicar Pl","98 RON","6,082","195.7",Vibe,"Vibe Mt Helena","MOUNT HELENA","(blank)"
"FuelWatch WA","FuelWatchRetail-05-2026.csv","May 17, 2026 @ 10:00:00.000","May 18, 2026 @ 22:00:01.000","1 Pinnacle Dr",ULP,"6,031","173.3",Vibe,"Vibe Neerabup",NEERABUP,"(blank)"
"FuelWatch WA","FuelWatchRetail-05-2026.csv","May 17, 2026 @ 10:00:00.000","May 18, 2026 @ 22:00:01.000","1780 Thomas Rd","Brand Diesel","6,121","202.9",Vibe,"Vibe Oakford Truckstop",OAKFORD,"(blank)"
"FuelWatch WA","FuelWatchRetail-05-2026.csv","May 17, 2026 @ 10:00:00.000","May 18, 2026 @ 22:00:01.000","1780 Thomas Rd","98 RON","6,121","189.9",Vibe,"Vibe Oakford Truckstop",OAKFORD,"(blank)"
"FuelWatch WA","FuelWatchRetail-05-2026.csv","May 17, 2026 @ 10:00:00.000","May 18, 2026 @ 22:00:01.000","7 Hutton St","98 RON","6,017","198.9",Vibe,"Vibe Osborne Park","OSBORNE PARK","(blank)"
"FuelWatch WA","FuelWatchRetail-05-2026.csv","May 17, 2026 @ 10:00:00.000","May 18, 2026 @ 22:00:01.000","386 Nicholson Rd",ULP,"6,112","169.3",Vibe,"Vibe Piara Waters","PIARA WATERS","(blank)"
"FuelWatch WA","FuelWatchRetail-05-2026.csv","May 17, 2026 @ 10:00:00.000","May 18, 2026 @ 22:00:01.000","6947 South Western Hwy","98 RON","6,214","205.7",Vibe,"Vibe Placid Ark Roadhouse",COOLUP,"(blank)"
"FuelWatch WA","FuelWatchRetail-05-2026.csv","May 17, 2026 @ 10:00:00.000","May 18, 2026 @ 22:00:01.000","35 Blackburn Dr",PULP,"6,172","186.3",Vibe,"Vibe Port Kennedy","PORT KENNEDY","(blank)"
"FuelWatch WA","FuelWatchRetail-05-2026.csv","May 17, 2026 @ 10:00:00.000","May 18, 2026 @ 22:00:01.000","35 Blackburn Dr",Diesel,"6,172","203.9",Vibe,"Vibe Port Kennedy","PORT KENNEDY","(blank)"
"FuelWatch WA","FuelWatchRetail-05-2026.csv","May 17, 2026 @ 10:00:00.000","May 18, 2026 @ 22:00:01.000","35 Blackburn Dr","98 RON","6,172","197.3",Vibe,"Vibe Port Kennedy","PORT KENNEDY","(blank)"
"FuelWatch WA","FuelWatchRetail-05-2026.csv","May 17, 2026 @ 10:00:00.000","May 18, 2026 @ 22:00:01.000","367 Caves Rd",ULP,"6,280","169.3",Vibe,"Vibe Siesta Park",KEALY,"(blank)"
"FuelWatch WA","FuelWatchRetail-05-2026.csv","May 17, 2026 @ 10:00:00.000","May 18, 2026 @ 22:00:01.000","367 Caves Rd",Diesel,"6,280","226.9",Vibe,"Vibe Siesta Park",KEALY,"(blank)"
"FuelWatch WA","FuelWatchRetail-05-2026.csv","May 17, 2026 @ 10:00:00.000","May 18, 2026 @ 22:00:01.000","333 Rockingham Rd",PULP,"6,163","187.9",Vibe,"Vibe Spearwood",SPEARWOOD,"(blank)"
"FuelWatch WA","FuelWatchRetail-05-2026.csv","May 17, 2026 @ 10:00:00.000","May 18, 2026 @ 22:00:01.000","333 Rockingham Rd",LPG,"6,163","159.5",Vibe,"Vibe Spearwood",SPEARWOOD,"(blank)"
"FuelWatch WA","FuelWatchRetail-05-2026.csv","May 17, 2026 @ 10:00:00.000","May 18, 2026 @ 22:00:01.000","333 Rockingham Rd","98 RON","6,163","198.9",Vibe,"Vibe Spearwood",SPEARWOOD,"(blank)"
"FuelWatch WA","FuelWatchRetail-05-2026.csv","May 17, 2026 @ 10:00:00.000","May 18, 2026 @ 22:00:01.000","2086 Toodyay Rd",ULP,"6,083","169.7",Vibe,"Vibe Toodyay Rd",GIDGEGANNUP,"(blank)"
"FuelWatch WA","FuelWatchRetail-05-2026.csv","May 17, 2026 @ 10:00:00.000","May 18, 2026 @ 22:00:01.000","2086 Toodyay Rd","98 RON","6,083","195.7",Vibe,"Vibe Toodyay Rd",GIDGEGANNUP,"(blank)"
"FuelWatch WA","FuelWatchRetail-05-2026.csv","May 17, 2026 @ 10:00:00.000","May 18, 2026 @ 22:00:01.000","157 Grand Ent",ULP,"6,233","179.7",Vibe,"Vibe Treendale",AUSTRALIND,"(blank)"
"FuelWatch WA","FuelWatchRetail-05-2026.csv","May 17, 2026 @ 10:00:00.000","May 18, 2026 @ 22:00:01.000","964 Wanneroo Rd","Brand Diesel","6,065","207.7",Vibe,"Vibe Wanneroo",WANNEROO,"(blank)"
"FuelWatch WA","FuelWatchRetail-05-2026.csv","May 17, 2026 @ 10:00:00.000","May 18, 2026 @ 22:00:01.000","89 South Western Hwy",ULP,"6,215","179.7",Vibe,"Vibe Waroona",WAROONA,"(blank)"
"FuelWatch WA","FuelWatchRetail-05-2026.csv","May 17, 2026 @ 10:00:00.000","May 18, 2026 @ 22:00:01.000","89 South Western Hwy",Diesel,"6,215","229.5",Vibe,"Vibe Waroona",WAROONA,"(blank)"
"FuelWatch WA","FuelWatchRetail-05-2026.csv","May 17, 2026 @ 10:00:00.000","May 18, 2026 @ 22:00:01.000","1 Evans Rd",Diesel,"6,528",316,Independent,"Walkaway General Store",WALKAWAY,"(blank)"
"FuelWatch WA","FuelWatchRetail-05-2026.csv","May 17, 2026 @ 10:00:00.000","May 18, 2026 @ 22:00:01.000","LOT 9 GREAT CENTRAL RD",Diesel,872,428,BP,"Wanarn Store",WANARN,"(blank)"
"FuelWatch WA","FuelWatchRetail-05-2026.csv","May 17, 2026 @ 10:00:00.000","May 18, 2026 @ 22:00:01.000","Warakurna Rd",ULP,872,364,BP,"Warakurna Roadhouse",WARAKURNA,"(blank)"
"FuelWatch WA","FuelWatchRetail-05-2026.csv","May 17, 2026 @ 10:00:00.000","May 18, 2026 @ 22:00:01.000","Great Northern Hwy",Diesel,"6,743",390,Mogas,"Warmun Roadhouse",WARMUN,"(blank)"
"FuelWatch WA","FuelWatchRetail-05-2026.csv","May 17, 2026 @ 10:00:00.000","May 18, 2026 @ 22:00:01.000","32 South Western Hwy",ULP,"6,215","184.9",Caltex,"Waroona Roadhouse",WAROONA,"(blank)"
"FuelWatch WA","FuelWatchRetail-05-2026.csv","May 17, 2026 @ 10:00:00.000","May 18, 2026 @ 22:00:01.000","32 South Western Hwy",Diesel,"6,215","232.9",Caltex,"Waroona Roadhouse",WAROONA,"(blank)"
"FuelWatch WA","FuelWatchRetail-05-2026.csv","May 17, 2026 @ 10:00:00.000","May 18, 2026 @ 22:00:01.000","54 George St",Diesel,"6,513",279,BP,"Watheroo Rural Traders",WATHEROO,"(blank)"
"FuelWatch WA","FuelWatchRetail-05-2026.csv","May 17, 2026 @ 10:00:00.000","May 18, 2026 @ 22:00:01.000","20 Windsor Rd",ULP,"6,328",198,BP,"Wellstead Store",WELLSTEAD,"(blank)"
"FuelWatch WA","FuelWatchRetail-05-2026.csv","May 17, 2026 @ 10:00:00.000","May 18, 2026 @ 22:00:01.000","209 Harbour Rd (entrance via Fairfield St)","98 RON","6,450","209.9",Shell,"WFG Shell Esperance OPT",CHADWICK,"(blank)"
"FuelWatch WA","FuelWatchRetail-05-2026.csv","May 17, 2026 @ 10:00:00.000","May 18, 2026 @ 22:00:01.000","Lot 64 Great Northern Hwy",ULP,"6,728","284.9",Ampol,"Willare Bridge Roadhouse",WILLARE,"(blank)"
"FuelWatch WA","FuelWatchRetail-05-2026.csv","May 17, 2026 @ 10:00:00.000","May 18, 2026 @ 22:00:01.000","Lot 64 Great Northern Hwy",Diesel,"6,728","284.9",Ampol,"Willare Bridge Roadhouse",WILLARE,"(blank)"
"FuelWatch WA","FuelWatchRetail-05-2026.csv","May 17, 2026 @ 10:00:00.000","May 18, 2026 @ 22:00:01.000","1 Darch St",ULP,"6,507","189.9",Liberty,"Windmill Roadhouse","REGANS FORD","(blank)"
"FuelWatch WA","FuelWatchRetail-05-2026.csv","May 17, 2026 @ 10:00:00.000","May 18, 2026 @ 22:00:01.000","Irrunytju Rd",ULP,872,364,BP,"Wingellina Store",WINGELLINA,"(blank)"
"FuelWatch WA","FuelWatchRetail-05-2026.csv","May 17, 2026 @ 10:00:00.000","May 18, 2026 @ 22:00:01.000","Lot 21 Balgo Rd",Diesel,"6,770",390,Mogas,"Wirrimanu Community Store",TANAMI,"(blank)"
"FuelWatch WA","FuelWatchRetail-05-2026.csv","May 17, 2026 @ 10:00:00.000","May 18, 2026 @ 22:00:01.000","2 Wattleglen Ave",ULP,"6,210","173.5","X Convenience","X Convenience Erskine",ERSKINE,"(blank)"
"FuelWatch WA","FuelWatchRetail-05-2026.csv","May 17, 2026 @ 10:00:00.000","May 18, 2026 @ 22:00:01.000","2 Wattleglen Ave","Brand Diesel","6,210","225.9","X Convenience","X Convenience Erskine",ERSKINE,"(blank)"
"FuelWatch WA","FuelWatchRetail-05-2026.csv","May 17, 2026 @ 10:00:00.000","May 18, 2026 @ 22:00:01.000","21 Jose St",Diesel,"6,630","226.7",Liberty,"Yarrumba Service Station",MULLEWA,"(blank)"
"FuelWatch WA","FuelWatchRetail-05-2026.csv","May 17, 2026 @ 10:00:00.000","May 18, 2026 @ 22:00:01.000","19 Station St",Diesel,"6,330","221.5",BP,"Youngs Siding General Store","YOUNGS SIDING","(blank)"
"FuelWatch WA","FuelWatchRetail-05-2026.csv","May 17, 2026 @ 10:00:00.000","May 18, 2026 @ 22:00:01.000","Lot 10 Calwynyardah-Noonkanbah Rd",Diesel,"6,765",340,BP,"Yungngora Community Store","MOUNT HARDMAN","(blank)"
"FuelWatch WA","FuelWatchRetail-05-2026.csv","May 17, 2026 @ 10:00:00.000","May 18, 2026 @ 22:00:01.000","31 South Western Hwy",Diesel,"6,208","217.9",United,"53 Mile Roadhouse",PINJARRA,"(blank)"
"FuelWatch WA","FuelWatchRetail-05-2026.csv","May 17, 2026 @ 10:00:00.000","May 18, 2026 @ 22:00:01.000","31 South Western Hwy","98 RON","6,208","206.9",United,"53 Mile Roadhouse",PINJARRA,"(blank)"
"FuelWatch WA","FuelWatchRetail-05-2026.csv","May 17, 2026 @ 10:00:00.000","May 18, 2026 @ 22:00:01.000","10 Carlsbad Prom",ULP,"6,038","173.9","7-Eleven","7-Eleven Alkimos",ALKIMOS,"(blank)"
"FuelWatch WA","FuelWatchRetail-05-2026.csv","May 17, 2026 @ 10:00:00.000","May 18, 2026 @ 22:00:01.000","10 Carlsbad Prom",PULP,"6,038","188.9","7-Eleven","7-Eleven Alkimos",ALKIMOS,"(blank)"
"FuelWatch WA","FuelWatchRetail-05-2026.csv","May 17, 2026 @ 10:00:00.000","May 18, 2026 @ 22:00:01.000","10 Carlsbad Prom","98 RON","6,038","196.9","7-Eleven","7-Eleven Alkimos",ALKIMOS,"(blank)"
"FuelWatch WA","FuelWatchRetail-05-2026.csv","May 17, 2026 @ 10:00:00.000","May 18, 2026 @ 22:00:01.000","174 Balcatta Rd","98 RON","6,021","200.9","7-Eleven","7-Eleven Balcatta",BALCATTA,"(blank)"
"FuelWatch WA","FuelWatchRetail-05-2026.csv","May 17, 2026 @ 10:00:00.000","May 18, 2026 @ 22:00:01.000","370 Baldivis Rd","Brand Diesel","6,171","229.9","7-Eleven","7-Eleven Baldivis",BALDIVIS,"(blank)"
"FuelWatch WA","FuelWatchRetail-05-2026.csv","May 17, 2026 @ 10:00:00.000","May 18, 2026 @ 22:00:01.000","370 Baldivis Rd","98 RON","6,171","198.9","7-Eleven","7-Eleven Baldivis",BALDIVIS,"(blank)"
"FuelWatch WA","FuelWatchRetail-05-2026.csv","May 17, 2026 @ 10:00:00.000","May 18, 2026 @ 22:00:01.000","102 Princess Rd",PULP,"6,061","190.9","7-Eleven","7-Eleven Balga",BALGA,"(blank)"
"FuelWatch WA","FuelWatchRetail-05-2026.csv","May 17, 2026 @ 10:00:00.000","May 18, 2026 @ 22:00:01.000","102 Princess Rd","Brand Diesel","6,061","229.9","7-Eleven","7-Eleven Balga",BALGA,"(blank)"
"FuelWatch WA","FuelWatchRetail-05-2026.csv","May 17, 2026 @ 10:00:00.000","May 18, 2026 @ 22:00:01.000","1/300 Joseph Banks Bvd","Brand Diesel","6,031","223.9","7-Eleven","7-Eleven Banksia Grove","BANKSIA GROVE","(blank)"
"FuelWatch WA","FuelWatchRetail-05-2026.csv","May 17, 2026 @ 10:00:00.000","May 18, 2026 @ 22:00:01.000","302-318 Collier Rd",ULP,"6,054","174.9","7-Eleven","7-Eleven Bassendean",BASSENDEAN,"(blank)"
"FuelWatch WA","FuelWatchRetail-05-2026.csv","May 17, 2026 @ 10:00:00.000","May 18, 2026 @ 22:00:01.000","302-318 Collier Rd","Brand Diesel","6,054","229.9","7-Eleven","7-Eleven Bassendean",BASSENDEAN,"(blank)"
"FuelWatch WA","FuelWatchRetail-05-2026.csv","May 17, 2026 @ 10:00:00.000","May 18, 2026 @ 22:00:01.000","302-318 Collier Rd","98 RON","6,054","197.9","7-Eleven","7-Eleven Bassendean",BASSENDEAN,"(blank)"
"FuelWatch WA","FuelWatchRetail-05-2026.csv","May 17, 2026 @ 10:00:00.000","May 18, 2026 @ 22:00:01.000","1133-1135 Albany Hwy",ULP,"6,102","174.9","7-Eleven","7-Eleven Bentley",BENTLEY,"(blank)"
"FuelWatch WA","FuelWatchRetail-05-2026.csv","May 17, 2026 @ 10:00:00.000","May 18, 2026 @ 22:00:01.000","35 Port Kembla Dr",PULP,"6,163","190.9","7-Eleven","7-Eleven Bibra Lake","BIBRA LAKE","(blank)"
"FuelWatch WA","FuelWatchRetail-05-2026.csv","May 17, 2026 @ 10:00:00.000","May 18, 2026 @ 22:00:01.000","35 Port Kembla Dr","Brand Diesel","6,163","219.9","7-Eleven","7-Eleven Bibra Lake","BIBRA LAKE","(blank)"
"FuelWatch WA","FuelWatchRetail-05-2026.csv","May 17, 2026 @ 10:00:00.000","May 18, 2026 @ 22:00:01.000","35 Port Kembla Dr","98 RON","6,163","198.9","7-Eleven","7-Eleven Bibra Lake","BIBRA LAKE","(blank)"
"FuelWatch WA","FuelWatchRetail-05-2026.csv","May 17, 2026 @ 10:00:00.000","May 18, 2026 @ 22:00:01.000","492 Marmion St","98 RON","6,154","198.9","7-Eleven","7-Eleven Booragoon",BOORAGOON,"(blank)"
"FuelWatch WA","FuelWatchRetail-05-2026.csv","May 17, 2026 @ 10:00:00.000","May 18, 2026 @ 22:00:01.000","3 Marvel Ent",ULP,"6,055","175.9","7-Eleven","7-Eleven Brabham",BRABHAM,"(blank)"
"FuelWatch WA","FuelWatchRetail-05-2026.csv","May 17, 2026 @ 10:00:00.000","May 18, 2026 @ 22:00:01.000","3 Marvel Ent",PULP,"6,055","190.9","7-Eleven","7-Eleven Brabham",BRABHAM,"(blank)"
"FuelWatch WA","FuelWatchRetail-05-2026.csv","May 17, 2026 @ 10:00:00.000","May 18, 2026 @ 22:00:01.000","3 Marvel Ent","Brand Diesel","6,055","229.9","7-Eleven","7-Eleven Brabham",BRABHAM,"(blank)"
"FuelWatch WA","FuelWatchRetail-05-2026.csv","May 17, 2026 @ 10:00:00.000","May 18, 2026 @ 22:00:01.000","3 Marvel Ent","98 RON","6,055","198.9","7-Eleven","7-Eleven Brabham",BRABHAM,"(blank)"
"FuelWatch WA","FuelWatchRetail-05-2026.csv","May 17, 2026 @ 10:00:00.000","May 18, 2026 @ 22:00:01.000","8D Picton Rd","98 RON","6,230","202.9","7-Eleven","7-Eleven Bunbury East","EAST BUNBURY","(blank)"
"FuelWatch WA","FuelWatchRetail-05-2026.csv","May 17, 2026 @ 10:00:00.000","May 18, 2026 @ 22:00:01.000","270 Butler Bvd",ULP,"6,036","176.9","7-Eleven","7-Eleven Butler",BUTLER,"(blank)"
"FuelWatch WA","FuelWatchRetail-05-2026.csv","May 17, 2026 @ 10:00:00.000","May 18, 2026 @ 22:00:01.000","25 Abernethy Rd",ULP,"6,122","175.9","7-Eleven","7-Eleven Byford South",BYFORD,"(blank)"
"FuelWatch WA","FuelWatchRetail-05-2026.csv","May 17, 2026 @ 10:00:00.000","May 18, 2026 @ 22:00:01.000","25 Abernethy Rd","Brand Diesel","6,122","219.9","7-Eleven","7-Eleven Byford South",BYFORD,"(blank)"
"FuelWatch WA","FuelWatchRetail-05-2026.csv","May 17, 2026 @ 10:00:00.000","May 18, 2026 @ 22:00:01.000","25 Abernethy Rd","98 RON","6,122","198.9","7-Eleven","7-Eleven Byford South",BYFORD,"(blank)"
"FuelWatch WA","FuelWatchRetail-05-2026.csv","May 17, 2026 @ 10:00:00.000","May 18, 2026 @ 22:00:01.000","232 Orrong Rd",PULP,"6,101","190.9","7-Eleven","7-Eleven Carlisle",CARLISLE,"(blank)"
"FuelWatch WA","FuelWatchRetail-05-2026.csv","May 17, 2026 @ 10:00:00.000","May 18, 2026 @ 22:00:01.000","19 Neerabup Dr","Brand Diesel","6,030","229.9","7-Eleven","7-Eleven Clarkson",CLARKSON,"(blank)"
"FuelWatch WA","FuelWatchRetail-05-2026.csv","May 17, 2026 @ 10:00:00.000","May 18, 2026 @ 22:00:01.000","814 North Lake Rd",ULP,"6,164","173.9","7-Eleven","7-Eleven Cockburn Central","COCKBURN CENTRAL","(blank)"
"FuelWatch WA","FuelWatchRetail-05-2026.csv","May 17, 2026 @ 10:00:00.000","May 18, 2026 @ 22:00:01.000","51 Tiffany Ctr",PULP,"6,230","194.9","7-Eleven","7-Eleven Dalyellup",DALYELLUP,"(blank)"
"FuelWatch WA","FuelWatchRetail-05-2026.csv","May 17, 2026 @ 10:00:00.000","May 18, 2026 @ 22:00:01.000","51 Tiffany Ctr","Brand Diesel","6,230","229.9","7-Eleven","7-Eleven Dalyellup",DALYELLUP,"(blank)"
"FuelWatch WA","FuelWatchRetail-05-2026.csv","May 17, 2026 @ 10:00:00.000","May 18, 2026 @ 22:00:01.000","10 Swaisdale Ent","98 RON","6,055","198.9","7-Eleven","7-Eleven Dayton",DAYTON,"(blank)"
"FuelWatch WA","FuelWatchRetail-05-2026.csv","May 17, 2026 @ 10:00:00.000","May 18, 2026 @ 22:00:01.000","100 Commonage Rd",PULP,"6,281","204.9","7-Eleven","7-Eleven Dunsborough",DUNSBOROUGH,"(blank)"
"FuelWatch WA","FuelWatchRetail-05-2026.csv","May 17, 2026 @ 10:00:00.000","May 18, 2026 @ 22:00:01.000","15 Albatross Cres","Brand Diesel","6,232","229.9","7-Eleven","7-Eleven Eaton",EATON,"(blank)"
"FuelWatch WA","FuelWatchRetail-05-2026.csv","May 17, 2026 @ 10:00:00.000","May 18, 2026 @ 22:00:01.000","15 Albatross Cres","98 RON","6,232","202.9","7-Eleven","7-Eleven Eaton",EATON,"(blank)"
"FuelWatch WA","FuelWatchRetail-05-2026.csv","May 17, 2026 @ 10:00:00.000","May 18, 2026 @ 22:00:01.000","Cnr Main St & Pinaster Pde",ULP,"6,069","175.9","7-Eleven","7-Eleven Ellenbrook Central",ELLENBROOK,"(blank)"
"FuelWatch WA","FuelWatchRetail-05-2026.csv","May 17, 2026 @ 10:00:00.000","May 18, 2026 @ 22:00:01.000","2 Haydock St",ULP,"6,112","175.9","7-Eleven","7-Eleven Forrestdale",FORRESTDALE,"(blank)"
"FuelWatch WA","FuelWatchRetail-05-2026.csv","May 17, 2026 @ 10:00:00.000","May 18, 2026 @ 22:00:01.000","2 Haydock St",PULP,"6,112","190.9","7-Eleven","7-Eleven Forrestdale",FORRESTDALE,"(blank)"
"FuelWatch WA","FuelWatchRetail-05-2026.csv","May 17, 2026 @ 10:00:00.000","May 18, 2026 @ 22:00:01.000","2 Haydock St","Brand Diesel","6,112","225.9","7-Eleven","7-Eleven Forrestdale",FORRESTDALE,"(blank)"
"FuelWatch WA","FuelWatchRetail-05-2026.csv","May 17, 2026 @ 10:00:00.000","May 18, 2026 @ 22:00:01.000","215 Flores Rd",PULP,"6,530","197.9","7-Eleven","7-Eleven Geraldton North",SPALDING,"(blank)"
"FuelWatch WA","FuelWatchRetail-05-2026.csv","May 17, 2026 @ 10:00:00.000","May 18, 2026 @ 22:00:01.000","52 Thundelarra Dr","Brand Diesel","6,174","219.9","7-Eleven","7-Eleven Golden Bay","GOLDEN BAY","(blank)"
"FuelWatch WA","FuelWatchRetail-05-2026.csv","May 17, 2026 @ 10:00:00.000","May 18, 2026 @ 22:00:01.000","1 Eaglemont St",ULP,"6,210","175.9","7-Eleven","7-Eleven Greenfields",GREENFIELDS,"(blank)"
"FuelWatch WA","FuelWatchRetail-05-2026.csv","May 17, 2026 @ 10:00:00.000","May 18, 2026 @ 22:00:01.000","1 Eaglemont St",PULP,"6,210","190.9","7-Eleven","7-Eleven Greenfields",GREENFIELDS,"(blank)"
"FuelWatch WA","FuelWatchRetail-05-2026.csv","May 17, 2026 @ 10:00:00.000","May 18, 2026 @ 22:00:01.000","13 Lakes Rd","98 RON","6,210","198.9","7-Eleven","7-Eleven Greenfields South",GREENFIELDS,"(blank)"
"FuelWatch WA","FuelWatchRetail-05-2026.csv","May 17, 2026 @ 10:00:00.000","May 18, 2026 @ 22:00:01.000","1256 Armadale Rd","98 RON","6,112","200.9","7-Eleven","7-Eleven Haynes",ARMADALE,"(blank)"
"FuelWatch WA","FuelWatchRetail-05-2026.csv","May 17, 2026 @ 10:00:00.000","May 18, 2026 @ 22:00:01.000","8 Buick Way",ULP,"6,027","175.9","7-Eleven","7-Eleven Joondalup",JOONDALUP,"(blank)"
"FuelWatch WA","FuelWatchRetail-05-2026.csv","May 17, 2026 @ 10:00:00.000","May 18, 2026 @ 22:00:01.000","8 Buick Way","98 RON","6,027","198.9","7-Eleven","7-Eleven Joondalup",JOONDALUP,"(blank)"
"FuelWatch WA","FuelWatchRetail-05-2026.csv","May 17, 2026 @ 10:00:00.000","May 18, 2026 @ 22:00:01.000","1 South St",ULP,"6,163","175.9","7-Eleven","7-Eleven Kardinya",KARDINYA,"(blank)"
"FuelWatch WA","FuelWatchRetail-05-2026.csv","May 17, 2026 @ 10:00:00.000","May 18, 2026 @ 22:00:01.000","1 South St",PULP,"6,163","190.9","7-Eleven","7-Eleven Kardinya",KARDINYA,"(blank)"
"FuelWatch WA","FuelWatchRetail-05-2026.csv","May 17, 2026 @ 10:00:00.000","May 18, 2026 @ 22:00:01.000","1969 Albany Hwy",ULP,"6,109","175.9","7-Eleven","7-Eleven Maddington South",MADDINGTON,"(blank)"
"FuelWatch WA","FuelWatchRetail-05-2026.csv","May 17, 2026 @ 10:00:00.000","May 18, 2026 @ 22:00:01.000","1969 Albany Hwy","98 RON","6,109","198.9","7-Eleven","7-Eleven Maddington South",MADDINGTON,"(blank)"
"FuelWatch WA","FuelWatchRetail-05-2026.csv","May 17, 2026 @ 10:00:00.000","May 18, 2026 @ 22:00:01.000","650 Marshall Rd",ULP,"6,090","175.9","7-Eleven","7-Eleven Malaga",MALAGA,"(blank)"
"FuelWatch WA","FuelWatchRetail-05-2026.csv","May 17, 2026 @ 10:00:00.000","May 18, 2026 @ 22:00:01.000","650 Marshall Rd","Brand Diesel","6,090","219.9","7-Eleven","7-Eleven Malaga",MALAGA,"(blank)"
"FuelWatch WA","FuelWatchRetail-05-2026.csv","May 17, 2026 @ 10:00:00.000","May 18, 2026 @ 22:00:01.000","324 The Broadway",PULP,"6,069","190.9","7-Eleven","7-Eleven Malvern Springs",ELLENBROOK,"(blank)"
"FuelWatch WA","FuelWatchRetail-05-2026.csv","May 17, 2026 @ 10:00:00.000","May 18, 2026 @ 22:00:01.000","324 The Broadway","98 RON","6,069","198.9","7-Eleven","7-Eleven Malvern Springs",ELLENBROOK,"(blank)"
"FuelWatch WA","FuelWatchRetail-05-2026.csv","May 17, 2026 @ 10:00:00.000","May 18, 2026 @ 22:00:01.000","296 Pinjarra Rd",PULP,"6,210","190.9","7-Eleven","7-Eleven Mandurah",MANDURAH,"(blank)"
"FuelWatch WA","FuelWatchRetail-05-2026.csv","May 17, 2026 @ 10:00:00.000","May 18, 2026 @ 22:00:01.000","296 Pinjarra Rd","98 RON","6,210","198.9","7-Eleven","7-Eleven Mandurah",MANDURAH,"(blank)"
"FuelWatch WA","FuelWatchRetail-05-2026.csv","May 17, 2026 @ 10:00:00.000","May 18, 2026 @ 22:00:01.000","40-42 Great Northern Hwy",ULP,"6,056","175.9","7-Eleven","7-Eleven Middle Swan","MIDDLE SWAN","(blank)"
"FuelWatch WA","FuelWatchRetail-05-2026.csv","May 17, 2026 @ 10:00:00.000","May 18, 2026 @ 22:00:01.000","40-42 Great Northern Hwy","Brand Diesel","6,056","229.9","7-Eleven","7-Eleven Middle Swan","MIDDLE SWAN","(blank)"
"FuelWatch WA","FuelWatchRetail-05-2026.csv","May 17, 2026 @ 10:00:00.000","May 18, 2026 @ 22:00:01.000","40-42 Great Northern Hwy","98 RON","6,056","198.9","7-Eleven","7-Eleven Middle Swan","MIDDLE SWAN","(blank)"
"FuelWatch WA","FuelWatchRetail-05-2026.csv","May 17, 2026 @ 10:00:00.000","May 18, 2026 @ 22:00:01.000","8 Clayton St",ULP,"6,056","175.9","7-Eleven","7-Eleven Midland",MIDLAND,"(blank)"
"FuelWatch WA","FuelWatchRetail-05-2026.csv","May 17, 2026 @ 10:00:00.000","May 18, 2026 @ 22:00:01.000","8 Clayton St","Brand Diesel","6,056","219.9","7-Eleven","7-Eleven Midland",MIDLAND,"(blank)"
"FuelWatch WA","FuelWatchRetail-05-2026.csv","May 17, 2026 @ 10:00:00.000","May 18, 2026 @ 22:00:01.000","162 Russell St",ULP,"6,062","175.9","7-Eleven","7-Eleven Morley",MORLEY,"(blank)"
"FuelWatch WA","FuelWatchRetail-05-2026.csv","May 17, 2026 @ 10:00:00.000","May 18, 2026 @ 22:00:01.000","162 Russell St","Brand Diesel","6,062","225.9","7-Eleven","7-Eleven Morley",MORLEY,"(blank)"
"FuelWatch WA","FuelWatchRetail-05-2026.csv","May 17, 2026 @ 10:00:00.000","May 18, 2026 @ 22:00:01.000","162 Russell St","98 RON","6,062","198.9","7-Eleven","7-Eleven Morley",MORLEY,"(blank)"
"FuelWatch WA","FuelWatchRetail-05-2026.csv","May 17, 2026 @ 10:00:00.000","May 18, 2026 @ 22:00:01.000","235 Welshpool Rd","Brand Diesel","6,107","224.9","7-Eleven","7-Eleven Queens Park","QUEENS PARK","(blank)"
"FuelWatch WA","FuelWatchRetail-05-2026.csv","May 17, 2026 @ 10:00:00.000","May 18, 2026 @ 22:00:01.000","129 Dixon Rd",ULP,"6,168","177.9","7-Eleven","7-Eleven Rockingham","EAST ROCKINGHAM","(blank)"
"FuelWatch WA","FuelWatchRetail-05-2026.csv","May 17, 2026 @ 10:00:00.000","May 18, 2026 @ 22:00:01.000","2 Sepia Ct","Brand Diesel","6,168","229.9","7-Eleven","7-Eleven Rockingham Central",ROCKINGHAM,"(blank)"
"FuelWatch WA","FuelWatchRetail-05-2026.csv","May 17, 2026 @ 10:00:00.000","May 18, 2026 @ 22:00:01.000","481 Balfour St",ULP,"6,110","176.9","7-Eleven","7-Eleven Southern River","SOUTHERN RIVER","(blank)"
"FuelWatch WA","FuelWatchRetail-05-2026.csv","May 17, 2026 @ 10:00:00.000","May 18, 2026 @ 22:00:01.000","377 Wanneroo Rd",ULP,"6,021","171.9","7-Eleven","7-Eleven Stirling",BALCATTA,"(blank)"
"FuelWatch WA","FuelWatchRetail-05-2026.csv","May 17, 2026 @ 10:00:00.000","May 18, 2026 @ 22:00:01.000","377 Wanneroo Rd",PULP,"6,021","186.9","7-Eleven","7-Eleven Stirling",BALCATTA,"(blank)"
"FuelWatch WA","FuelWatchRetail-05-2026.csv","May 17, 2026 @ 10:00:00.000","May 18, 2026 @ 22:00:01.000","377 Wanneroo Rd","98 RON","6,021","194.9","7-Eleven","7-Eleven Stirling",BALCATTA,"(blank)"
"FuelWatch WA","FuelWatchRetail-05-2026.csv","May 17, 2026 @ 10:00:00.000","May 18, 2026 @ 22:00:01.000","660 Beeliar Dr",ULP,"6,164","175.9","7-Eleven","7-Eleven Success",SUCCESS,"(blank)"
"FuelWatch WA","FuelWatchRetail-05-2026.csv","May 17, 2026 @ 10:00:00.000","May 18, 2026 @ 22:00:01.000","660 Beeliar Dr","Brand Diesel","6,164","219.9","7-Eleven","7-Eleven Success",SUCCESS,"(blank)"
"FuelWatch WA","FuelWatchRetail-05-2026.csv","May 17, 2026 @ 10:00:00.000","May 18, 2026 @ 22:00:01.000","125 Murdoch Rd",PULP,"6,108","188.9","7-Eleven","7-Eleven Thornlie",THORNLIE,"(blank)"
"FuelWatch WA","FuelWatchRetail-05-2026.csv","May 17, 2026 @ 10:00:00.000","May 18, 2026 @ 22:00:01.000","125 Murdoch Rd","98 RON","6,108","196.9","7-Eleven","7-Eleven Thornlie",THORNLIE,"(blank)"
"FuelWatch WA","FuelWatchRetail-05-2026.csv","May 17, 2026 @ 10:00:00.000","May 18, 2026 @ 22:00:01.000","147-149 Grand Ent",PULP,"6,233","194.9","7-Eleven","7-Eleven Treendale",AUSTRALIND,"(blank)"
"FuelWatch WA","FuelWatchRetail-05-2026.csv","May 17, 2026 @ 10:00:00.000","May 18, 2026 @ 22:00:01.000","147-149 Grand Ent","98 RON","6,233","202.9","7-Eleven","7-Eleven Treendale",AUSTRALIND,"(blank)"
"FuelWatch WA","FuelWatchRetail-05-2026.csv","May 17, 2026 @ 10:00:00.000","May 18, 2026 @ 22:00:01.000","2 Dunraven Rd",PULP,"6,037","194.9","7-Eleven","7-Eleven Two Rocks","TWO ROCKS","(blank)"
"FuelWatch WA","FuelWatchRetail-05-2026.csv","May 17, 2026 @ 10:00:00.000","May 18, 2026 @ 22:00:01.000","929-931 Wanneroo Rd","98 RON","6,065","196.9","7-Eleven","7-Eleven Wanneroo South",WANNEROO,"(blank)"
"FuelWatch WA","FuelWatchRetail-05-2026.csv","May 17, 2026 @ 10:00:00.000","May 18, 2026 @ 22:00:01.000","332 Hale Rd",ULP,"6,107","175.9","7-Eleven","7-Eleven Wattle Grove","WATTLE GROVE","(blank)"
"FuelWatch WA","FuelWatchRetail-05-2026.csv","May 17, 2026 @ 10:00:00.000","May 18, 2026 @ 22:00:01.000","332 Hale Rd","98 RON","6,107","198.9","7-Eleven","7-Eleven Wattle Grove","WATTLE GROVE","(blank)"
"FuelWatch WA","FuelWatchRetail-05-2026.csv","May 17, 2026 @ 10:00:00.000","May 18, 2026 @ 22:00:01.000","1 Island Queen St",ULP,"6,230","179.9","7-Eleven","7-Eleven Withers",WITHERS,"(blank)"
"FuelWatch WA","FuelWatchRetail-05-2026.csv","May 17, 2026 @ 10:00:00.000","May 18, 2026 @ 22:00:01.000","1 Island Queen St",PULP,"6,230","194.9","7-Eleven","7-Eleven Withers",WITHERS,"(blank)"
"FuelWatch WA","FuelWatchRetail-05-2026.csv","May 17, 2026 @ 10:00:00.000","May 18, 2026 @ 22:00:01.000","1 Island Queen St","Brand Diesel","6,230","229.9","7-Eleven","7-Eleven Withers",WITHERS,"(blank)"
"FuelWatch WA","FuelWatchRetail-05-2026.csv","May 17, 2026 @ 10:00:00.000","May 18, 2026 @ 22:00:01.000","2 Tamala Lane","Brand Diesel","6,035","225.9","7-Eleven","7-Eleven Yanchep",YANCHEP,"(blank)"
"FuelWatch WA","FuelWatchRetail-05-2026.csv","May 17, 2026 @ 10:00:00.000","May 18, 2026 @ 22:00:01.000","2 Tamala Lane","98 RON","6,035","200.9","7-Eleven","7-Eleven Yanchep",YANCHEP,"(blank)"
"FuelWatch WA","FuelWatchRetail-05-2026.csv","May 17, 2026 @ 10:00:00.000","May 18, 2026 @ 22:00:01.000","9522 Chester Pass Rd",ULP,"6,338","199.9",BP,"Amelup Service Station",AMELUP,"(blank)"
"FuelWatch WA","FuelWatchRetail-05-2026.csv","May 17, 2026 @ 10:00:00.000","May 18, 2026 @ 22:00:01.000","225-227 Albany Hwy",ULP,"6,330","179.9",FuelTech,"AMPM Highway","MOUNT MELVILLE","(blank)"
"FuelWatch WA","FuelWatchRetail-05-2026.csv","May 17, 2026 @ 10:00:00.000","May 18, 2026 @ 22:00:01.000","634 Menang Dr","Brand Diesel","6,330","232.9",Ampol,"Ampol Albany Diesel Stop",WILLYUNG,"(blank)"
"FuelWatch WA","FuelWatchRetail-05-2026.csv","May 17, 2026 @ 10:00:00.000","May 18, 2026 @ 22:00:01.000","5 Cocos Dr",Diesel,"6,163","220.9",Ampol,"Ampol Bibra Lake Diesel Stop","BIBRA LAKE","(blank)"
"FuelWatch WA","FuelWatchRetail-05-2026.csv","May 17, 2026 @ 10:00:00.000","May 18, 2026 @ 22:00:01.000","21 Coronation Dr",Diesel,"6,233","228.5",Ampol,"Ampol Binningup",BINNINGUP,"(blank)"
"FuelWatch WA","FuelWatchRetail-05-2026.csv","May 17, 2026 @ 10:00:00.000","May 18, 2026 @ 22:00:01.000","53 Emanuel Way",Diesel,"6,765","256.9",Ampol,"Ampol Fitzroy Crossing Diesel Stop","FITZROY CROSSING","(blank)"
"FuelWatch WA","FuelWatchRetail-05-2026.csv","May 17, 2026 @ 10:00:00.000","May 18, 2026 @ 22:00:01.000","159 Altone Rd","Brand Diesel","6,063","222.9",Ampol,"Ampol Foodary Altone Road",BEECHBORO,"(blank)"
"FuelWatch WA","FuelWatchRetail-05-2026.csv","May 17, 2026 @ 10:00:00.000","May 18, 2026 @ 22:00:01.000","918 Canning Hwy",ULP,"6,153","179.9",Ampol,"Ampol Foodary Applecross",APPLECROSS,"(blank)"
"FuelWatch WA","FuelWatchRetail-05-2026.csv","May 17, 2026 @ 10:00:00.000","May 18, 2026 @ 22:00:01.000","918 Canning Hwy","Brand Diesel","6,153","229.9",Ampol,"Ampol Foodary Applecross",APPLECROSS,"(blank)"
"FuelWatch WA","FuelWatchRetail-05-2026.csv","May 17, 2026 @ 10:00:00.000","May 18, 2026 @ 22:00:01.000","204 Great Eastern Hwy",ULP,"6,104","179.9",Ampol,"Ampol Foodary Ascot",ASCOT,"(blank)"
"FuelWatch WA","FuelWatchRetail-05-2026.csv","May 17, 2026 @ 10:00:00.000","May 18, 2026 @ 22:00:01.000","204 Great Eastern Hwy",PULP,"6,104","196.9",Ampol,"Ampol Foodary Ascot",ASCOT,"(blank)"
"FuelWatch WA","FuelWatchRetail-05-2026.csv","May 17, 2026 @ 10:00:00.000","May 18, 2026 @ 22:00:01.000","204 Great Eastern Hwy","Brand Diesel","6,104","229.9",Ampol,"Ampol Foodary Ascot",ASCOT,"(blank)"
"FuelWatch WA","FuelWatchRetail-05-2026.csv","May 17, 2026 @ 10:00:00.000","May 18, 2026 @ 22:00:01.000","2 Hollosy Way",ULP,"6,065","179.9",Ampol,"Ampol Foodary Ashby",ASHBY,"(blank)"
"FuelWatch WA","FuelWatchRetail-05-2026.csv","May 17, 2026 @ 10:00:00.000","May 18, 2026 @ 22:00:01.000","2 Hollosy Way","98 RON","6,065","206.9",Ampol,"Ampol Foodary Ashby",ASHBY,"(blank)"
"FuelWatch WA","FuelWatchRetail-05-2026.csv","May 17, 2026 @ 10:00:00.000","May 18, 2026 @ 22:00:01.000","614 Baldivis Rd","98 RON","6,171","206.9",Ampol,"Ampol Foodary Baldivis",BALDIVIS,"(blank)"
"FuelWatch WA","FuelWatchRetail-05-2026.csv","May 17, 2026 @ 10:00:00.000","May 18, 2026 @ 22:00:01.000","303 Great Eastern Hwy","Brand Diesel","6,104","229.9",Ampol,"Ampol Foodary Belmont",BELMONT,"(blank)"
"FuelWatch WA","FuelWatchRetail-05-2026.csv","May 17, 2026 @ 10:00:00.000","May 18, 2026 @ 22:00:01.000","91-93 Manning Rd",ULP,"6,102","179.9",Ampol,"Ampol Foodary Bentley",BENTLEY,"(blank)"
"FuelWatch WA","FuelWatchRetail-05-2026.csv","May 17, 2026 @ 10:00:00.000","May 18, 2026 @ 22:00:01.000","91-93 Manning Rd",PULP,"6,102","196.9",Ampol,"Ampol Foodary Bentley",BENTLEY,"(blank)"
"FuelWatch WA","FuelWatchRetail-05-2026.csv","May 17, 2026 @ 10:00:00.000","May 18, 2026 @ 22:00:01.000","91-93 Manning Rd","Brand Diesel","6,102","229.9",Ampol,"Ampol Foodary Bentley",BENTLEY,"(blank)"
"FuelWatch WA","FuelWatchRetail-05-2026.csv","May 17, 2026 @ 10:00:00.000","May 18, 2026 @ 22:00:01.000","91-93 Manning Rd","98 RON","6,102","206.9",Ampol,"Ampol Foodary Bentley",BENTLEY,"(blank)"
"FuelWatch WA","FuelWatchRetail-05-2026.csv","May 17, 2026 @ 10:00:00.000","May 18, 2026 @ 22:00:01.000","115 Strelly St","Brand Diesel","6,280","233.9",Ampol,"Ampol Foodary Busselton",BUSSELTON,"(blank)"
"FuelWatch WA","FuelWatchRetail-05-2026.csv","May 17, 2026 @ 10:00:00.000","May 18, 2026 @ 22:00:01.000","115 Strelly St","98 RON","6,280","208.9",Ampol,"Ampol Foodary Busselton",BUSSELTON,"(blank)"
"FuelWatch WA","FuelWatchRetail-05-2026.csv","May 17, 2026 @ 10:00:00.000","May 18, 2026 @ 22:00:01.000","11 Headingly Cr","98 RON","6,036","206.9",Ampol,"Ampol Foodary Butler",BUTLER,"(blank)"
"FuelWatch WA","FuelWatchRetail-05-2026.csv","May 17, 2026 @ 10:00:00.000","May 18, 2026 @ 22:00:01.000","1346 Albany Hwy",ULP,"6,107","179.9",Ampol,"Ampol Foodary Cannington",CANNINGTON,"(blank)"
"FuelWatch WA","FuelWatchRetail-05-2026.csv","May 17, 2026 @ 10:00:00.000","May 18, 2026 @ 22:00:01.000","1346 Albany Hwy","98 RON","6,107","206.9",Ampol,"Ampol Foodary Cannington",CANNINGTON,"(blank)"
"FuelWatch WA","FuelWatchRetail-05-2026.csv","May 17, 2026 @ 10:00:00.000","May 18, 2026 @ 22:00:01.000","510 Beach Rd",ULP,"6,020","179.9",Ampol,"Ampol Foodary Carine",CARINE,"(blank)"
"FuelWatch WA","FuelWatchRetail-05-2026.csv","May 17, 2026 @ 10:00:00.000","May 18, 2026 @ 22:00:01.000","510 Beach Rd","98 RON","6,020","206.9",Ampol,"Ampol Foodary Carine",CARINE,"(blank)"
"FuelWatch WA","FuelWatchRetail-05-2026.csv","May 17, 2026 @ 10:00:00.000","May 18, 2026 @ 22:00:01.000","595 Robinson St",ULP,"6,701","215.9",Ampol,"Ampol Foodary Carnarvon",KINGSFORD,"(blank)"
"FuelWatch WA","FuelWatchRetail-05-2026.csv","May 17, 2026 @ 10:00:00.000","May 18, 2026 @ 22:00:01.000","595 Robinson St",PULP,"6,701","232.9",Ampol,"Ampol Foodary Carnarvon",KINGSFORD,"(blank)"
"FuelWatch WA","FuelWatchRetail-05-2026.csv","May 17, 2026 @ 10:00:00.000","May 18, 2026 @ 22:00:01.000","7 Ocean Keys Bvd",PULP,"6,030","196.9",Ampol,"Ampol Foodary Clarkson",CLARKSON,"(blank)"
"FuelWatch WA","FuelWatchRetail-05-2026.csv","May 17, 2026 @ 10:00:00.000","May 18, 2026 @ 22:00:01.000","875 Beeliar Dr","Brand Diesel","6,164","225.9",Ampol,"Ampol Foodary Cockburn Central",JANDAKOT,"(blank)"
"FuelWatch WA","FuelWatchRetail-05-2026.csv","May 17, 2026 @ 10:00:00.000","May 18, 2026 @ 22:00:01.000","110-114 Bayley St",PULP,"6,429","236.9",Ampol,"Ampol Foodary Coolgardie",COOLGARDIE,"(blank)"
"FuelWatch WA","FuelWatchRetail-05-2026.csv","May 17, 2026 @ 10:00:00.000","May 18, 2026 @ 22:00:01.000","191 Bailey Bvd","Brand Diesel","6,211","229.9",Ampol,"Ampol Foodary Dawesville",DAWESVILLE,"(blank)"
"FuelWatch WA","FuelWatchRetail-05-2026.csv","May 17, 2026 @ 10:00:00.000","May 18, 2026 @ 22:00:01.000","191 Bailey Bvd","98 RON","6,211","206.9",Ampol,"Ampol Foodary Dawesville",DAWESVILLE,"(blank)"
"FuelWatch WA","FuelWatchRetail-05-2026.csv","May 17, 2026 @ 10:00:00.000","May 18, 2026 @ 22:00:01.000","176 Canning Hwy",ULP,"6,158","179.9",Ampol,"Ampol Foodary East Fremantle","EAST FREMANTLE","(blank)"
"FuelWatch WA","FuelWatchRetail-05-2026.csv","May 17, 2026 @ 10:00:00.000","May 18, 2026 @ 22:00:01.000","176 Canning Hwy",PULP,"6,158","196.9",Ampol,"Ampol Foodary East Fremantle","EAST FREMANTLE","(blank)"
"FuelWatch WA","FuelWatchRetail-05-2026.csv","May 17, 2026 @ 10:00:00.000","May 18, 2026 @ 22:00:01.000","157 Lord St",PULP,"6,000","196.9",Ampol,"Ampol Foodary East Perth",PERTH,"(blank)"
"FuelWatch WA","FuelWatchRetail-05-2026.csv","May 17, 2026 @ 10:00:00.000","May 18, 2026 @ 22:00:01.000","157 Lord St","Brand Diesel","6,000","226.9",Ampol,"Ampol Foodary East Perth",PERTH,"(blank)"
"FuelWatch WA","FuelWatchRetail-05-2026.csv","May 17, 2026 @ 10:00:00.000","May 18, 2026 @ 22:00:01.000","1 Pratt Rd",PULP,"6,232","196.9",Ampol,"Ampol Foodary Eaton",EATON,"(blank)"
"FuelWatch WA","FuelWatchRetail-05-2026.csv","May 17, 2026 @ 10:00:00.000","May 18, 2026 @ 22:00:01.000","1 Pratt Rd","Brand Diesel","6,232","232.9",Ampol,"Ampol Foodary Eaton",EATON,"(blank)"
"FuelWatch WA","FuelWatchRetail-05-2026.csv","May 17, 2026 @ 10:00:00.000","May 18, 2026 @ 22:00:01.000","77 Maidstone Cr",PULP,"6,707","247.9",Ampol,"Ampol Foodary Exmouth",EXMOUTH,"(blank)"
"FuelWatch WA","FuelWatchRetail-05-2026.csv","May 17, 2026 @ 10:00:00.000","May 18, 2026 @ 22:00:01.000","2 Baroy St",ULP,"6,210","179.9",Ampol,"Ampol Foodary Falcon (Miami Beach)",FALCON,"(blank)"
"FuelWatch WA","FuelWatchRetail-05-2026.csv","May 17, 2026 @ 10:00:00.000","May 18, 2026 @ 22:00:01.000","2 Baroy St",PULP,"6,210","196.9",Ampol,"Ampol Foodary Falcon (Miami Beach)",FALCON,"(blank)"
"FuelWatch WA","FuelWatchRetail-05-2026.csv","May 17, 2026 @ 10:00:00.000","May 18, 2026 @ 22:00:01.000","Lot 602 Forrest Hwy","98 RON","6,208","206.9",Ampol,"Ampol Foodary Forrest Highway North","WEST PINJARRA","(blank)"
"FuelWatch WA","FuelWatchRetail-05-2026.csv","May 17, 2026 @ 10:00:00.000","May 18, 2026 @ 22:00:01.000","Lot 601 Forrest Hwy",PULP,"6,208","196.9",Ampol,"Ampol Foodary Forrest Highway South","WEST PINJARRA","(blank)"
"FuelWatch WA","FuelWatchRetail-05-2026.csv","May 17, 2026 @ 10:00:00.000","May 18, 2026 @ 22:00:01.000","Lot 601 Forrest Hwy","Brand Diesel","6,208","229.9",Ampol,"Ampol Foodary Forrest Highway South","WEST PINJARRA","(blank)"
"FuelWatch WA","FuelWatchRetail-05-2026.csv","May 17, 2026 @ 10:00:00.000","May 18, 2026 @ 22:00:01.000","Lot 601 Forrest Hwy","98 RON","6,208","206.9",Ampol,"Ampol Foodary Forrest Highway South","WEST PINJARRA","(blank)"
"FuelWatch WA","FuelWatchRetail-05-2026.csv","May 17, 2026 @ 10:00:00.000","May 18, 2026 @ 22:00:01.000","63 Alex Wood Dr",Diesel,"6,112","220.9",Ampol,"Ampol Foodary Forrestdale",FORRESTDALE,"(blank)"
"FuelWatch WA","FuelWatchRetail-05-2026.csv","May 17, 2026 @ 10:00:00.000","May 18, 2026 @ 22:00:01.000","63 Alex Wood Dr","98 RON","6,112","206.9",Ampol,"Ampol Foodary Forrestdale",FORRESTDALE,"(blank)"
"FuelWatch WA","FuelWatchRetail-05-2026.csv","May 17, 2026 @ 10:00:00.000","May 18, 2026 @ 22:00:01.000","39 Bussell Hwy",Diesel,"6,230","232.9",Ampol,"Ampol Foodary Gelorup",GELORUP,"(blank)"
"FuelWatch WA","FuelWatchRetail-05-2026.csv","May 17, 2026 @ 10:00:00.000","May 18, 2026 @ 22:00:01.000","39 Bussell Hwy","98 RON","6,230","206.9",Ampol,"Ampol Foodary Gelorup",GELORUP,"(blank)"
"FuelWatch WA","FuelWatchRetail-05-2026.csv","May 17, 2026 @ 10:00:00.000","May 18, 2026 @ 22:00:01.000","2 Jon Sanders Dr",PULP,"6,016","196.9",Ampol,"Ampol Foodary Glendalough",GLENDALOUGH,"(blank)"
"FuelWatch WA","FuelWatchRetail-05-2026.csv","May 17, 2026 @ 10:00:00.000","May 18, 2026 @ 22:00:01.000","158 Corfield St","Brand Diesel","6,110","229.9",Ampol,"Ampol Foodary Gosnells",GOSNELLS,"(blank)"
"FuelWatch WA","FuelWatchRetail-05-2026.csv","May 17, 2026 @ 10:00:00.000","May 18, 2026 @ 22:00:01.000","2100 Albany Hwy",ULP,"6,110","179.9",Ampol,"Ampol Foodary Gosnells North",GOSNELLS,"(blank)"
"FuelWatch WA","FuelWatchRetail-05-2026.csv","May 17, 2026 @ 10:00:00.000","May 18, 2026 @ 22:00:01.000","2100 Albany Hwy","Brand Diesel","6,110","221.9",Ampol,"Ampol Foodary Gosnells North",GOSNELLS,"(blank)"
"FuelWatch WA","FuelWatchRetail-05-2026.csv","May 17, 2026 @ 10:00:00.000","May 18, 2026 @ 22:00:01.000","967-969 Abernethy Rd",ULP,"6,057","179.9",Ampol,"Ampol Foodary High Wycombe","HIGH WYCOMBE","(blank)"
"FuelWatch WA","FuelWatchRetail-05-2026.csv","May 17, 2026 @ 10:00:00.000","May 18, 2026 @ 22:00:01.000","967-969 Abernethy Rd",PULP,"6,057","196.9",Ampol,"Ampol Foodary High Wycombe","HIGH WYCOMBE","(blank)"
"FuelWatch WA","FuelWatchRetail-05-2026.csv","May 17, 2026 @ 10:00:00.000","May 18, 2026 @ 22:00:01.000","967-969 Abernethy Rd","Brand Diesel","6,057","217.9",Ampol,"Ampol Foodary High Wycombe","HIGH WYCOMBE","(blank)"
"FuelWatch WA","FuelWatchRetail-05-2026.csv","May 17, 2026 @ 10:00:00.000","May 18, 2026 @ 22:00:01.000","420 Joondalup Dr","98 RON","6,027","206.9",Ampol,"Ampol Foodary Joondalup",JOONDALUP,"(blank)"
"FuelWatch WA","FuelWatchRetail-05-2026.csv","May 17, 2026 @ 10:00:00.000","May 18, 2026 @ 22:00:01.000","581 Hannan St",ULP,"6,430","179.9",Ampol,"Ampol Foodary Kalgoorlie",SOMERVILLE,"(blank)"
"FuelWatch WA","FuelWatchRetail-05-2026.csv","May 17, 2026 @ 10:00:00.000","May 18, 2026 @ 22:00:01.000","581 Hannan St","Brand Diesel","6,430","235.9",Ampol,"Ampol Foodary Kalgoorlie",SOMERVILLE,"(blank)"
"FuelWatch WA","FuelWatchRetail-05-2026.csv","May 17, 2026 @ 10:00:00.000","May 18, 2026 @ 22:00:01.000","146 Boulder Rd",ULP,"6,430","179.9",Ampol,"Ampol Foodary Kalgoorlie South","SOUTH KALGOORLIE","(blank)"
"FuelWatch WA","FuelWatchRetail-05-2026.csv","May 17, 2026 @ 10:00:00.000","May 18, 2026 @ 22:00:01.000","146 Boulder Rd","Brand Diesel","6,430","235.9",Ampol,"Ampol Foodary Kalgoorlie South","SOUTH KALGOORLIE","(blank)"
"FuelWatch WA","FuelWatchRetail-05-2026.csv","May 17, 2026 @ 10:00:00.000","May 18, 2026 @ 22:00:01.000","Lot 3861 Bathgate Rd",PULP,"6,714","216.9",Ampol,"Ampol Foodary Karratha",NICKOL,"(blank)"
"FuelWatch WA","FuelWatchRetail-05-2026.csv","May 17, 2026 @ 10:00:00.000","May 18, 2026 @ 22:00:01.000","Lot 3861 Bathgate Rd","Brand Diesel","6,714","249.9",Ampol,"Ampol Foodary Karratha",NICKOL,"(blank)"
"FuelWatch WA","FuelWatchRetail-05-2026.csv","May 17, 2026 @ 10:00:00.000","May 18, 2026 @ 22:00:01.000","2 Fenton St","98 RON","6,105","206.9",Ampol,"Ampol Foodary Kewdale",KEWDALE,"(blank)"
"FuelWatch WA","FuelWatchRetail-05-2026.csv","May 17, 2026 @ 10:00:00.000","May 18, 2026 @ 22:00:01.000","86 Kingsley Dr",PULP,"6,026","196.9",Ampol,"Ampol Foodary Kingsley",KINGSLEY,"(blank)"
"FuelWatch WA","FuelWatchRetail-05-2026.csv","May 17, 2026 @ 10:00:00.000","May 18, 2026 @ 22:00:01.000","Cnr Mandurah Rd & Wellard Rd",Diesel,"6,167","202.9",Ampol,"Ampol Foodary Kwinana","KWINANA BEACH","(blank)"
"FuelWatch WA","FuelWatchRetail-05-2026.csv","May 17, 2026 @ 10:00:00.000","May 18, 2026 @ 22:00:01.000","Lot 50 Mandurah Rd",ULP,"6,210","179.9",Ampol,"Ampol Foodary Lakelands","MEADOW SPRINGS","(blank)"
"FuelWatch WA","FuelWatchRetail-05-2026.csv","May 17, 2026 @ 10:00:00.000","May 18, 2026 @ 22:00:01.000","Lot 50 Mandurah Rd",Diesel,"6,210","226.9",Ampol,"Ampol Foodary Lakelands","MEADOW SPRINGS","(blank)"
"FuelWatch WA","FuelWatchRetail-05-2026.csv","May 17, 2026 @ 10:00:00.000","May 18, 2026 @ 22:00:01.000","319 Vincent St","Brand Diesel","6,007","229.9",Ampol,"Ampol Foodary Leederville",LEEDERVILLE,"(blank)"
"FuelWatch WA","FuelWatchRetail-05-2026.csv","May 17, 2026 @ 10:00:00.000","May 18, 2026 @ 22:00:01.000","110 Ranford Rd",PULP,"6,155","196.9",Ampol,"Ampol Foodary Livingston","CANNING VALE","(blank)"
"FuelWatch WA","FuelWatchRetail-05-2026.csv","May 17, 2026 @ 10:00:00.000","May 18, 2026 @ 22:00:01.000","1 Capital Rd",ULP,"6,090","179.9",Ampol,"Ampol Foodary Malaga",MALAGA,"(blank)"
"FuelWatch WA","FuelWatchRetail-05-2026.csv","May 17, 2026 @ 10:00:00.000","May 18, 2026 @ 22:00:01.000","1 Capital Rd",PULP,"6,090","196.9",Ampol,"Ampol Foodary Malaga",MALAGA,"(blank)"
"FuelWatch WA","FuelWatchRetail-05-2026.csv","May 17, 2026 @ 10:00:00.000","May 18, 2026 @ 22:00:01.000","1 Capital Rd","Brand Diesel","6,090","228.9",Ampol,"Ampol Foodary Malaga",MALAGA,"(blank)"
"FuelWatch WA","FuelWatchRetail-05-2026.csv","May 17, 2026 @ 10:00:00.000","May 18, 2026 @ 22:00:01.000","76 Malaga Dr",PULP,"6,090","196.9",Ampol,"Ampol Foodary Malaga Drive",MALAGA,"(blank)"
"FuelWatch WA","FuelWatchRetail-05-2026.csv","May 17, 2026 @ 10:00:00.000","May 18, 2026 @ 22:00:01.000","585 Canning Hwy",ULP,"6,154","179.9",Ampol,"Ampol Foodary Melville","ALFRED COVE","(blank)"
"FuelWatch WA","FuelWatchRetail-05-2026.csv","May 17, 2026 @ 10:00:00.000","May 18, 2026 @ 22:00:01.000","585 Canning Hwy","Brand Diesel","6,154","227.9",Ampol,"Ampol Foodary Melville","ALFRED COVE","(blank)"
"FuelWatch WA","FuelWatchRetail-05-2026.csv","May 17, 2026 @ 10:00:00.000","May 18, 2026 @ 22:00:01.000","371 Great Eastern Hwy",ULP,"6,056","179.9",Ampol,"Ampol Foodary Midvale",MIDVALE,"(blank)"
"FuelWatch WA","FuelWatchRetail-05-2026.csv","May 17, 2026 @ 10:00:00.000","May 18, 2026 @ 22:00:01.000","371 Great Eastern Hwy",PULP,"6,056","196.9",Ampol,"Ampol Foodary Midvale",MIDVALE,"(blank)"
"FuelWatch WA","FuelWatchRetail-05-2026.csv","May 17, 2026 @ 10:00:00.000","May 18, 2026 @ 22:00:01.000","371 Great Eastern Hwy","98 RON","6,056","206.9",Ampol,"Ampol Foodary Midvale",MIDVALE,"(blank)"
"FuelWatch WA","FuelWatchRetail-05-2026.csv","May 17, 2026 @ 10:00:00.000","May 18, 2026 @ 22:00:01.000","676 Stirling Hwy",ULP,"6,012","179.9",Ampol,"Ampol Foodary Mosman Park","MOSMAN PARK","(blank)"
"FuelWatch WA","FuelWatchRetail-05-2026.csv","May 17, 2026 @ 10:00:00.000","May 18, 2026 @ 22:00:01.000","7 Broadway",PULP,"6,009","196.9",Ampol,"Ampol Foodary Nedlands",NEDLANDS,"(blank)"
"FuelWatch WA","FuelWatchRetail-05-2026.csv","May 17, 2026 @ 10:00:00.000","May 18, 2026 @ 22:00:01.000","Lot 1328 Newman Dr",ULP,"6,753","199.9",Ampol,"Ampol Foodary Newman",NEWMAN,"(blank)"
"FuelWatch WA","FuelWatchRetail-05-2026.csv","May 17, 2026 @ 10:00:00.000","May 18, 2026 @ 22:00:01.000","Lot 1328 Newman Dr","Brand Diesel","6,753","269.9",Ampol,"Ampol Foodary Newman",NEWMAN,"(blank)"
"FuelWatch WA","FuelWatchRetail-05-2026.csv","May 17, 2026 @ 10:00:00.000","May 18, 2026 @ 22:00:01.000","Lot 1328 Newman Dr","98 RON","6,753","226.9",Ampol,"Ampol Foodary Newman",NEWMAN,"(blank)"
"FuelWatch WA","FuelWatchRetail-05-2026.csv","May 17, 2026 @ 10:00:00.000","May 18, 2026 @ 22:00:01.000","1 Princep St",Diesel,"6,443","245.9",Ampol,"Ampol Foodary Norseman",NORSEMAN,"(blank)"
"FuelWatch WA","FuelWatchRetail-05-2026.csv","May 17, 2026 @ 10:00:00.000","May 18, 2026 @ 22:00:01.000","1 Princep St","Brand Diesel","6,443","248.9",Ampol,"Ampol Foodary Norseman",NORSEMAN,"(blank)"
"FuelWatch WA","FuelWatchRetail-05-2026.csv","May 17, 2026 @ 10:00:00.000","May 18, 2026 @ 22:00:01.000","204 North Rd",ULP,"6,330","185.9",Ampol,"Ampol Foodary North Road",YAKAMIA,"(blank)"
"FuelWatch WA","FuelWatchRetail-05-2026.csv","May 17, 2026 @ 10:00:00.000","May 18, 2026 @ 22:00:01.000","204 North Rd","Brand Diesel","6,330","233.9",Ampol,"Ampol Foodary North Road",YAKAMIA,"(blank)"
"FuelWatch WA","FuelWatchRetail-05-2026.csv","May 17, 2026 @ 10:00:00.000","May 18, 2026 @ 22:00:01.000","868 Pinjarra Rd","Brand Diesel","6,209","229.9",Ampol,"Ampol Foodary North Yunderup",FURNISSDALE,"(blank)"
"FuelWatch WA","FuelWatchRetail-05-2026.csv","May 17, 2026 @ 10:00:00.000","May 18, 2026 @ 22:00:01.000","868 Pinjarra Rd","98 RON","6,209","206.9",Ampol,"Ampol Foodary North Yunderup",FURNISSDALE,"(blank)"
"FuelWatch WA","FuelWatchRetail-05-2026.csv","May 17, 2026 @ 10:00:00.000","May 18, 2026 @ 22:00:01.000","391 Wanneroo Rd",ULP,"6,021","179.9",Ampol,"Ampol Foodary Northlands",BALCATTA,"(blank)"
"FuelWatch WA","FuelWatchRetail-05-2026.csv","May 17, 2026 @ 10:00:00.000","May 18, 2026 @ 22:00:01.000","391 Wanneroo Rd","Brand Diesel","6,021","225.9",Ampol,"Ampol Foodary Northlands",BALCATTA,"(blank)"
"FuelWatch WA","FuelWatchRetail-05-2026.csv","May 17, 2026 @ 10:00:00.000","May 18, 2026 @ 22:00:01.000","391 Wanneroo Rd","98 RON","6,021","206.9",Ampol,"Ampol Foodary Northlands",BALCATTA,"(blank)"
"FuelWatch WA","FuelWatchRetail-05-2026.csv","May 17, 2026 @ 10:00:00.000","May 18, 2026 @ 22:00:01.000","309 Stock Rd",ULP,"6,163","179.9",Ampol,"Ampol Foodary O'Connor","O'CONNOR","(blank)"
"FuelWatch WA","FuelWatchRetail-05-2026.csv","May 17, 2026 @ 10:00:00.000","May 18, 2026 @ 22:00:01.000","309 Stock Rd",PULP,"6,163","196.9",Ampol,"Ampol Foodary O'Connor","O'CONNOR","(blank)"
"FuelWatch WA","FuelWatchRetail-05-2026.csv","May 17, 2026 @ 10:00:00.000","May 18, 2026 @ 22:00:01.000","309 Stock Rd","Brand Diesel","6,163","229.9",Ampol,"Ampol Foodary O'Connor","O'CONNOR","(blank)"
"FuelWatch WA","FuelWatchRetail-05-2026.csv","May 17, 2026 @ 10:00:00.000","May 18, 2026 @ 22:00:01.000","309 Stock Rd","98 RON","6,163","206.9",Ampol,"Ampol Foodary O'Connor","O'CONNOR","(blank)"
"FuelWatch WA","FuelWatchRetail-05-2026.csv","May 17, 2026 @ 10:00:00.000","May 18, 2026 @ 22:00:01.000","111 Great Eastern Hwy","98 RON","6,103","206.9",Ampol,"Ampol Foodary Rivervale",RIVERVALE,"(blank)"
"FuelWatch WA","FuelWatchRetail-05-2026.csv","May 17, 2026 @ 10:00:00.000","May 18, 2026 @ 22:00:01.000","29 Dixon Rd",PULP,"6,168","196.9",Ampol,"Ampol Foodary Rockingham",ROCKINGHAM,"(blank)"
"FuelWatch WA","FuelWatchRetail-05-2026.csv","May 17, 2026 @ 10:00:00.000","May 18, 2026 @ 22:00:01.000","29 Dixon Rd","Brand Diesel","6,168","229.9",Ampol,"Ampol Foodary Rockingham",ROCKINGHAM,"(blank)"
"FuelWatch WA","FuelWatchRetail-05-2026.csv","May 17, 2026 @ 10:00:00.000","May 18, 2026 @ 22:00:01.000","29 Dixon Rd","98 RON","6,168","206.9",Ampol,"Ampol Foodary Rockingham",ROCKINGHAM,"(blank)"
"FuelWatch WA","FuelWatchRetail-05-2026.csv","May 17, 2026 @ 10:00:00.000","May 18, 2026 @ 22:00:01.000","420 Secret Harbour Bvd","Brand Diesel","6,173","219.9",Ampol,"Ampol Foodary Secret Harbour","SECRET HARBOUR","(blank)"
"FuelWatch WA","FuelWatchRetail-05-2026.csv","May 17, 2026 @ 10:00:00.000","May 18, 2026 @ 22:00:01.000","67 Hamilton Rd",PULP,"6,722","233.9",Ampol,"Ampol Foodary South Hedland","SOUTH HEDLAND","(blank)"
"FuelWatch WA","FuelWatchRetail-05-2026.csv","May 17, 2026 @ 10:00:00.000","May 18, 2026 @ 22:00:01.000","67 Hamilton Rd","98 RON","6,722","243.9",Ampol,"Ampol Foodary South Hedland","SOUTH HEDLAND","(blank)"
"FuelWatch WA","FuelWatchRetail-05-2026.csv","May 17, 2026 @ 10:00:00.000","May 18, 2026 @ 22:00:01.000","2 Omeo St","98 RON","6,164","206.9",Ampol,"Ampol Foodary South Lake","SOUTH LAKE","(blank)"
"FuelWatch WA","FuelWatchRetail-05-2026.csv","May 17, 2026 @ 10:00:00.000","May 18, 2026 @ 22:00:01.000","240 Toodyay Rd",ULP,"6,056","179.9",Ampol,"Ampol Foodary Stratton",STRATTON,"(blank)"
"FuelWatch WA","FuelWatchRetail-05-2026.csv","May 17, 2026 @ 10:00:00.000","May 18, 2026 @ 22:00:01.000","240 Toodyay Rd","98 RON","6,056","206.9",Ampol,"Ampol Foodary Stratton",STRATTON,"(blank)"
"FuelWatch WA","FuelWatchRetail-05-2026.csv","May 17, 2026 @ 10:00:00.000","May 18, 2026 @ 22:00:01.000","194 Rokeby Rd",ULP,"6,008","179.9",Ampol,"Ampol Foodary Subiaco",SUBIACO,"(blank)"
"FuelWatch WA","FuelWatchRetail-05-2026.csv","May 17, 2026 @ 10:00:00.000","May 18, 2026 @ 22:00:01.000","194 Rokeby Rd","Brand Diesel","6,008","229.9",Ampol,"Ampol Foodary Subiaco",SUBIACO,"(blank)"
"FuelWatch WA","FuelWatchRetail-05-2026.csv","May 17, 2026 @ 10:00:00.000","May 18, 2026 @ 22:00:01.000","194 Rokeby Rd","98 RON","6,008","206.9",Ampol,"Ampol Foodary Subiaco",SUBIACO,"(blank)"
"FuelWatch WA","FuelWatchRetail-05-2026.csv","May 17, 2026 @ 10:00:00.000","May 18, 2026 @ 22:00:01.000","316 Spencer Rd",ULP,"6,108","179.9",Ampol,"Ampol Foodary Thornlie Square",THORNLIE,"(blank)"
"FuelWatch WA","FuelWatchRetail-05-2026.csv","May 17, 2026 @ 10:00:00.000","May 18, 2026 @ 22:00:01.000","79 Buckingham Dr","98 RON","6,065","206.9",Ampol,"Ampol Foodary Wangara",WANGARA,"(blank)"
"FuelWatch WA","FuelWatchRetail-05-2026.csv","May 17, 2026 @ 10:00:00.000","May 18, 2026 @ 22:00:01.000","56 Albany Hwy","Brand Diesel","6,391","239.9",Ampol,"Ampol Foodary Williams",WILLIAMS,"(blank)"
"FuelWatch WA","FuelWatchRetail-05-2026.csv","May 17, 2026 @ 10:00:00.000","May 18, 2026 @ 22:00:01.000","56 Albany Hwy","98 RON","6,391","218.9",Ampol,"Ampol Foodary Williams",WILLIAMS,"(blank)"
"FuelWatch WA","FuelWatchRetail-05-2026.csv","May 17, 2026 @ 10:00:00.000","May 18, 2026 @ 22:00:01.000","40 North West Coastal Hwy",PULP,"6,530","194.9",Ampol,"Ampol Foodary Wonthella",WONTHELLA,"(blank)"
"FuelWatch WA","FuelWatchRetail-05-2026.csv","May 17, 2026 @ 10:00:00.000","May 18, 2026 @ 22:00:01.000","40 North West Coastal Hwy","Brand Diesel","6,530","227.9",Ampol,"Ampol Foodary Wonthella",WONTHELLA,"(blank)"
"FuelWatch WA","FuelWatchRetail-05-2026.csv","May 17, 2026 @ 10:00:00.000","May 18, 2026 @ 22:00:01.000","40 North West Coastal Hwy","98 RON","6,530","204.9",Ampol,"Ampol Foodary Wonthella",WONTHELLA,"(blank)"
"FuelWatch WA","FuelWatchRetail-05-2026.csv","May 17, 2026 @ 10:00:00.000","May 18, 2026 @ 22:00:01.000","1 Morwell St",PULP,"6,035","196.9",Ampol,"Ampol Foodary Yanchep",YANCHEP,"(blank)"
"FuelWatch WA","FuelWatchRetail-05-2026.csv","May 17, 2026 @ 10:00:00.000","May 18, 2026 @ 22:00:01.000","2 Cunningham Rd","Brand Diesel","6,430","242.9",Ampol,"Ampol Kalgoorlie Diesel Stop","WEST KALGOORLIE","(blank)"
"FuelWatch WA","FuelWatchRetail-05-2026.csv","May 17, 2026 @ 10:00:00.000","May 18, 2026 @ 22:00:01.000","Mine Rd",Diesel,"6,751","259.9",Ampol,"Ampol Tom Price Diesel Stop","TOM PRICE","(blank)"
"FuelWatch WA","FuelWatchRetail-05-2026.csv","May 17, 2026 @ 10:00:00.000","May 18, 2026 @ 22:00:01.000","12-14 Cajarina Rd",ULP,"6,721","212.9",Ampol,"Ampol Wedgefield Diesel Stop",WEDGEFIELD,"(blank)"
"FuelWatch WA","FuelWatchRetail-05-2026.csv","May 17, 2026 @ 10:00:00.000","May 18, 2026 @ 22:00:01.000","12-14 Cajarina Rd","Brand Diesel","6,721","252.9",Ampol,"Ampol Wedgefield Diesel Stop",WEDGEFIELD,"(blank)"
"FuelWatch WA","FuelWatchRetail-05-2026.csv","May 17, 2026 @ 10:00:00.000","May 18, 2026 @ 22:00:01.000","26 Davis St",PULP,"6,432","207.9",Astron,"Astron Boulder Kalgoorlie",BOULDER,"(blank)"
"FuelWatch WA","FuelWatchRetail-05-2026.csv","May 17, 2026 @ 10:00:00.000","May 18, 2026 @ 22:00:01.000","26 Davis St","98 RON","6,432","219.9",Astron,"Astron Boulder Kalgoorlie",BOULDER,"(blank)"
"FuelWatch WA","FuelWatchRetail-05-2026.csv","May 17, 2026 @ 10:00:00.000","May 18, 2026 @ 22:00:01.000","2038 Wanneroo Rd",ULP,"6,031","175.9",Astron,"Astron Neerabup",NEERABUP,"(blank)"
"FuelWatch WA","FuelWatchRetail-05-2026.csv","May 17, 2026 @ 10:00:00.000","May 18, 2026 @ 22:00:01.000","2038 Wanneroo Rd",PULP,"6,031","189.9",Astron,"Astron Neerabup",NEERABUP,"(blank)"
"FuelWatch WA","FuelWatchRetail-05-2026.csv","May 17, 2026 @ 10:00:00.000","May 18, 2026 @ 22:00:01.000","121 Quinns Rd",Diesel,"6,030","207.5",Astron,"Astron Quinns Rocks","QUINNS ROCKS","(blank)"
"FuelWatch WA","FuelWatchRetail-05-2026.csv","May 17, 2026 @ 10:00:00.000","May 18, 2026 @ 22:00:01.000","121 Quinns Rd",LPG,"6,030","145.9",Astron,"Astron Quinns Rocks","QUINNS ROCKS","(blank)"
"FuelWatch WA","FuelWatchRetail-05-2026.csv","May 17, 2026 @ 10:00:00.000","May 18, 2026 @ 22:00:01.000","Cnr Great Eastern Hwy & Yilgarn Ave","Brand Diesel","6,401","217.7",Atlas,"Atlas Fresh Trading Co Northam",MALABAINE,"(blank)"
"FuelWatch WA","FuelWatchRetail-05-2026.csv","May 17, 2026 @ 10:00:00.000","May 18, 2026 @ 22:00:01.000","472 Great Eastern Hwy",ULP,"6,104","169.5",Atlas,"Atlas Fuel Ascot",ASCOT,"(blank)"
"FuelWatch WA","FuelWatchRetail-05-2026.csv","May 17, 2026 @ 10:00:00.000","May 18, 2026 @ 22:00:01.000","472 Great Eastern Hwy",PULP,"6,104","181.5",Atlas,"Atlas Fuel Ascot",ASCOT,"(blank)"
"FuelWatch WA","FuelWatchRetail-05-2026.csv","May 17, 2026 @ 10:00:00.000","May 18, 2026 @ 22:00:01.000","472 Great Eastern Hwy","98 RON","6,104","189.9",Atlas,"Atlas Fuel Ascot",ASCOT,"(blank)"
"FuelWatch WA","FuelWatchRetail-05-2026.csv","May 17, 2026 @ 10:00:00.000","May 18, 2026 @ 22:00:01.000","40 Bennett St",ULP,"6,055","171.8",Atlas,"Atlas Fuel Caversham",CAVERSHAM,"(blank)"
"FuelWatch WA","FuelWatchRetail-05-2026.csv","May 17, 2026 @ 10:00:00.000","May 18, 2026 @ 22:00:01.000","121-125 Ridley St",ULP,"6,311","189.9",Atlas,"Atlas Fuel Cuballing",CUBALLING,"(blank)"
"FuelWatch WA","FuelWatchRetail-05-2026.csv","May 17, 2026 @ 10:00:00.000","May 18, 2026 @ 22:00:01.000","12 Antsey Rd",Diesel,"6,112","198.9",Atlas,"Atlas Fuel Forrestdale",FORRESTDALE,"(blank)"
"FuelWatch WA","FuelWatchRetail-05-2026.csv","May 17, 2026 @ 10:00:00.000","May 18, 2026 @ 22:00:01.000","12 Antsey Rd","Brand Diesel","6,112","201.9",Atlas,"Atlas Fuel Forrestdale",FORRESTDALE,"(blank)"
"FuelWatch WA","FuelWatchRetail-05-2026.csv","May 17, 2026 @ 10:00:00.000","May 18, 2026 @ 22:00:01.000","12 Antsey Rd","98 RON","6,112","189.9",Atlas,"Atlas Fuel Forrestdale",FORRESTDALE,"(blank)"
"FuelWatch WA","FuelWatchRetail-05-2026.csv","May 17, 2026 @ 10:00:00.000","May 18, 2026 @ 22:00:01.000","184 North West Coastal Hwy",Diesel,"6,530","222.9",Atlas,"Atlas Fuel Geraldton",WONTHELLA,"(blank)"
"FuelWatch WA","FuelWatchRetail-05-2026.csv","May 17, 2026 @ 10:00:00.000","May 18, 2026 @ 22:00:01.000","2 Aurea Bvd",ULP,"6,174","171.5",Atlas,"Atlas Fuel Golden Bay","GOLDEN BAY","(blank)"
"FuelWatch WA","FuelWatchRetail-05-2026.csv","May 17, 2026 @ 10:00:00.000","May 18, 2026 @ 22:00:01.000","2 Aurea Bvd",Diesel,"6,174","201.5",Atlas,"Atlas Fuel Golden Bay","GOLDEN BAY","(blank)"
"FuelWatch WA","FuelWatchRetail-05-2026.csv","May 17, 2026 @ 10:00:00.000","May 18, 2026 @ 22:00:01.000","2 Aurea Bvd","Brand Diesel","6,174","204.5",Atlas,"Atlas Fuel Golden Bay","GOLDEN BAY","(blank)"
"FuelWatch WA","FuelWatchRetail-05-2026.csv","May 17, 2026 @ 10:00:00.000","May 18, 2026 @ 22:00:01.000","1 Mandurah Rd",Diesel,"6,167","198.9",Atlas,"Atlas Fuel Kwinana","KWINANA BEACH","(blank)"
"FuelWatch WA","FuelWatchRetail-05-2026.csv","May 17, 2026 @ 10:00:00.000","May 18, 2026 @ 22:00:01.000","1 Mandurah Rd","Brand Diesel","6,167","201.9",Atlas,"Atlas Fuel Kwinana","KWINANA BEACH","(blank)"
"FuelWatch WA","FuelWatchRetail-05-2026.csv","May 17, 2026 @ 10:00:00.000","May 18, 2026 @ 22:00:01.000","46 Midlands Rd",Diesel,"6,522","235.9",Atlas,"Atlas Fuel Mingenew",MINGENEW,"(blank)"
"FuelWatch WA","FuelWatchRetail-05-2026.csv","May 17, 2026 @ 10:00:00.000","May 18, 2026 @ 22:00:01.000","10895 Great Eastern Hwy",ULP,"6,074","173.5",Atlas,"Atlas Fuel Sawyers Valley","SAWYERS VALLEY","(blank)"
"FuelWatch WA","FuelWatchRetail-05-2026.csv","May 17, 2026 @ 10:00:00.000","May 18, 2026 @ 22:00:01.000","10895 Great Eastern Hwy",Diesel,"6,074","219.9",Atlas,"Atlas Fuel Sawyers Valley","SAWYERS VALLEY","(blank)"
"FuelWatch WA","FuelWatchRetail-05-2026.csv","May 17, 2026 @ 10:00:00.000","May 18, 2026 @ 22:00:01.000","10895 Great Eastern Hwy","98 RON","6,074","195.9",Atlas,"Atlas Fuel Sawyers Valley","SAWYERS VALLEY","(blank)"
"FuelWatch WA","FuelWatchRetail-05-2026.csv","May 17, 2026 @ 10:00:00.000","May 18, 2026 @ 22:00:01.000","177 O'Connor Rd","98 RON","6,056","193.9",Atlas,"Atlas Fuel Stratton",STRATTON,"(blank)"
"FuelWatch WA","FuelWatchRetail-05-2026.csv","May 17, 2026 @ 10:00:00.000","May 18, 2026 @ 22:00:01.000","223 Yale Rd","98 RON","6,108","194.9",Atlas,"Atlas Fuel Thornlie",THORNLIE,"(blank)"
"FuelWatch WA","FuelWatchRetail-05-2026.csv","May 17, 2026 @ 10:00:00.000","May 18, 2026 @ 22:00:01.000","951 Wanneroo Rd","98 RON","6,065","194.9",Atlas,"Atlas Fuel Wanneroo",WANNEROO,"(blank)"
"FuelWatch WA","FuelWatchRetail-05-2026.csv","May 17, 2026 @ 10:00:00.000","May 18, 2026 @ 22:00:01.000","36 Welshpool Rd",PULP,"6,106","189.9",Atlas,"Atlas Fuel Welshpool",WELSHPOOL,"(blank)"
"FuelWatch WA","FuelWatchRetail-05-2026.csv","May 17, 2026 @ 10:00:00.000","May 18, 2026 @ 22:00:01.000","Lot 84 Great Northern Hwy",ULP,"6,751","213.9",Shell,"Auski Roadhouse",KARIJINI,"(blank)"
"FuelWatch WA","FuelWatchRetail-05-2026.csv","May 17, 2026 @ 10:00:00.000","May 18, 2026 @ 22:00:01.000","Lot 84 Great Northern Hwy",Diesel,"6,751","269.9",Shell,"Auski Roadhouse",KARIJINI,"(blank)"
"FuelWatch WA","FuelWatchRetail-05-2026.csv","May 17, 2026 @ 10:00:00.000","May 18, 2026 @ 22:00:01.000","2 Meagher Dr","98 RON","6,521","229.9",Independent,"Badgingarra Roadhouse & Tourist Park",BADGINGARRA,"(blank)"
"FuelWatch WA","FuelWatchRetail-05-2026.csv","May 17, 2026 @ 10:00:00.000","May 18, 2026 @ 22:00:01.000","46458 South Coast Hwy",ULP,"6,330",189,Liberty,"Bakers Food and Fuel","KING RIVER","(blank)"
"FuelWatch WA","FuelWatchRetail-05-2026.csv","May 17, 2026 @ 10:00:00.000","May 18, 2026 @ 22:00:01.000","46458 South Coast Hwy",Diesel,"6,330",232,Liberty,"Bakers Food and Fuel","KING RIVER","(blank)"
"FuelWatch WA","FuelWatchRetail-05-2026.csv","May 17, 2026 @ 10:00:00.000","May 18, 2026 @ 22:00:01.000","25 Preston St",ULP,"6,152","176.5","Better Choice","Better Choice Como",COMO,"(blank)"
"FuelWatch WA","FuelWatchRetail-05-2026.csv","May 17, 2026 @ 10:00:00.000","May 18, 2026 @ 22:00:01.000","25 Preston St",PULP,"6,152","193.5","Better Choice","Better Choice Como",COMO,"(blank)"
"FuelWatch WA","FuelWatchRetail-05-2026.csv","May 17, 2026 @ 10:00:00.000","May 18, 2026 @ 22:00:01.000","21 Edgewater Dr",ULP,"6,027","176.5","Better Choice","Better Choice Edgewater",EDGEWATER,"(blank)"
"FuelWatch WA","FuelWatchRetail-05-2026.csv","May 17, 2026 @ 10:00:00.000","May 18, 2026 @ 22:00:01.000","21 Edgewater Dr",Diesel,"6,027","219.5","Better Choice","Better Choice Edgewater",EDGEWATER,"(blank)"
"FuelWatch WA","FuelWatchRetail-05-2026.csv","May 17, 2026 @ 10:00:00.000","May 18, 2026 @ 22:00:01.000","12440 Bussell Hwy",Diesel,"6,288","239.5","Better Choice","Better Choice Karridale Roadhouse",KARRIDALE,"(blank)"
"FuelWatch WA","FuelWatchRetail-05-2026.csv","May 17, 2026 @ 10:00:00.000","May 18, 2026 @ 22:00:01.000","3 Carson Rd",Diesel,"6,090","215.9","Better Choice","Better Choice Malaga",MALAGA,"(blank)"
"FuelWatch WA","FuelWatchRetail-05-2026.csv","May 17, 2026 @ 10:00:00.000","May 18, 2026 @ 22:00:01.000","211 Bussell Hwy",PULP,"6,285","206.5","Better Choice","Better Choice Margaret River","MARGARET RIVER","(blank)"
"FuelWatch WA","FuelWatchRetail-05-2026.csv","May 17, 2026 @ 10:00:00.000","May 18, 2026 @ 22:00:01.000","211 Bussell Hwy",Diesel,"6,285","238.5","Better Choice","Better Choice Margaret River","MARGARET RIVER","(blank)"
"FuelWatch WA","FuelWatchRetail-05-2026.csv","May 17, 2026 @ 10:00:00.000","May 18, 2026 @ 22:00:01.000","211 Bussell Hwy",LPG,"6,285","179.5","Better Choice","Better Choice Margaret River","MARGARET RIVER","(blank)"
"FuelWatch WA","FuelWatchRetail-05-2026.csv","May 17, 2026 @ 10:00:00.000","May 18, 2026 @ 22:00:01.000","West Coastal Hwy",ULP,"6,701","235.9","Better Choice","Better Choice Minilya Bridge Road House",MINILYA,"(blank)"
"FuelWatch WA","FuelWatchRetail-05-2026.csv","May 17, 2026 @ 10:00:00.000","May 18, 2026 @ 22:00:01.000","West Coastal Hwy",Diesel,"6,701","289.9","Better Choice","Better Choice Minilya Bridge Road House",MINILYA,"(blank)"
"FuelWatch WA","FuelWatchRetail-05-2026.csv","May 17, 2026 @ 10:00:00.000","May 18, 2026 @ 22:00:01.000","West Coastal Hwy","98 RON","6,701","259.9","Better Choice","Better Choice Minilya Bridge Road House",MINILYA,"(blank)"
"FuelWatch WA","FuelWatchRetail-05-2026.csv","May 17, 2026 @ 10:00:00.000","May 18, 2026 @ 22:00:01.000","150 Wanneroo Rd",PULP,"6,060","192.5","Better Choice","Better Choice Tuart Hill","TUART HILL","(blank)"
"FuelWatch WA","FuelWatchRetail-05-2026.csv","May 17, 2026 @ 10:00:00.000","May 18, 2026 @ 22:00:01.000","150 Wanneroo Rd",Diesel,"6,060","219.5","Better Choice","Better Choice Tuart Hill","TUART HILL","(blank)"
"FuelWatch WA","FuelWatchRetail-05-2026.csv","May 17, 2026 @ 10:00:00.000","May 18, 2026 @ 22:00:01.000","150 Wanneroo Rd","98 RON","6,060","201.5","Better Choice","Better Choice Tuart Hill","TUART HILL","(blank)"
"FuelWatch WA","FuelWatchRetail-05-2026.csv","May 17, 2026 @ 10:00:00.000","May 18, 2026 @ 22:00:01.000","Lot 1 Tourist Dr 354",Diesel,"6,701","299.9","Better Choice","Better Choice Wooramel",WOORAMEL,"(blank)"
"FuelWatch WA","FuelWatchRetail-05-2026.csv","May 17, 2026 @ 10:00:00.000","May 18, 2026 @ 22:00:01.000","149 Vincent St",Diesel,"6,304","239.7",Liberty,"Beverley Dome Roadhouse",BEVERLEY,"(blank)"
"FuelWatch WA","FuelWatchRetail-05-2026.csv","May 17, 2026 @ 10:00:00.000","May 18, 2026 @ 22:00:01.000","Lot 85 Bidyadanga Rd Bidyadanga Community",Diesel,"6,725",302,Independent,"Bidyadanga Store",LAGRANGE,"(blank)"
"FuelWatch WA","FuelWatchRetail-05-2026.csv","May 17, 2026 @ 10:00:00.000","May 18, 2026 @ 22:00:01.000","Lot 2 North West Coastal Hwy",ULP,"6,532","193.9",Independent,"Billabong Roadhouse",MEADOW,"(blank)"
"FuelWatch WA","FuelWatchRetail-05-2026.csv","May 17, 2026 @ 10:00:00.000","May 18, 2026 @ 22:00:01.000","Lot 2 North West Coastal Hwy",Diesel,"6,532","219.9",Independent,"Billabong Roadhouse",MEADOW,"(blank)"
"FuelWatch WA","FuelWatchRetail-05-2026.csv","May 17, 2026 @ 10:00:00.000","May 18, 2026 @ 22:00:01.000","80 Old Coast Rd",PULP,"6,233","194.9",BP,"BP 2go Australind",AUSTRALIND,"(blank)"
"FuelWatch WA","FuelWatchRetail-05-2026.csv","May 17, 2026 @ 10:00:00.000","May 18, 2026 @ 22:00:01.000","59 Great Eastern Hwy",ULP,"6,056","189.9",BP,"BP 2go Bellevue",BELLEVUE,"(blank)"
"FuelWatch WA","FuelWatchRetail-05-2026.csv","May 17, 2026 @ 10:00:00.000","May 18, 2026 @ 22:00:01.000","69 Pinetree Gully Rd","98 RON","6,155","201.9",BP,"BP 2go Burrendah",WILLETTON,"(blank)"
"FuelWatch WA","FuelWatchRetail-05-2026.csv","May 17, 2026 @ 10:00:00.000","May 18, 2026 @ 22:00:01.000","1443 Albany Hwy",ULP,"6,107","176.9",BP,"BP 2go Cannington",CANNINGTON,"(blank)"
"FuelWatch WA","FuelWatchRetail-05-2026.csv","May 17, 2026 @ 10:00:00.000","May 18, 2026 @ 22:00:01.000","1443 Albany Hwy",PULP,"6,107","191.9",BP,"BP 2go Cannington",CANNINGTON,"(blank)"
"FuelWatch WA","FuelWatchRetail-05-2026.csv","May 17, 2026 @ 10:00:00.000","May 18, 2026 @ 22:00:01.000","1443 Albany Hwy","Brand Diesel","6,107","219.9",BP,"BP 2go Cannington",CANNINGTON,"(blank)"
"FuelWatch WA","FuelWatchRetail-05-2026.csv","May 17, 2026 @ 10:00:00.000","May 18, 2026 @ 22:00:01.000","228 Morrison Rd",ULP,"6,056","173.9",BP,"BP 2go Morrison Road",MIDVALE,"(blank)"
"FuelWatch WA","FuelWatchRetail-05-2026.csv","May 17, 2026 @ 10:00:00.000","May 18, 2026 @ 22:00:01.000","228 Morrison Rd",Diesel,"6,056","222.9",BP,"BP 2go Morrison Road",MIDVALE,"(blank)"
"FuelWatch WA","FuelWatchRetail-05-2026.csv","May 17, 2026 @ 10:00:00.000","May 18, 2026 @ 22:00:01.000","183-187 Mandurah Tce",ULP,"6,210","176.9",BP,"BP 2go Silver Sands",MANDURAH,"(blank)"
"FuelWatch WA","FuelWatchRetail-05-2026.csv","May 17, 2026 @ 10:00:00.000","May 18, 2026 @ 22:00:01.000","35 Albany Hwy",Diesel,"6,330","219.9",BP,"BP Allway",ALBANY,"(blank)"
"FuelWatch WA","FuelWatchRetail-05-2026.csv","May 17, 2026 @ 10:00:00.000","May 18, 2026 @ 22:00:01.000","35 Albany Hwy","98 RON","6,330","203.9",BP,"BP Allway",ALBANY,"(blank)"
"FuelWatch WA","FuelWatchRetail-05-2026.csv","May 17, 2026 @ 10:00:00.000","May 18, 2026 @ 22:00:01.000","848 Canning Hwy",ULP,"6,153","176.9",BP,"BP Applecross",APPLECROSS,"(blank)"
"FuelWatch WA","FuelWatchRetail-05-2026.csv","May 17, 2026 @ 10:00:00.000","May 18, 2026 @ 22:00:01.000","848 Canning Hwy",PULP,"6,153","191.9",BP,"BP Applecross",APPLECROSS,"(blank)"
"FuelWatch WA","FuelWatchRetail-05-2026.csv","May 17, 2026 @ 10:00:00.000","May 18, 2026 @ 22:00:01.000","848 Canning Hwy","Brand Diesel","6,153","229.9",BP,"BP Applecross",APPLECROSS,"(blank)"
"FuelWatch WA","FuelWatchRetail-05-2026.csv","May 17, 2026 @ 10:00:00.000","May 18, 2026 @ 22:00:01.000","848 Canning Hwy","98 RON","6,153","201.9",BP,"BP Applecross",APPLECROSS,"(blank)"
"FuelWatch WA","FuelWatchRetail-05-2026.csv","May 17, 2026 @ 10:00:00.000","May 18, 2026 @ 22:00:01.000","530 Canning Hwy",ULP,"6,156","179.9",BP,"BP Attadale",ATTADALE,"(blank)"
"FuelWatch WA","FuelWatchRetail-05-2026.csv","May 17, 2026 @ 10:00:00.000","May 18, 2026 @ 22:00:01.000","64-66 Blackwood Ave",Diesel,"6,290","245.9",BP,"BP Augusta",AUGUSTA,"(blank)"
"FuelWatch WA","FuelWatchRetail-05-2026.csv","May 17, 2026 @ 10:00:00.000","May 18, 2026 @ 22:00:01.000","53 Erindale Rd","98 RON","6,021","206.9",BP,"BP Balcatta",BALCATTA,"(blank)"
"FuelWatch WA","FuelWatchRetail-05-2026.csv","May 17, 2026 @ 10:00:00.000","May 18, 2026 @ 22:00:01.000","Lot 191 Paparone Rd",ULP,"6,171","177.9",BP,"BP Baldivis Northbound Travel Centre",BALDIVIS,"(blank)"
"FuelWatch WA","FuelWatchRetail-05-2026.csv","May 17, 2026 @ 10:00:00.000","May 18, 2026 @ 22:00:01.000","Lot 191 Paparone Rd","Brand Diesel","6,171","232.9",BP,"BP Baldivis Northbound Travel Centre",BALDIVIS,"(blank)"
"FuelWatch WA","FuelWatchRetail-05-2026.csv","May 17, 2026 @ 10:00:00.000","May 18, 2026 @ 22:00:01.000","Lot 192 Leary Rd",PULP,"6,171","192.9",BP,"BP Baldivis Southbound Travel Centre",BALDIVIS,"(blank)"
"FuelWatch WA","FuelWatchRetail-05-2026.csv","May 17, 2026 @ 10:00:00.000","May 18, 2026 @ 22:00:01.000","Lot 21 Eyre Hwy","98 RON","6,443","254.4",BP,"BP Balladonia","FRASER RANGE","(blank)"
"FuelWatch WA","FuelWatchRetail-05-2026.csv","May 17, 2026 @ 10:00:00.000","May 18, 2026 @ 22:00:01.000","1084 Great Northern Hwy",Diesel,"6,056","224.9",BP,"BP Baskerville",BASKERVILLE,"(blank)"
"FuelWatch WA","FuelWatchRetail-05-2026.csv","May 17, 2026 @ 10:00:00.000","May 18, 2026 @ 22:00:01.000","1084 Great Northern Hwy","98 RON","6,056","199.9",BP,"BP Baskerville",BASKERVILLE,"(blank)"
"FuelWatch WA","FuelWatchRetail-05-2026.csv","May 17, 2026 @ 10:00:00.000","May 18, 2026 @ 22:00:01.000","52 Lucas St",ULP,"6,472","210.9",BP,"BP Beacon OPT",BEACON,"(blank)"
"FuelWatch WA","FuelWatchRetail-05-2026.csv","May 17, 2026 @ 10:00:00.000","May 18, 2026 @ 22:00:01.000","261 Eddystone Ave",LPG,"6,027","159.9",BP,"BP Beldon",BELDON,"(blank)"
"FuelWatch WA","FuelWatchRetail-05-2026.csv","May 17, 2026 @ 10:00:00.000","May 18, 2026 @ 22:00:01.000","261 Eddystone Ave","98 RON","6,027","208.9",BP,"BP Beldon",BELDON,"(blank)"
"FuelWatch WA","FuelWatchRetail-05-2026.csv","May 17, 2026 @ 10:00:00.000","May 18, 2026 @ 22:00:01.000","38 Brown St",Diesel,"6,477","248.9",BP,"BP Bencubbin OPT",BENCUBBIN,"(blank)"
"FuelWatch WA","FuelWatchRetail-05-2026.csv","May 17, 2026 @ 10:00:00.000","May 18, 2026 @ 22:00:01.000","2 Wellard St",ULP,"6,163","177.9",BP,"BP Bibra Lake","BIBRA LAKE","(blank)"
"FuelWatch WA","FuelWatchRetail-05-2026.csv","May 17, 2026 @ 10:00:00.000","May 18, 2026 @ 22:00:01.000","2 Wellard St","98 RON","6,163","201.9",BP,"BP Bibra Lake","BIBRA LAKE","(blank)"
"FuelWatch WA","FuelWatchRetail-05-2026.csv","May 17, 2026 @ 10:00:00.000","May 18, 2026 @ 22:00:01.000","2 Norrish Pl",Diesel,"6,338","249.9",BP,"BP Borden OPT",BORDEN,"(blank)"
"FuelWatch WA","FuelWatchRetail-05-2026.csv","May 17, 2026 @ 10:00:00.000","May 18, 2026 @ 22:00:01.000","1 Johnson St","98 RON","6,418","215.9",BP,"BP Bruce Rock OPT","BRUCE ROCK","(blank)"
"FuelWatch WA","FuelWatchRetail-05-2026.csv","May 17, 2026 @ 10:00:00.000","May 18, 2026 @ 22:00:01.000","26 Albert St",Diesel,"6,280","232.9",BP,"BP Busselton",BUSSELTON,"(blank)"
"FuelWatch WA","FuelWatchRetail-05-2026.csv","May 17, 2026 @ 10:00:00.000","May 18, 2026 @ 22:00:01.000","26 Albert St","Brand Diesel","6,280","236.9",BP,"BP Busselton",BUSSELTON,"(blank)"
"FuelWatch WA","FuelWatchRetail-05-2026.csv","May 17, 2026 @ 10:00:00.000","May 18, 2026 @ 22:00:01.000","1 Wilfred Rd",PULP,"6,155","192.9",BP,"BP Canning Vale","CANNING VALE","(blank)"
"FuelWatch WA","FuelWatchRetail-05-2026.csv","May 17, 2026 @ 10:00:00.000","May 18, 2026 @ 22:00:01.000","1 Wilfred Rd","98 RON","6,155","202.9",BP,"BP Canning Vale","CANNING VALE","(blank)"
"FuelWatch WA","FuelWatchRetail-05-2026.csv","May 17, 2026 @ 10:00:00.000","May 18, 2026 @ 22:00:01.000","28K Caloundra Rd","Brand Diesel","6,030","229.9",BP,"BP Clarkson",CLARKSON,"(blank)"
"FuelWatch WA","FuelWatchRetail-05-2026.csv","May 17, 2026 @ 10:00:00.000","May 18, 2026 @ 22:00:01.000","210 Great Eastern Hwy",PULP,"6,104","190.9",BP,"BP Connect Ascot (WA)",ASCOT,"(blank)"
"FuelWatch WA","FuelWatchRetail-05-2026.csv","May 17, 2026 @ 10:00:00.000","May 18, 2026 @ 22:00:01.000","210 Great Eastern Hwy","98 RON","6,104","199.9",BP,"BP Connect Ascot (WA)",ASCOT,"(blank)"
"FuelWatch WA","FuelWatchRetail-05-2026.csv","May 17, 2026 @ 10:00:00.000","May 18, 2026 @ 22:00:01.000","2 Prendiville Ave",ULP,"6,027","176.9",BP,"BP Connect Beaumauris","OCEAN REEF","(blank)"
"FuelWatch WA","FuelWatchRetail-05-2026.csv","May 17, 2026 @ 10:00:00.000","May 18, 2026 @ 22:00:01.000","2 Prendiville Ave",PULP,"6,027","191.9",BP,"BP Connect Beaumauris","OCEAN REEF","(blank)"
"FuelWatch WA","FuelWatchRetail-05-2026.csv","May 17, 2026 @ 10:00:00.000","May 18, 2026 @ 22:00:01.000","44 Archer St",ULP,"6,101","179.9",BP,"BP Connect Carlisle",CARLISLE,"(blank)"
"FuelWatch WA","FuelWatchRetail-05-2026.csv","May 17, 2026 @ 10:00:00.000","May 18, 2026 @ 22:00:01.000","44 Archer St","98 RON","6,101","202.9",BP,"BP Connect Carlisle",CARLISLE,"(blank)"
"FuelWatch WA","FuelWatchRetail-05-2026.csv","May 17, 2026 @ 10:00:00.000","May 18, 2026 @ 22:00:01.000","68-70 Brown St",PULP,"6,004","194.9",BP,"BP Connect East Perth","EAST PERTH","(blank)"
"FuelWatch WA","FuelWatchRetail-05-2026.csv","May 17, 2026 @ 10:00:00.000","May 18, 2026 @ 22:00:01.000","68-70 Brown St","Brand Diesel","6,004","229.9",BP,"BP Connect East Perth","EAST PERTH","(blank)"
"FuelWatch WA","FuelWatchRetail-05-2026.csv","May 17, 2026 @ 10:00:00.000","May 18, 2026 @ 22:00:01.000","4 Chisham Ave","Brand Diesel","6,167","229.9",BP,"BP Connect Kwinana Hub","KWINANA TOWN CENTRE","(blank)"
"FuelWatch WA","FuelWatchRetail-05-2026.csv","May 17, 2026 @ 10:00:00.000","May 18, 2026 @ 22:00:01.000","4 Chisham Ave","98 RON","6,167","199.9",BP,"BP Connect Kwinana Hub","KWINANA TOWN CENTRE","(blank)"
"FuelWatch WA","FuelWatchRetail-05-2026.csv","May 17, 2026 @ 10:00:00.000","May 18, 2026 @ 22:00:01.000","218 Main St",ULP,"6,017","175.9",BP,"BP Connect Main Street","OSBORNE PARK","(blank)"
"FuelWatch WA","FuelWatchRetail-05-2026.csv","May 17, 2026 @ 10:00:00.000","May 18, 2026 @ 22:00:01.000","218 Main St","98 RON","6,017","199.9",BP,"BP Connect Main Street","OSBORNE PARK","(blank)"
"FuelWatch WA","FuelWatchRetail-05-2026.csv","May 17, 2026 @ 10:00:00.000","May 18, 2026 @ 22:00:01.000","2 Ridgewood Bvd","98 RON","6,030","200.9",BP,"BP Connect Merriwa",RIDGEWOOD,"(blank)"
"FuelWatch WA","FuelWatchRetail-05-2026.csv","May 17, 2026 @ 10:00:00.000","May 18, 2026 @ 22:00:01.000","349 Charles St",ULP,"6,006","177.9",BP,"BP Connect North Perth","NORTH PERTH","(blank)"
"FuelWatch WA","FuelWatchRetail-05-2026.csv","May 17, 2026 @ 10:00:00.000","May 18, 2026 @ 22:00:01.000","2 Warburton Ave","Brand Diesel","6,025","225.9",BP,"BP Connect Padbury",PADBURY,"(blank)"
"FuelWatch WA","FuelWatchRetail-05-2026.csv","May 17, 2026 @ 10:00:00.000","May 18, 2026 @ 22:00:01.000","214 Warnbro Sound Ave","98 RON","6,169","198.9",BP,"BP Connect Palm Springs",WARNBRO,"(blank)"
"FuelWatch WA","FuelWatchRetail-05-2026.csv","May 17, 2026 @ 10:00:00.000","May 18, 2026 @ 22:00:01.000","339 High Rd","Brand Diesel","6,148","229.9",BP,"BP Connect Riverton",RIVERTON,"(blank)"
"FuelWatch WA","FuelWatchRetail-05-2026.csv","May 17, 2026 @ 10:00:00.000","May 18, 2026 @ 22:00:01.000","2 Chalgrove Ave",ULP,"6,168","177.9",BP,"BP Connect Rockingham Park",ROCKINGHAM,"(blank)"
"FuelWatch WA","FuelWatchRetail-05-2026.csv","May 17, 2026 @ 10:00:00.000","May 18, 2026 @ 22:00:01.000","2 Chalgrove Ave",PULP,"6,168","192.9",BP,"BP Connect Rockingham Park",ROCKINGHAM,"(blank)"
"FuelWatch WA","FuelWatchRetail-05-2026.csv","May 17, 2026 @ 10:00:00.000","May 18, 2026 @ 22:00:01.000","261 Walter Rd West","Brand Diesel","6,062","225.9",BP,"BP Connect Wellington Rd",MORLEY,"(blank)"
"FuelWatch WA","FuelWatchRetail-05-2026.csv","May 17, 2026 @ 10:00:00.000","May 18, 2026 @ 22:00:01.000","240 Cambridge St",ULP,"6,014","176.9",BP,"BP Connect Wembley",WEMBLEY,"(blank)"
"FuelWatch WA","FuelWatchRetail-05-2026.csv","May 17, 2026 @ 10:00:00.000","May 18, 2026 @ 22:00:01.000","240 Cambridge St",PULP,"6,014","191.9",BP,"BP Connect Wembley",WEMBLEY,"(blank)"
"FuelWatch WA","FuelWatchRetail-05-2026.csv","May 17, 2026 @ 10:00:00.000","May 18, 2026 @ 22:00:01.000","240 Cambridge St","98 RON","6,014","201.9",BP,"BP Connect Wembley",WEMBLEY,"(blank)"
"FuelWatch WA","FuelWatchRetail-05-2026.csv","May 17, 2026 @ 10:00:00.000","May 18, 2026 @ 22:00:01.000","11 Scarborough Beach Rd",PULP,"6,019","191.9",BP,"BP Connect West Coast",SCARBOROUGH,"(blank)"
"FuelWatch WA","FuelWatchRetail-05-2026.csv","May 17, 2026 @ 10:00:00.000","May 18, 2026 @ 22:00:01.000","11 Scarborough Beach Rd","Brand Diesel","6,019","229.9",BP,"BP Connect West Coast",SCARBOROUGH,"(blank)"
"FuelWatch WA","FuelWatchRetail-05-2026.csv","May 17, 2026 @ 10:00:00.000","May 18, 2026 @ 22:00:01.000","11 Scarborough Beach Rd","98 RON","6,019","201.9",BP,"BP Connect West Coast",SCARBOROUGH,"(blank)"
"FuelWatch WA","FuelWatchRetail-05-2026.csv","May 17, 2026 @ 10:00:00.000","May 18, 2026 @ 22:00:01.000","1 Walton St",ULP,"6,375","195.9",BP,"BP Corrigin OPT",CORRIGIN,"(blank)"
"FuelWatch WA","FuelWatchRetail-05-2026.csv","May 17, 2026 @ 10:00:00.000","May 18, 2026 @ 22:00:01.000","1 Roy Earl Dr",Diesel,"6,284","239.9",BP,"BP Cowaramup",COWARAMUP,"(blank)"
"FuelWatch WA","FuelWatchRetail-05-2026.csv","May 17, 2026 @ 10:00:00.000","May 18, 2026 @ 22:00:01.000","Lot 6 Great Eastern Hwy","Brand Diesel","6,407","221.9",BP,"BP Cunderdin Roadhouse",CUNDERDIN,"(blank)"
"FuelWatch WA","FuelWatchRetail-05-2026.csv","May 17, 2026 @ 10:00:00.000","May 18, 2026 @ 22:00:01.000","29 Growden Pl",ULP,"6,392","199.9",BP,"BP Darkan OPT",DARKAN,"(blank)"
"FuelWatch WA","FuelWatchRetail-05-2026.csv","May 17, 2026 @ 10:00:00.000","May 18, 2026 @ 22:00:01.000","44 South Coast Hwy","98 RON","6,333","210.9",BP,"BP Denmark",DENMARK,"(blank)"
"FuelWatch WA","FuelWatchRetail-05-2026.csv","May 17, 2026 @ 10:00:00.000","May 18, 2026 @ 22:00:01.000","138 Loch St",ULP,"6,728","218.9",BP,"BP Derby",DERBY,"(blank)"
"FuelWatch WA","FuelWatchRetail-05-2026.csv","May 17, 2026 @ 10:00:00.000","May 18, 2026 @ 22:00:01.000","4 Wanneroo Rd",ULP,"6,060","179.9",BP,"BP Dog Swamp",YOKINE,"(blank)"
"FuelWatch WA","FuelWatchRetail-05-2026.csv","May 17, 2026 @ 10:00:00.000","May 18, 2026 @ 22:00:01.000","4 Wanneroo Rd","Brand Diesel","6,060","223.9",BP,"BP Dog Swamp",YOKINE,"(blank)"
"FuelWatch WA","FuelWatchRetail-05-2026.csv","May 17, 2026 @ 10:00:00.000","May 18, 2026 @ 22:00:01.000","180 The Promenade",ULP,"6,069","176.9",BP,"BP Ellenbrook",ELLENBROOK,"(blank)"
"FuelWatch WA","FuelWatchRetail-05-2026.csv","May 17, 2026 @ 10:00:00.000","May 18, 2026 @ 22:00:01.000","180 The Promenade","Brand Diesel","6,069","229.9",BP,"BP Ellenbrook",ELLENBROOK,"(blank)"
"FuelWatch WA","FuelWatchRetail-05-2026.csv","May 17, 2026 @ 10:00:00.000","May 18, 2026 @ 22:00:01.000","484 Walter Rd East",PULP,"6,062","188.9",BP,"BP Embleton",EMBLETON,"(blank)"
"FuelWatch WA","FuelWatchRetail-05-2026.csv","May 17, 2026 @ 10:00:00.000","May 18, 2026 @ 22:00:01.000","2 Alex Wood Dr",Diesel,"6,112","223.9",BP,"BP Forrestdale",FORRESTDALE,"(blank)"
"FuelWatch WA","FuelWatchRetail-05-2026.csv","May 17, 2026 @ 10:00:00.000","May 18, 2026 @ 22:00:01.000","2 Alex Wood Dr","Brand Diesel","6,112","226.9",BP,"BP Forrestdale",FORRESTDALE,"(blank)"
"FuelWatch WA","FuelWatchRetail-05-2026.csv","May 17, 2026 @ 10:00:00.000","May 18, 2026 @ 22:00:01.000","438 Hannan St",Diesel,"6,430","232.9",BP,"BP Golden Gate",KALGOORLIE,"(blank)"
"FuelWatch WA","FuelWatchRetail-05-2026.csv","May 17, 2026 @ 10:00:00.000","May 18, 2026 @ 22:00:01.000","11 Coolibah Dr",ULP,"6,024","183.9",BP,"BP Greenwood",GREENWOOD,"(blank)"
"FuelWatch WA","FuelWatchRetail-05-2026.csv","May 17, 2026 @ 10:00:00.000","May 18, 2026 @ 22:00:01.000","11 Coolibah Dr","Brand Diesel","6,024","229.9",BP,"BP Greenwood",GREENWOOD,"(blank)"
"FuelWatch WA","FuelWatchRetail-05-2026.csv","May 17, 2026 @ 10:00:00.000","May 18, 2026 @ 22:00:01.000","2 Flinders St",Diesel,"6,770","259.9",BP,"BP Halls Creek","HALLS CREEK","(blank)"
"FuelWatch WA","FuelWatchRetail-05-2026.csv","May 17, 2026 @ 10:00:00.000","May 18, 2026 @ 22:00:01.000","2 Guava Way",PULP,"6,210","191.9",BP,"BP Halls Head","HALLS HEAD","(blank)"
"FuelWatch WA","FuelWatchRetail-05-2026.csv","May 17, 2026 @ 10:00:00.000","May 18, 2026 @ 22:00:01.000","2 Guava Way","Brand Diesel","6,210","229.9",BP,"BP Halls Head","HALLS HEAD","(blank)"
"FuelWatch WA","FuelWatchRetail-05-2026.csv","May 17, 2026 @ 10:00:00.000","May 18, 2026 @ 22:00:01.000","1520 Gnangara Rd","Brand Diesel","6,055","229.9",BP,"BP Henley Brook","HENLEY BROOK","(blank)"
"FuelWatch WA","FuelWatchRetail-05-2026.csv","May 17, 2026 @ 10:00:00.000","May 18, 2026 @ 22:00:01.000","7 Marshall St",ULP,"6,359","205.9",BP,"BP Hyden OPT",HYDEN,"(blank)"
"FuelWatch WA","FuelWatchRetail-05-2026.csv","May 17, 2026 @ 10:00:00.000","May 18, 2026 @ 22:00:01.000","7 Marshall St",Diesel,"6,359","241.9",BP,"BP Hyden OPT",HYDEN,"(blank)"
"FuelWatch WA","FuelWatchRetail-05-2026.csv","May 17, 2026 @ 10:00:00.000","May 18, 2026 @ 22:00:01.000","5 Memorial Rd",Diesel,"6,337","239.9",BP,"BP Jerramungup OPT",JERRAMUNGUP,"(blank)"
"FuelWatch WA","FuelWatchRetail-05-2026.csv","May 17, 2026 @ 10:00:00.000","May 18, 2026 @ 22:00:01.000","110 Bashford St",ULP,"6,516",197,BP,"BP Jurien Bay","JURIEN BAY","(blank)"
"FuelWatch WA","FuelWatchRetail-05-2026.csv","May 17, 2026 @ 10:00:00.000","May 18, 2026 @ 22:00:01.000","110 Bashford St","98 RON","6,516",216,BP,"BP Jurien Bay","JURIEN BAY","(blank)"
"FuelWatch WA","FuelWatchRetail-05-2026.csv","May 17, 2026 @ 10:00:00.000","May 18, 2026 @ 22:00:01.000","248 Celebration Rd",Diesel,"6,430","232.9",BP,"BP Kalgoorlie-Boulder Truckstop",YILKARI,"(blank)"
"FuelWatch WA","FuelWatchRetail-05-2026.csv","May 17, 2026 @ 10:00:00.000","May 18, 2026 @ 22:00:01.000","248 Celebration Rd","98 RON","6,430","206.9",BP,"BP Kalgoorlie-Boulder Truckstop",YILKARI,"(blank)"
"FuelWatch WA","FuelWatchRetail-05-2026.csv","May 17, 2026 @ 10:00:00.000","May 18, 2026 @ 22:00:01.000","Lot 35 Goldfields Hwy",ULP,"6,442","209.9",BP,"BP Kambalda","KAMBALDA EAST","(blank)"
"FuelWatch WA","FuelWatchRetail-05-2026.csv","May 17, 2026 @ 10:00:00.000","May 18, 2026 @ 22:00:01.000","Lot 35 Goldfields Hwy",Diesel,"6,442","259.9",BP,"BP Kambalda","KAMBALDA EAST","(blank)"
"FuelWatch WA","FuelWatchRetail-05-2026.csv","May 17, 2026 @ 10:00:00.000","May 18, 2026 @ 22:00:01.000","88 Gilbertson Rd",PULP,"6,163","192.9",BP,"BP Kardinya",KARDINYA,"(blank)"
"FuelWatch WA","FuelWatchRetail-05-2026.csv","May 17, 2026 @ 10:00:00.000","May 18, 2026 @ 22:00:01.000","1033 Mardie Rd",Diesel,"6,714","247.9",BP,"BP Karratha Depot (Recharge Petroleum)","KARRATHA INDUSTRIAL ESTATE","(blank)"
"FuelWatch WA","FuelWatchRetail-05-2026.csv","May 17, 2026 @ 10:00:00.000","May 18, 2026 @ 22:00:01.000","Lot 9 Resource Rd",Diesel,"6,714","247.9",BP,"BP Karratha West","GAP RIDGE","(blank)"
"FuelWatch WA","FuelWatchRetail-05-2026.csv","May 17, 2026 @ 10:00:00.000","May 18, 2026 @ 22:00:01.000","Lot 9 Resource Rd","98 RON","6,714","222.9",BP,"BP Karratha West","GAP RIDGE","(blank)"
"FuelWatch WA","FuelWatchRetail-05-2026.csv","May 17, 2026 @ 10:00:00.000","May 18, 2026 @ 22:00:01.000","48 Courtney Pl",ULP,"6,107","177.9",BP,"BP Kenwick","WATTLE GROVE","(blank)"
"FuelWatch WA","FuelWatchRetail-05-2026.csv","May 17, 2026 @ 10:00:00.000","May 18, 2026 @ 22:00:01.000","48 Courtney Pl",PULP,"6,107","192.9",BP,"BP Kenwick","WATTLE GROVE","(blank)"
"FuelWatch WA","FuelWatchRetail-05-2026.csv","May 17, 2026 @ 10:00:00.000","May 18, 2026 @ 22:00:01.000","48 Courtney Pl","Brand Diesel","6,107","222.9",BP,"BP Kenwick","WATTLE GROVE","(blank)"
"FuelWatch WA","FuelWatchRetail-05-2026.csv","May 17, 2026 @ 10:00:00.000","May 18, 2026 @ 22:00:01.000","549 Abernethy Rd",ULP,"6,105","179.9",BP,"BP Kewdale",KEWDALE,"(blank)"
"FuelWatch WA","FuelWatchRetail-05-2026.csv","May 17, 2026 @ 10:00:00.000","May 18, 2026 @ 22:00:01.000","549 Abernethy Rd",Diesel,"6,105","223.9",BP,"BP Kewdale",KEWDALE,"(blank)"
"FuelWatch WA","FuelWatchRetail-05-2026.csv","May 17, 2026 @ 10:00:00.000","May 18, 2026 @ 22:00:01.000","549 Abernethy Rd","98 RON","6,105","204.9",BP,"BP Kewdale",KEWDALE,"(blank)"
"FuelWatch WA","FuelWatchRetail-05-2026.csv","May 17, 2026 @ 10:00:00.000","May 18, 2026 @ 22:00:01.000","64-66 Graham st",ULP,"6,367","195.9",BP,"BP Kondinin Roadhouse",KONDININ,"(blank)"
"FuelWatch WA","FuelWatchRetail-05-2026.csv","May 17, 2026 @ 10:00:00.000","May 18, 2026 @ 22:00:01.000","64-66 Graham st",Diesel,"6,367","219.9",BP,"BP Kondinin Roadhouse",KONDININ,"(blank)"
"FuelWatch WA","FuelWatchRetail-05-2026.csv","May 17, 2026 @ 10:00:00.000","May 18, 2026 @ 22:00:01.000","28 Koondoola Ave","98 RON","6,064","201.9",BP,"BP Koondoola",KOONDOOLA,"(blank)"
"FuelWatch WA","FuelWatchRetail-05-2026.csv","May 17, 2026 @ 10:00:00.000","May 18, 2026 @ 22:00:01.000","CBH Access Rd","98 RON","6,365","230.9",BP,"BP Kulin OPT",KULIN,"(blank)"
"FuelWatch WA","FuelWatchRetail-05-2026.csv","May 17, 2026 @ 10:00:00.000","May 18, 2026 @ 22:00:01.000","Dewar St","98 RON","6,353","235.9",BP,"BP Lake Grace OPT","LAKE GRACE","(blank)"
"FuelWatch WA","FuelWatchRetail-05-2026.csv","May 17, 2026 @ 10:00:00.000","May 18, 2026 @ 22:00:01.000","164 Hyden-Lake King Rd",ULP,"6,356","215.9",BP,"BP Lake King OPT","LAKE KING","(blank)"
"FuelWatch WA","FuelWatchRetail-05-2026.csv","May 17, 2026 @ 10:00:00.000","May 18, 2026 @ 22:00:01.000","269 Kalamunda Rd",ULP,"6,057","179.9",BP,"BP Maida Vale","MAIDA VALE","(blank)"
"FuelWatch WA","FuelWatchRetail-05-2026.csv","May 17, 2026 @ 10:00:00.000","May 18, 2026 @ 22:00:01.000","269 Kalamunda Rd","Brand Diesel","6,057","229.9",BP,"BP Maida Vale","MAIDA VALE","(blank)"
"FuelWatch WA","FuelWatchRetail-05-2026.csv","May 17, 2026 @ 10:00:00.000","May 18, 2026 @ 22:00:01.000","370 Victoria Rd","98 RON","6,090","200.9",BP,"BP Malaga",MALAGA,"(blank)"
"FuelWatch WA","FuelWatchRetail-05-2026.csv","May 17, 2026 @ 10:00:00.000","May 18, 2026 @ 22:00:01.000","360 Anchorage Dr North","Brand Diesel","6,030","229.9",BP,"BP Mindarie",MINDARIE,"(blank)"
"FuelWatch WA","FuelWatchRetail-05-2026.csv","May 17, 2026 @ 10:00:00.000","May 18, 2026 @ 22:00:01.000","360 Anchorage Dr North",LPG,"6,030","159.9",BP,"BP Mindarie",MINDARIE,"(blank)"
"FuelWatch WA","FuelWatchRetail-05-2026.csv","May 17, 2026 @ 10:00:00.000","May 18, 2026 @ 22:00:01.000","360 Anchorage Dr North","98 RON","6,030","208.9",BP,"BP Mindarie",MINDARIE,"(blank)"
"FuelWatch WA","FuelWatchRetail-05-2026.csv","May 17, 2026 @ 10:00:00.000","May 18, 2026 @ 22:00:01.000","6 Ealenor St",Diesel,"6,522","236.9",BP,"BP Mingenew OPT",MINGENEW,"(blank)"
"FuelWatch WA","FuelWatchRetail-05-2026.csv","May 17, 2026 @ 10:00:00.000","May 18, 2026 @ 22:00:01.000","Mullewa-Wubin Rd",ULP,"6,623","199.9",BP,"BP Morawa OPT",MORAWA,"(blank)"
"FuelWatch WA","FuelWatchRetail-05-2026.csv","May 17, 2026 @ 10:00:00.000","May 18, 2026 @ 22:00:01.000","335 Walter Rd West","Brand Diesel","6,062","219.9",BP,"BP Morley",MORLEY,"(blank)"
"FuelWatch WA","FuelWatchRetail-05-2026.csv","May 17, 2026 @ 10:00:00.000","May 18, 2026 @ 22:00:01.000","2 Mercury Rise",ULP,"6,501","179.9",BP,"BP Muchea",MUCHEA,"(blank)"
"FuelWatch WA","FuelWatchRetail-05-2026.csv","May 17, 2026 @ 10:00:00.000","May 18, 2026 @ 22:00:01.000","2 Mercury Rise","Brand Diesel","6,501","226.9",BP,"BP Muchea",MUCHEA,"(blank)"
"FuelWatch WA","FuelWatchRetail-05-2026.csv","May 17, 2026 @ 10:00:00.000","May 18, 2026 @ 22:00:01.000","2 Mercury Rise","98 RON","6,501","204.9",BP,"BP Muchea",MUCHEA,"(blank)"
"FuelWatch WA","FuelWatchRetail-05-2026.csv","May 17, 2026 @ 10:00:00.000","May 18, 2026 @ 22:00:01.000","Lot 161 Strugnell St",ULP,"6,479","215.9",BP,"BP Mukinbudin OPT",MUKINBUDIN,"(blank)"
"FuelWatch WA","FuelWatchRetail-05-2026.csv","May 17, 2026 @ 10:00:00.000","May 18, 2026 @ 22:00:01.000","101 Dampier Av",PULP,"6,027","198.9",BP,"BP Mullaloo",MULLALOO,"(blank)"
"FuelWatch WA","FuelWatchRetail-05-2026.csv","May 17, 2026 @ 10:00:00.000","May 18, 2026 @ 22:00:01.000","37 Federal St",Diesel,"6,312","237.9",BP,"BP Narrogin",NARROGIN,"(blank)"
"FuelWatch WA","FuelWatchRetail-05-2026.csv","May 17, 2026 @ 10:00:00.000","May 18, 2026 @ 22:00:01.000","1351 Rockingham Rd",ULP,"6,165","173.9",BP,"BP Naval Base","NAVAL BASE","(blank)"
"FuelWatch WA","FuelWatchRetail-05-2026.csv","May 17, 2026 @ 10:00:00.000","May 18, 2026 @ 22:00:01.000","1351 Rockingham Rd",Diesel,"6,165","219.9",BP,"BP Naval Base","NAVAL BASE","(blank)"
"FuelWatch WA","FuelWatchRetail-05-2026.csv","May 17, 2026 @ 10:00:00.000","May 18, 2026 @ 22:00:01.000","1351 Rockingham Rd","Brand Diesel","6,165","225.9",BP,"BP Naval Base","NAVAL BASE","(blank)"
"FuelWatch WA","FuelWatchRetail-05-2026.csv","May 17, 2026 @ 10:00:00.000","May 18, 2026 @ 22:00:01.000","101 Great Northern Hwy",Diesel,"6,753","266.9",BP,"BP Newman South",NEWMAN,"(blank)"
"FuelWatch WA","FuelWatchRetail-05-2026.csv","May 17, 2026 @ 10:00:00.000","May 18, 2026 @ 22:00:01.000","386 Scarborough Beach Rd","Brand Diesel","6,018","225.9",BP,"BP Nookenburra",INNALOO,"(blank)"
"FuelWatch WA","FuelWatchRetail-05-2026.csv","May 17, 2026 @ 10:00:00.000","May 18, 2026 @ 22:00:01.000","Lot 2 Eyre Hwy",ULP,"6,443","208.3",BP,"BP Norseman",NORSEMAN,"(blank)"
"FuelWatch WA","FuelWatchRetail-05-2026.csv","May 17, 2026 @ 10:00:00.000","May 18, 2026 @ 22:00:01.000","Lot 2 Eyre Hwy",Diesel,"6,443","233.6",BP,"BP Norseman",NORSEMAN,"(blank)"
"FuelWatch WA","FuelWatchRetail-05-2026.csv","May 17, 2026 @ 10:00:00.000","May 18, 2026 @ 22:00:01.000","Lot 2 Eyre Hwy","Brand Diesel","6,443","236.6",BP,"BP Norseman",NORSEMAN,"(blank)"
"FuelWatch WA","FuelWatchRetail-05-2026.csv","May 17, 2026 @ 10:00:00.000","May 18, 2026 @ 22:00:01.000","78 Old York Rd",Diesel,"6,401","222.9",BP,"BP Northam OPT",NORTHAM,"(blank)"
"FuelWatch WA","FuelWatchRetail-05-2026.csv","May 17, 2026 @ 10:00:00.000","May 18, 2026 @ 22:00:01.000","78 Old York Rd","98 RON","6,401","220.9",BP,"BP Northam OPT",NORTHAM,"(blank)"
"FuelWatch WA","FuelWatchRetail-05-2026.csv","May 17, 2026 @ 10:00:00.000","May 18, 2026 @ 22:00:01.000","34 Railway Ave",Diesel,"6,490","249.9",BP,"BP Nungarin OPT",NUNGARIN,"(blank)"
"FuelWatch WA","FuelWatchRetail-05-2026.csv","May 17, 2026 @ 10:00:00.000","May 18, 2026 @ 22:00:01.000","85 Forrest Ave",ULP,"6,230","182.9",BP,"BP Parklands","SOUTH BUNBURY","(blank)"
"FuelWatch WA","FuelWatchRetail-05-2026.csv","May 17, 2026 @ 10:00:00.000","May 18, 2026 @ 22:00:01.000","85 Forrest Ave","98 RON","6,230","203.9",BP,"BP Parklands","SOUTH BUNBURY","(blank)"
"FuelWatch WA","FuelWatchRetail-05-2026.csv","May 17, 2026 @ 10:00:00.000","May 18, 2026 @ 22:00:01.000","84 Brockman St",Diesel,"6,260","239.9",BP,"BP Pemberton Garage & Service Station",PEMBERTON,"(blank)"
"FuelWatch WA","FuelWatchRetail-05-2026.csv","May 17, 2026 @ 10:00:00.000","May 18, 2026 @ 22:00:01.000","84 Brockman St","98 RON","6,260","215.9",BP,"BP Pemberton Garage & Service Station",PEMBERTON,"(blank)"
"FuelWatch WA","FuelWatchRetail-05-2026.csv","May 17, 2026 @ 10:00:00.000","May 18, 2026 @ 22:00:01.000","12 Erade Dr",PULP,"6,112","190.9",BP,"BP Piara Waters","PIARA WATERS","(blank)"
"FuelWatch WA","FuelWatchRetail-05-2026.csv","May 17, 2026 @ 10:00:00.000","May 18, 2026 @ 22:00:01.000","12 Erade Dr","Brand Diesel","6,112","225.9",BP,"BP Piara Waters","PIARA WATERS","(blank)"
"FuelWatch WA","FuelWatchRetail-05-2026.csv","May 17, 2026 @ 10:00:00.000","May 18, 2026 @ 22:00:01.000","24 Wetherly Dr",Diesel,"6,229","229.9",BP,"BP Picton Wetherley Dr",PICTON,"(blank)"
"FuelWatch WA","FuelWatchRetail-05-2026.csv","May 17, 2026 @ 10:00:00.000","May 18, 2026 @ 22:00:01.000","24 Wetherly Dr","Brand Diesel","6,229","233.9",BP,"BP Picton Wetherley Dr",PICTON,"(blank)"
"FuelWatch WA","FuelWatchRetail-05-2026.csv","May 17, 2026 @ 10:00:00.000","May 18, 2026 @ 22:00:01.000","24 Wetherly Dr","98 RON","6,229","203.9",BP,"BP Picton Wetherley Dr",PICTON,"(blank)"
"FuelWatch WA","FuelWatchRetail-05-2026.csv","May 17, 2026 @ 10:00:00.000","May 18, 2026 @ 22:00:01.000","90 Anderson St",Diesel,"6,721",260,BP,"BP Port Hedland","PORT HEDLAND","(blank)"
"FuelWatch WA","FuelWatchRetail-05-2026.csv","May 17, 2026 @ 10:00:00.000","May 18, 2026 @ 22:00:01.000","150 Anderson St",ULP,"6,721","212.9",BP,"BP Port Hedland Boulevard","PORT HEDLAND","(blank)"
"FuelWatch WA","FuelWatchRetail-05-2026.csv","May 17, 2026 @ 10:00:00.000","May 18, 2026 @ 22:00:01.000","150 Anderson St",PULP,"6,721","222.9",BP,"BP Port Hedland Boulevard","PORT HEDLAND","(blank)"
"FuelWatch WA","FuelWatchRetail-05-2026.csv","May 17, 2026 @ 10:00:00.000","May 18, 2026 @ 22:00:01.000","150 Anderson St",Diesel,"6,721","256.9",BP,"BP Port Hedland Boulevard","PORT HEDLAND","(blank)"
"FuelWatch WA","FuelWatchRetail-05-2026.csv","May 17, 2026 @ 10:00:00.000","May 18, 2026 @ 22:00:01.000","46 Bakewell Dr","98 RON","6,172","201.9",BP,"BP Port Kennedy","PORT KENNEDY","(blank)"
"FuelWatch WA","FuelWatchRetail-05-2026.csv","May 17, 2026 @ 10:00:00.000","May 18, 2026 @ 22:00:01.000","43 Hampton St","98 RON","6,255","212.9",BP,"BP Roadhouse Bridgetown",BRIDGETOWN,"(blank)"
"FuelWatch WA","FuelWatchRetail-05-2026.csv","May 17, 2026 @ 10:00:00.000","May 18, 2026 @ 22:00:01.000","2 Roe St",ULP,"6,718","225.9",BP,"BP Roebourne",ROEBOURNE,"(blank)"
"FuelWatch WA","FuelWatchRetail-05-2026.csv","May 17, 2026 @ 10:00:00.000","May 18, 2026 @ 22:00:01.000","129 Stirling Hwy","98 RON","6,009","201.9",BP,"BP Rosegarden",NEDLANDS,"(blank)"
"FuelWatch WA","FuelWatchRetail-05-2026.csv","May 17, 2026 @ 10:00:00.000","May 18, 2026 @ 22:00:01.000","101 Guy St",ULP,"6,725","215.9",BP,"BP Shinju Broome",BROOME,"(blank)"
"FuelWatch WA","FuelWatchRetail-05-2026.csv","May 17, 2026 @ 10:00:00.000","May 18, 2026 @ 22:00:01.000","2514 Mandurah Rd","98 RON","6,175","201.9",BP,"BP Singleton",SINGLETON,"(blank)"
"FuelWatch WA","FuelWatchRetail-05-2026.csv","May 17, 2026 @ 10:00:00.000","May 18, 2026 @ 22:00:01.000","128 West Coast Dr",ULP,"6,020","176.9",BP,"BP Sorrento",SORRENTO,"(blank)"
"FuelWatch WA","FuelWatchRetail-05-2026.csv","May 17, 2026 @ 10:00:00.000","May 18, 2026 @ 22:00:01.000","188 Spencer St",Diesel,"6,230","229.9",BP,"BP South Bunbury","SOUTH BUNBURY","(blank)"
"FuelWatch WA","FuelWatchRetail-05-2026.csv","May 17, 2026 @ 10:00:00.000","May 18, 2026 @ 22:00:01.000","229B Hampton Rd",PULP,"6,162","192.9",BP,"BP South Fremantle","SOUTH FREMANTLE","(blank)"
"FuelWatch WA","FuelWatchRetail-05-2026.csv","May 17, 2026 @ 10:00:00.000","May 18, 2026 @ 22:00:01.000","8 Sirius St","Brand Diesel","6,426","231.9",BP,"BP Southern Cross","SOUTHERN CROSS","(blank)"
"FuelWatch WA","FuelWatchRetail-05-2026.csv","May 17, 2026 @ 10:00:00.000","May 18, 2026 @ 22:00:01.000","8 Sirius St","98 RON","6,426","216.9",BP,"BP Southern Cross","SOUTHERN CROSS","(blank)"
"FuelWatch WA","FuelWatchRetail-05-2026.csv","May 17, 2026 @ 10:00:00.000","May 18, 2026 @ 22:00:01.000","30 Angove Rd",ULP,"6,330","186.9",BP,"BP Spencer Park Service Station","SPENCER PARK","(blank)"
"FuelWatch WA","FuelWatchRetail-05-2026.csv","May 17, 2026 @ 10:00:00.000","May 18, 2026 @ 22:00:01.000","30 Angove Rd","98 RON","6,330","205.9",BP,"BP Spencer Park Service Station","SPENCER PARK","(blank)"
"FuelWatch WA","FuelWatchRetail-05-2026.csv","May 17, 2026 @ 10:00:00.000","May 18, 2026 @ 22:00:01.000","13724 Great Eastern Hwy",ULP,"6,556","175.9",BP,"BP The Lakes Roadhouse","THE LAKES","(blank)"
"FuelWatch WA","FuelWatchRetail-05-2026.csv","May 17, 2026 @ 10:00:00.000","May 18, 2026 @ 22:00:01.000","13724 Great Eastern Hwy",PULP,"6,556","190.9",BP,"BP The Lakes Roadhouse","THE LAKES","(blank)"
"FuelWatch WA","FuelWatchRetail-05-2026.csv","May 17, 2026 @ 10:00:00.000","May 18, 2026 @ 22:00:01.000","13724 Great Eastern Hwy",Diesel,"6,556","223.9",BP,"BP The Lakes Roadhouse","THE LAKES","(blank)"
"FuelWatch WA","FuelWatchRetail-05-2026.csv","May 17, 2026 @ 10:00:00.000","May 18, 2026 @ 22:00:01.000","13724 Great Eastern Hwy","Brand Diesel","6,556","227.9",BP,"BP The Lakes Roadhouse","THE LAKES","(blank)"
"FuelWatch WA","FuelWatchRetail-05-2026.csv","May 17, 2026 @ 10:00:00.000","May 18, 2026 @ 22:00:01.000","13724 Great Eastern Hwy","98 RON","6,556","199.9",BP,"BP The Lakes Roadhouse","THE LAKES","(blank)"
"FuelWatch WA","FuelWatchRetail-05-2026.csv","May 17, 2026 @ 10:00:00.000","May 18, 2026 @ 22:00:01.000","20 Tudhoe St","98 RON","6,315","219.9",BP,"BP Wagin OPT",WAGIN,"(blank)"
"FuelWatch WA","FuelWatchRetail-05-2026.csv","May 17, 2026 @ 10:00:00.000","May 18, 2026 @ 22:00:01.000","430 Safety Bay Rd","Brand Diesel","6,169","222.9",BP,"BP Waikiki","SAFETY BAY","(blank)"
"FuelWatch WA","FuelWatchRetail-05-2026.csv","May 17, 2026 @ 10:00:00.000","May 18, 2026 @ 22:00:01.000","18 Nockolds St",ULP,"6,398","195.9",BP,"BP Walpole",WALPOLE,"(blank)"
"FuelWatch WA","FuelWatchRetail-05-2026.csv","May 17, 2026 @ 10:00:00.000","May 18, 2026 @ 22:00:01.000","18 Nockolds St",Diesel,"6,398","232.9",BP,"BP Walpole",WALPOLE,"(blank)"
"FuelWatch WA","FuelWatchRetail-05-2026.csv","May 17, 2026 @ 10:00:00.000","May 18, 2026 @ 22:00:01.000","18 Nockolds St","98 RON","6,398","216.9",BP,"BP Walpole",WALPOLE,"(blank)"
"FuelWatch WA","FuelWatchRetail-05-2026.csv","May 17, 2026 @ 10:00:00.000","May 18, 2026 @ 22:00:01.000","1 Ballantyne Rd",PULP,"6,105","190.9",BP,"BP Welshpool",KEWDALE,"(blank)"
"FuelWatch WA","FuelWatchRetail-05-2026.csv","May 17, 2026 @ 10:00:00.000","May 18, 2026 @ 22:00:01.000","85 Queen Victoria St",PULP,"6,160","191.9",BP,"BP Westgate",FREMANTLE,"(blank)"
"FuelWatch WA","FuelWatchRetail-05-2026.csv","May 17, 2026 @ 10:00:00.000","May 18, 2026 @ 22:00:01.000","85 Queen Victoria St","98 RON","6,160","201.9",BP,"BP Westgate",FREMANTLE,"(blank)"
"FuelWatch WA","FuelWatchRetail-05-2026.csv","May 17, 2026 @ 10:00:00.000","May 18, 2026 @ 22:00:01.000","16 Albany Hwy",Diesel,"6,391","235.9",BP,"BP Williams Roadhouse",WILLIAMS,"(blank)"
"FuelWatch WA","FuelWatchRetail-05-2026.csv","May 17, 2026 @ 10:00:00.000","May 18, 2026 @ 22:00:01.000","16 Albany Hwy","98 RON","6,391","211.9",BP,"BP Williams Roadhouse",WILLIAMS,"(blank)"
"FuelWatch WA","FuelWatchRetail-05-2026.csv","May 17, 2026 @ 10:00:00.000","May 18, 2026 @ 22:00:01.000","190 North West Coastal Hwy",ULP,"6,530","181.9",BP,"BP Wonthella Service Station",WEBBERTON,"(blank)"
"FuelWatch WA","FuelWatchRetail-05-2026.csv","May 17, 2026 @ 10:00:00.000","May 18, 2026 @ 22:00:01.000","380 Great Eastern Hwy",ULP,"6,056","177.9",BP,"BP Woodbridge",WOODBRIDGE,"(blank)"
"FuelWatch WA","FuelWatchRetail-05-2026.csv","May 17, 2026 @ 10:00:00.000","May 18, 2026 @ 22:00:01.000","380 Great Eastern Hwy",LPG,"6,056","149.9",BP,"BP Woodbridge",WOODBRIDGE,"(blank)"
"FuelWatch WA","FuelWatchRetail-05-2026.csv","May 17, 2026 @ 10:00:00.000","May 18, 2026 @ 22:00:01.000","80-82 Great Northern Hwy",ULP,"6,612","219.9",BP,"BP Wubin",WUBIN,"(blank)"
"FuelWatch WA","FuelWatchRetail-05-2026.csv","May 17, 2026 @ 10:00:00.000","May 18, 2026 @ 22:00:01.000","80-82 Great Northern Hwy",LPG,"6,612","239.9",BP,"BP Wubin",WUBIN,"(blank)"
"FuelWatch WA","FuelWatchRetail-05-2026.csv","May 17, 2026 @ 10:00:00.000","May 18, 2026 @ 22:00:01.000","80-82 Great Northern Hwy","98 RON","6,612","269.5",BP,"BP Wubin",WUBIN,"(blank)"
"FuelWatch WA","FuelWatchRetail-05-2026.csv","May 17, 2026 @ 10:00:00.000","May 18, 2026 @ 22:00:01.000","4 Macpherson St",Diesel,"6,725","240.5","Broome Diesel","Broome Discount Diesel",DJUGUN,"(blank)"
"FuelWatch WA","FuelWatchRetail-05-2026.csv","May 17, 2026 @ 10:00:00.000","May 18, 2026 @ 22:00:01.000","12 Longstaff Ave",ULP,"6,038","167.3",Burk,"Burk Alkimos",ALKIMOS,"(blank)"
"FuelWatch WA","FuelWatchRetail-05-2026.csv","May 17, 2026 @ 10:00:00.000","May 18, 2026 @ 22:00:01.000","12 Longstaff Ave",Diesel,"6,038","209.3",Burk,"Burk Alkimos",ALKIMOS,"(blank)"
"FuelWatch WA","FuelWatchRetail-05-2026.csv","May 17, 2026 @ 10:00:00.000","May 18, 2026 @ 22:00:01.000","309 Guildford Rd",PULP,"6,054","179.3",Burk,"Burk Bassendean",BASSENDEAN,"(blank)"
"FuelWatch WA","FuelWatchRetail-05-2026.csv","May 17, 2026 @ 10:00:00.000","May 18, 2026 @ 22:00:01.000","309 Guildford Rd","98 RON","6,054","189.3",Burk,"Burk Bassendean",BASSENDEAN,"(blank)"
"FuelWatch WA","FuelWatchRetail-05-2026.csv","May 17, 2026 @ 10:00:00.000","May 18, 2026 @ 22:00:01.000","545 Bussell Hwy","98 RON","6,280","195.3",Burk,"Burk Broadwater",BROADWATER,"(blank)"
"FuelWatch WA","FuelWatchRetail-05-2026.csv","May 17, 2026 @ 10:00:00.000","May 18, 2026 @ 22:00:01.000","Cnr Westfield Rd & Ypres Rd",ULP,"6,111","167.3",Burk,"Burk Camillo",CAMILLO,"(blank)"
"FuelWatch WA","FuelWatchRetail-05-2026.csv","May 17, 2026 @ 10:00:00.000","May 18, 2026 @ 22:00:01.000","Cnr Westfield Rd & Ypres Rd",Diesel,"6,111","209.3",Burk,"Burk Camillo",CAMILLO,"(blank)"
"FuelWatch WA","FuelWatchRetail-05-2026.csv","May 17, 2026 @ 10:00:00.000","May 18, 2026 @ 22:00:01.000","8 Westonia Rd",ULP,"6,423","189.9",Burk,"Burk Carrabin",CARRABIN,"(blank)"
"FuelWatch WA","FuelWatchRetail-05-2026.csv","May 17, 2026 @ 10:00:00.000","May 18, 2026 @ 22:00:01.000","274 Gnangara Rd",Diesel,"6,065","203.3",Burk,"Burk Landsdale",LANDSDALE,"(blank)"
"FuelWatch WA","FuelWatchRetail-05-2026.csv","May 17, 2026 @ 10:00:00.000","May 18, 2026 @ 22:00:01.000","274 Gnangara Rd","Brand Diesel","6,065","209.3",Burk,"Burk Landsdale",LANDSDALE,"(blank)"
"FuelWatch WA","FuelWatchRetail-05-2026.csv","May 17, 2026 @ 10:00:00.000","May 18, 2026 @ 22:00:01.000","791 Beaufort St",ULP,"6,050","165.3",Burk,"Burk Mount Lawley","MOUNT LAWLEY","(blank)"
"FuelWatch WA","FuelWatchRetail-05-2026.csv","May 17, 2026 @ 10:00:00.000","May 18, 2026 @ 22:00:01.000","791 Beaufort St",Diesel,"6,050","205.3",Burk,"Burk Mount Lawley","MOUNT LAWLEY","(blank)"
"FuelWatch WA","FuelWatchRetail-05-2026.csv","May 17, 2026 @ 10:00:00.000","May 18, 2026 @ 22:00:01.000","1526 Thomas Rd","Brand Diesel","6,121","201.3",Burk,"Burk Oakford",OAKFORD,"(blank)"
"FuelWatch WA","FuelWatchRetail-05-2026.csv","May 17, 2026 @ 10:00:00.000","May 18, 2026 @ 22:00:01.000","10 Orchard Ave","Brand Diesel","6,112","229.9",Caltex,"Caltex Armadale",ARMADALE,"(blank)"
"FuelWatch WA","FuelWatchRetail-05-2026.csv","May 17, 2026 @ 10:00:00.000","May 18, 2026 @ 22:00:01.000","10 Orchard Ave","98 RON","6,112","203.9",Caltex,"Caltex Armadale",ARMADALE,"(blank)"
"FuelWatch WA","FuelWatchRetail-05-2026.csv","May 17, 2026 @ 10:00:00.000","May 18, 2026 @ 22:00:01.000","67 Ridge Bvd","Brand Diesel","6,171","229.9",Caltex,"Caltex Baldivis",BALDIVIS,"(blank)"
"FuelWatch WA","FuelWatchRetail-05-2026.csv","May 17, 2026 @ 10:00:00.000","May 18, 2026 @ 22:00:01.000","67 Ridge Bvd","98 RON","6,171","203.9",Caltex,"Caltex Baldivis",BALDIVIS,"(blank)"
"FuelWatch WA","FuelWatchRetail-05-2026.csv","May 17, 2026 @ 10:00:00.000","May 18, 2026 @ 22:00:01.000","715 Pinjarra Rd",ULP,"6,209","179.9",Caltex,"Caltex Barragup",BARRAGUP,"(blank)"
"FuelWatch WA","FuelWatchRetail-05-2026.csv","May 17, 2026 @ 10:00:00.000","May 18, 2026 @ 22:00:01.000","715 Pinjarra Rd","Brand Diesel","6,209","229.9",Caltex,"Caltex Barragup",BARRAGUP,"(blank)"
"FuelWatch WA","FuelWatchRetail-05-2026.csv","May 17, 2026 @ 10:00:00.000","May 18, 2026 @ 22:00:01.000","681 Albany Hwy",Diesel,"6,112","225.9",Caltex,"Caltex Bedfordale",BEDFORDALE,"(blank)"
"FuelWatch WA","FuelWatchRetail-05-2026.csv","May 17, 2026 @ 10:00:00.000","May 18, 2026 @ 22:00:01.000","16-20 Clayton St",ULP,"6,056","179.9",Caltex,"Caltex Bellevue",BELLEVUE,"(blank)"
"FuelWatch WA","FuelWatchRetail-05-2026.csv","May 17, 2026 @ 10:00:00.000","May 18, 2026 @ 22:00:01.000","16-20 Clayton St",PULP,"6,056","195.9",Caltex,"Caltex Bellevue",BELLEVUE,"(blank)"
"FuelWatch WA","FuelWatchRetail-05-2026.csv","May 17, 2026 @ 10:00:00.000","May 18, 2026 @ 22:00:01.000","16-20 Clayton St","98 RON","6,056","205.9",Caltex,"Caltex Bellevue",BELLEVUE,"(blank)"
"FuelWatch WA","FuelWatchRetail-05-2026.csv","May 17, 2026 @ 10:00:00.000","May 18, 2026 @ 22:00:01.000","33 Belvidere St","Brand Diesel","6,104","229.9",Caltex,"Caltex Belmont",BELMONT,"(blank)"
"FuelWatch WA","FuelWatchRetail-05-2026.csv","May 17, 2026 @ 10:00:00.000","May 18, 2026 @ 22:00:01.000","1/1163 Albany Hwy","98 RON","6,102","203.9",Caltex,"Caltex Bentley",BENTLEY,"(blank)"
"FuelWatch WA","FuelWatchRetail-05-2026.csv","May 17, 2026 @ 10:00:00.000","May 18, 2026 @ 22:00:01.000","7080 Forrest Hwy",ULP,"6,233","185.9",Caltex,"Caltex Binningup",BINNINGUP,"(blank)"
"FuelWatch WA","FuelWatchRetail-05-2026.csv","May 17, 2026 @ 10:00:00.000","May 18, 2026 @ 22:00:01.000","7080 Forrest Hwy",PULP,"6,233","201.9",Caltex,"Caltex Binningup",BINNINGUP,"(blank)"
"FuelWatch WA","FuelWatchRetail-05-2026.csv","May 17, 2026 @ 10:00:00.000","May 18, 2026 @ 22:00:01.000","1 Brittain Rd",PULP,"6,230","198.9",Caltex,"Caltex Bunbury South","CAREY PARK","(blank)"
"FuelWatch WA","FuelWatchRetail-05-2026.csv","May 17, 2026 @ 10:00:00.000","May 18, 2026 @ 22:00:01.000","1 Brittain Rd","Brand Diesel","6,230","229.9",Caltex,"Caltex Bunbury South","CAREY PARK","(blank)"
"FuelWatch WA","FuelWatchRetail-05-2026.csv","May 17, 2026 @ 10:00:00.000","May 18, 2026 @ 22:00:01.000","265 Great Eastern Hwy","Brand Diesel","6,100","229.9",Caltex,"Caltex Burswood",BURSWOOD,"(blank)"
"FuelWatch WA","FuelWatchRetail-05-2026.csv","May 17, 2026 @ 10:00:00.000","May 18, 2026 @ 22:00:01.000","265 Great Eastern Hwy","98 RON","6,100","203.9",Caltex,"Caltex Burswood",BURSWOOD,"(blank)"
"FuelWatch WA","FuelWatchRetail-05-2026.csv","May 17, 2026 @ 10:00:00.000","May 18, 2026 @ 22:00:01.000","99 Causeway Rd","Brand Diesel","6,280","233.9",Caltex,"Caltex Busselton",BUSSELTON,"(blank)"
"FuelWatch WA","FuelWatchRetail-05-2026.csv","May 17, 2026 @ 10:00:00.000","May 18, 2026 @ 22:00:01.000","99 Causeway Rd","98 RON","6,280","209.9",Caltex,"Caltex Busselton",BUSSELTON,"(blank)"
"FuelWatch WA","FuelWatchRetail-05-2026.csv","May 17, 2026 @ 10:00:00.000","May 18, 2026 @ 22:00:01.000","8 Kardan Bvd",ULP,"6,122","175.9",Caltex,"Caltex Byford",BYFORD,"(blank)"
"FuelWatch WA","FuelWatchRetail-05-2026.csv","May 17, 2026 @ 10:00:00.000","May 18, 2026 @ 22:00:01.000","8 Kardan Bvd",PULP,"6,122","191.9",Caltex,"Caltex Byford",BYFORD,"(blank)"
"FuelWatch WA","FuelWatchRetail-05-2026.csv","May 17, 2026 @ 10:00:00.000","May 18, 2026 @ 22:00:01.000","8 Kardan Bvd","Brand Diesel","6,122","219.9",Caltex,"Caltex Byford",BYFORD,"(blank)"
"FuelWatch WA","FuelWatchRetail-05-2026.csv","May 17, 2026 @ 10:00:00.000","May 18, 2026 @ 22:00:01.000","Lot 6 Beckwith Rd","98 RON","6,450","216.9",Caltex,"Caltex Chadwick OPT",CHADWICK,"(blank)"
"FuelWatch WA","FuelWatchRetail-05-2026.csv","May 17, 2026 @ 10:00:00.000","May 18, 2026 @ 22:00:01.000","393 Canning Hwy",PULP,"6,152","193.9",Caltex,"Caltex Como",COMO,"(blank)"
"FuelWatch WA","FuelWatchRetail-05-2026.csv","May 17, 2026 @ 10:00:00.000","May 18, 2026 @ 22:00:01.000","393 Canning Hwy","Brand Diesel","6,152","229.9",Caltex,"Caltex Como",COMO,"(blank)"
"FuelWatch WA","FuelWatchRetail-05-2026.csv","May 17, 2026 @ 10:00:00.000","May 18, 2026 @ 22:00:01.000","8 Repton St",ULP,"6,055","175.9",Caltex,"Caltex Dayton",DAYTON,"(blank)"
"FuelWatch WA","FuelWatchRetail-05-2026.csv","May 17, 2026 @ 10:00:00.000","May 18, 2026 @ 22:00:01.000","8 Repton St",PULP,"6,055","191.9",Caltex,"Caltex Dayton",DAYTON,"(blank)"
"FuelWatch WA","FuelWatchRetail-05-2026.csv","May 17, 2026 @ 10:00:00.000","May 18, 2026 @ 22:00:01.000","2 The Gateway",ULP,"6,027","179.9",Caltex,"Caltex Edgewater",EDGEWATER,"(blank)"
"FuelWatch WA","FuelWatchRetail-05-2026.csv","May 17, 2026 @ 10:00:00.000","May 18, 2026 @ 22:00:01.000","2 The Gateway","Brand Diesel","6,027","223.9",Caltex,"Caltex Edgewater",EDGEWATER,"(blank)"
"FuelWatch WA","FuelWatchRetail-05-2026.csv","May 17, 2026 @ 10:00:00.000","May 18, 2026 @ 22:00:01.000","4 Remisko Dr",ULP,"6,112","179.9",Caltex,"Caltex Forrestdale",FORRESTDALE,"(blank)"
"FuelWatch WA","FuelWatchRetail-05-2026.csv","May 17, 2026 @ 10:00:00.000","May 18, 2026 @ 22:00:01.000","4 Remisko Dr","Brand Diesel","6,112","223.9",Caltex,"Caltex Forrestdale",FORRESTDALE,"(blank)"
"FuelWatch WA","FuelWatchRetail-05-2026.csv","May 17, 2026 @ 10:00:00.000","May 18, 2026 @ 22:00:01.000","1400 Great Eastern Hwy","Brand Diesel","6,071","225.9",Caltex,"Caltex Glen Forrest","GLEN FORREST","(blank)"
"FuelWatch WA","FuelWatchRetail-05-2026.csv","May 17, 2026 @ 10:00:00.000","May 18, 2026 @ 22:00:01.000","1182 Chapman Rd","Brand Diesel","6,532","236.9",Caltex,"Caltex Glenfield",GLENFIELD,"(blank)"
"FuelWatch WA","FuelWatchRetail-05-2026.csv","May 17, 2026 @ 10:00:00.000","May 18, 2026 @ 22:00:01.000","1182 Chapman Rd","98 RON","6,532","209.9",Caltex,"Caltex Glenfield",GLENFIELD,"(blank)"
"FuelWatch WA","FuelWatchRetail-05-2026.csv","May 17, 2026 @ 10:00:00.000","May 18, 2026 @ 22:00:01.000","1 Wishart St","Brand Diesel","6,018","229.9",Caltex,"Caltex Gwelup",GWELUP,"(blank)"
"FuelWatch WA","FuelWatchRetail-05-2026.csv","May 17, 2026 @ 10:00:00.000","May 18, 2026 @ 22:00:01.000","224 Clontarf Rd","Brand Diesel","6,163","225.9",Caltex,"Caltex Hamilton Hill North","HAMILTON HILL","(blank)"
"FuelWatch WA","FuelWatchRetail-05-2026.csv","May 17, 2026 @ 10:00:00.000","May 18, 2026 @ 22:00:01.000","216 Rockingham Rd",ULP,"6,163","177.9",Caltex,"Caltex Hamilton Hill South","HAMILTON HILL","(blank)"
"FuelWatch WA","FuelWatchRetail-05-2026.csv","May 17, 2026 @ 10:00:00.000","May 18, 2026 @ 22:00:01.000","216 Rockingham Rd","Brand Diesel","6,163","225.9",Caltex,"Caltex Hamilton Hill South","HAMILTON HILL","(blank)"
"FuelWatch WA","FuelWatchRetail-05-2026.csv","May 17, 2026 @ 10:00:00.000","May 18, 2026 @ 22:00:01.000","216 Rockingham Rd","98 RON","6,163","203.9",Caltex,"Caltex Hamilton Hill South","HAMILTON HILL","(blank)"
"FuelWatch WA","FuelWatchRetail-05-2026.csv","May 17, 2026 @ 10:00:00.000","May 18, 2026 @ 22:00:01.000","81 Quill Way",ULP,"6,166","179.9",Caltex,"Caltex Henderson OPT",HENDERSON,"(blank)"
"FuelWatch WA","FuelWatchRetail-05-2026.csv","May 17, 2026 @ 10:00:00.000","May 18, 2026 @ 22:00:01.000","81 Quill Way","Brand Diesel","6,166","223.9",Caltex,"Caltex Henderson OPT",HENDERSON,"(blank)"
"FuelWatch WA","FuelWatchRetail-05-2026.csv","May 17, 2026 @ 10:00:00.000","May 18, 2026 @ 22:00:01.000","494 Kalamunda Rd",PULP,"6,057","195.9",Caltex,"Caltex High Wycombe OPT","HIGH WYCOMBE","(blank)"
"FuelWatch WA","FuelWatchRetail-05-2026.csv","May 17, 2026 @ 10:00:00.000","May 18, 2026 @ 22:00:01.000","77 Egan St","Brand Diesel","6,430","235.9",Caltex,"Caltex Kalgoorlie",KALGOORLIE,"(blank)"
"FuelWatch WA","FuelWatchRetail-05-2026.csv","May 17, 2026 @ 10:00:00.000","May 18, 2026 @ 22:00:01.000","164 Brookton Hwy","98 RON","6,111","205.9",Caltex,"Caltex Karragullen",KARRAGULLEN,"(blank)"
"FuelWatch WA","FuelWatchRetail-05-2026.csv","May 17, 2026 @ 10:00:00.000","May 18, 2026 @ 22:00:01.000","2907 Albany Hwy",LPG,"6,111","149.9",Caltex,"Caltex Kelmscott",KELMSCOTT,"(blank)"
"FuelWatch WA","FuelWatchRetail-05-2026.csv","May 17, 2026 @ 10:00:00.000","May 18, 2026 @ 22:00:01.000","157 Morley Dr",LPG,"6,054","139.9",Caltex,"Caltex Kiara",KIARA,"(blank)"
"FuelWatch WA","FuelWatchRetail-05-2026.csv","May 17, 2026 @ 10:00:00.000","May 18, 2026 @ 22:00:01.000","157 Morley Dr","98 RON","6,054","203.9",Caltex,"Caltex Kiara",KIARA,"(blank)"
"FuelWatch WA","FuelWatchRetail-05-2026.csv","May 17, 2026 @ 10:00:00.000","May 18, 2026 @ 22:00:01.000","4 Ocean St",PULP,"6,167","194.9",Caltex,"Caltex Kwinana Truck Stop","KWINANA BEACH","(blank)"
"FuelWatch WA","FuelWatchRetail-05-2026.csv","May 17, 2026 @ 10:00:00.000","May 18, 2026 @ 22:00:01.000","4 Ocean St","98 RON","6,167","205.9",Caltex,"Caltex Kwinana Truck Stop","KWINANA BEACH","(blank)"
"FuelWatch WA","FuelWatchRetail-05-2026.csv","May 17, 2026 @ 10:00:00.000","May 18, 2026 @ 22:00:01.000","6 Dollyup St","Brand Diesel","6,210","222.9",Caltex,"Caltex Lakes Road Nambeelup","STAKE HILL","(blank)"
"FuelWatch WA","FuelWatchRetail-05-2026.csv","May 17, 2026 @ 10:00:00.000","May 18, 2026 @ 22:00:01.000","220 Gnangara Rd",ULP,"6,065","175.9",Caltex,"Caltex Landsdale",LANDSDALE,"(blank)"
"FuelWatch WA","FuelWatchRetail-05-2026.csv","May 17, 2026 @ 10:00:00.000","May 18, 2026 @ 22:00:01.000","230-234 Nicholson Rd",ULP,"6,147","178.9",Caltex,"Caltex Langford",LANGFORD,"(blank)"
"FuelWatch WA","FuelWatchRetail-05-2026.csv","May 17, 2026 @ 10:00:00.000","May 18, 2026 @ 22:00:01.000","194 Canning Rd",ULP,"6,076","179.9",Caltex,"Caltex Lesmurdie",LESMURDIE,"(blank)"
"FuelWatch WA","FuelWatchRetail-05-2026.csv","May 17, 2026 @ 10:00:00.000","May 18, 2026 @ 22:00:01.000","18 Orchard Rd",ULP,"6,109","179.9",Caltex,"Caltex Maddington Truck Stop",MADDINGTON,"(blank)"
"FuelWatch WA","FuelWatchRetail-05-2026.csv","May 17, 2026 @ 10:00:00.000","May 18, 2026 @ 22:00:01.000","182 Wanneroo Rd",ULP,"6,065","179.9",Caltex,"Caltex Madeley",MADELEY,"(blank)"
"FuelWatch WA","FuelWatchRetail-05-2026.csv","May 17, 2026 @ 10:00:00.000","May 18, 2026 @ 22:00:01.000","1896 Beach Rd","Brand Diesel","6,090","229.9",Caltex,"Caltex Malaga",MALAGA,"(blank)"
"FuelWatch WA","FuelWatchRetail-05-2026.csv","May 17, 2026 @ 10:00:00.000","May 18, 2026 @ 22:00:01.000","1896 Beach Rd","98 RON","6,090","205.9",Caltex,"Caltex Malaga",MALAGA,"(blank)"
"FuelWatch WA","FuelWatchRetail-05-2026.csv","May 17, 2026 @ 10:00:00.000","May 18, 2026 @ 22:00:01.000","105 Reserve Dr",ULP,"6,210","175.9",Caltex,"Caltex Mandurah",MANDURAH,"(blank)"
"FuelWatch WA","FuelWatchRetail-05-2026.csv","May 17, 2026 @ 10:00:00.000","May 18, 2026 @ 22:00:01.000","1182 South Western Hwy","Brand Diesel","6,258","231.9",Caltex,"Caltex Manjimup Roadhouse",MANJIMUP,"(blank)"
"FuelWatch WA","FuelWatchRetail-05-2026.csv","May 17, 2026 @ 10:00:00.000","May 18, 2026 @ 22:00:01.000","1182 South Western Hwy","98 RON","6,258","210.9",Caltex,"Caltex Manjimup Roadhouse",MANJIMUP,"(blank)"
"FuelWatch WA","FuelWatchRetail-05-2026.csv","May 17, 2026 @ 10:00:00.000","May 18, 2026 @ 22:00:01.000","25 Meadow Springs Dr",PULP,"6,210","195.9",Caltex,"Caltex Meadow Springs","MEADOW SPRINGS","(blank)"
"FuelWatch WA","FuelWatchRetail-05-2026.csv","May 17, 2026 @ 10:00:00.000","May 18, 2026 @ 22:00:01.000","181-183 Todd St",PULP,"6,415","210.9",Caltex,"Caltex Merredin",MERREDIN,"(blank)"
"FuelWatch WA","FuelWatchRetail-05-2026.csv","May 17, 2026 @ 10:00:00.000","May 18, 2026 @ 22:00:01.000","4 Hughie Edwards Dr",PULP,"6,030","193.9",Caltex,"Caltex Merriwa",MERRIWA,"(blank)"
"FuelWatch WA","FuelWatchRetail-05-2026.csv","May 17, 2026 @ 10:00:00.000","May 18, 2026 @ 22:00:01.000","22 Anchorage Dr",PULP,"6,030","193.9",Caltex,"Caltex Mindarie",MINDARIE,"(blank)"
"FuelWatch WA","FuelWatchRetail-05-2026.csv","May 17, 2026 @ 10:00:00.000","May 18, 2026 @ 22:00:01.000","22 Anchorage Dr","Brand Diesel","6,030","225.9",Caltex,"Caltex Mindarie",MINDARIE,"(blank)"
"FuelWatch WA","FuelWatchRetail-05-2026.csv","May 17, 2026 @ 10:00:00.000","May 18, 2026 @ 22:00:01.000","65 Roberts St",ULP,"6,510","197.9",Caltex,"Caltex Moora",MOORA,"(blank)"
"FuelWatch WA","FuelWatchRetail-05-2026.csv","May 17, 2026 @ 10:00:00.000","May 18, 2026 @ 22:00:01.000","65 Roberts St","Brand Diesel","6,510","239.9",Caltex,"Caltex Moora",MOORA,"(blank)"
"FuelWatch WA","FuelWatchRetail-05-2026.csv","May 17, 2026 @ 10:00:00.000","May 18, 2026 @ 22:00:01.000","81 Guildford Rd",PULP,"6,050","195.9",Caltex,"Caltex Mount Lawley","MOUNT LAWLEY","(blank)"
"FuelWatch WA","FuelWatchRetail-05-2026.csv","May 17, 2026 @ 10:00:00.000","May 18, 2026 @ 22:00:01.000","81 Guildford Rd","Brand Diesel","6,050","229.9",Caltex,"Caltex Mount Lawley","MOUNT LAWLEY","(blank)"
"FuelWatch WA","FuelWatchRetail-05-2026.csv","May 17, 2026 @ 10:00:00.000","May 18, 2026 @ 22:00:01.000","317 Albany Hwy","98 RON","6,330","211.9",Caltex,"Caltex Mt Melville","MOUNT MELVILLE","(blank)"
"FuelWatch WA","FuelWatchRetail-05-2026.csv","May 17, 2026 @ 10:00:00.000","May 18, 2026 @ 22:00:01.000","7060 Great Eastern Hwy",PULP,"6,073","195.9",Caltex,"Caltex Mundaring",MUNDARING,"(blank)"
"FuelWatch WA","FuelWatchRetail-05-2026.csv","May 17, 2026 @ 10:00:00.000","May 18, 2026 @ 22:00:01.000","7060 Great Eastern Hwy","Brand Diesel","6,073","225.9",Caltex,"Caltex Mundaring",MUNDARING,"(blank)"
"FuelWatch WA","FuelWatchRetail-05-2026.csv","May 17, 2026 @ 10:00:00.000","May 18, 2026 @ 22:00:01.000","7060 Great Eastern Hwy","98 RON","6,073","205.9",Caltex,"Caltex Mundaring",MUNDARING,"(blank)"
"FuelWatch WA","FuelWatchRetail-05-2026.csv","May 17, 2026 @ 10:00:00.000","May 18, 2026 @ 22:00:01.000","170 Murdoch Dr",ULP,"6,150","179.9",Caltex,"Caltex Murdoch",MURDOCH,"(blank)"
"FuelWatch WA","FuelWatchRetail-05-2026.csv","May 17, 2026 @ 10:00:00.000","May 18, 2026 @ 22:00:01.000","170 Murdoch Dr","Brand Diesel","6,150","229.9",Caltex,"Caltex Murdoch",MURDOCH,"(blank)"
"FuelWatch WA","FuelWatchRetail-05-2026.csv","May 17, 2026 @ 10:00:00.000","May 18, 2026 @ 22:00:01.000","6043 Forrest Hwy",ULP,"6,220","185.9",Caltex,"Caltex Myalup",MYALUP,"(blank)"
"FuelWatch WA","FuelWatchRetail-05-2026.csv","May 17, 2026 @ 10:00:00.000","May 18, 2026 @ 22:00:01.000","6043 Forrest Hwy",PULP,"6,220","201.9",Caltex,"Caltex Myalup",MYALUP,"(blank)"
"FuelWatch WA","FuelWatchRetail-05-2026.csv","May 17, 2026 @ 10:00:00.000","May 18, 2026 @ 22:00:01.000","Cnr Rockingham Rd & Lee Rd",Diesel,"6,165","216.9",Caltex,"Caltex Naval Base","NAVAL BASE","(blank)"
"FuelWatch WA","FuelWatchRetail-05-2026.csv","May 17, 2026 @ 10:00:00.000","May 18, 2026 @ 22:00:01.000","Cnr Rockingham Rd & Lee Rd",LPG,"6,165","135.5",Caltex,"Caltex Naval Base","NAVAL BASE","(blank)"
"FuelWatch WA","FuelWatchRetail-05-2026.csv","May 17, 2026 @ 10:00:00.000","May 18, 2026 @ 22:00:01.000","2056 Wanneroo Rd",PULP,"6,031","191.9",Caltex,"Caltex Neerabup",NEERABUP,"(blank)"
"FuelWatch WA","FuelWatchRetail-05-2026.csv","May 17, 2026 @ 10:00:00.000","May 18, 2026 @ 22:00:01.000","2056 Wanneroo Rd","98 RON","6,031","201.9",Caltex,"Caltex Neerabup",NEERABUP,"(blank)"
"FuelWatch WA","FuelWatchRetail-05-2026.csv","May 17, 2026 @ 10:00:00.000","May 18, 2026 @ 22:00:01.000","8 Main St",ULP,"6,017","177.9",Caltex,"Caltex Osborne Park","OSBORNE PARK","(blank)"
"FuelWatch WA","FuelWatchRetail-05-2026.csv","May 17, 2026 @ 10:00:00.000","May 18, 2026 @ 22:00:01.000","8 Main St",PULP,"6,017","193.9",Caltex,"Caltex Osborne Park","OSBORNE PARK","(blank)"
"FuelWatch WA","FuelWatchRetail-05-2026.csv","May 17, 2026 @ 10:00:00.000","May 18, 2026 @ 22:00:01.000","8 Main St","98 RON","6,017","203.9",Caltex,"Caltex Osborne Park","OSBORNE PARK","(blank)"
"FuelWatch WA","FuelWatchRetail-05-2026.csv","May 17, 2026 @ 10:00:00.000","May 18, 2026 @ 22:00:01.000","60 Meares Ave","Brand Diesel","6,167","229.9",Caltex,"Caltex Parmelia","KWINANA TOWN CENTRE","(blank)"
"FuelWatch WA","FuelWatchRetail-05-2026.csv","May 17, 2026 @ 10:00:00.000","May 18, 2026 @ 22:00:01.000","204 Shiraz Bvd",ULP,"6,065","177.9",Caltex,"Caltex Pearsall",PEARSALL,"(blank)"
"FuelWatch WA","FuelWatchRetail-05-2026.csv","May 17, 2026 @ 10:00:00.000","May 18, 2026 @ 22:00:01.000","204 Shiraz Bvd",PULP,"6,065","193.9",Caltex,"Caltex Pearsall",PEARSALL,"(blank)"
"FuelWatch WA","FuelWatchRetail-05-2026.csv","May 17, 2026 @ 10:00:00.000","May 18, 2026 @ 22:00:01.000","204 Shiraz Bvd","Brand Diesel","6,065","219.9",Caltex,"Caltex Pearsall",PEARSALL,"(blank)"
"FuelWatch WA","FuelWatchRetail-05-2026.csv","May 17, 2026 @ 10:00:00.000","May 18, 2026 @ 22:00:01.000","7 Maritana St","Brand Diesel","6,430","235.9",Caltex,"Caltex Piccadilly",PICCADILLY,"(blank)"
"FuelWatch WA","FuelWatchRetail-05-2026.csv","May 17, 2026 @ 10:00:00.000","May 18, 2026 @ 22:00:01.000","1 Altitude Ave",PULP,"6,721","228.9",Caltex,"Caltex South Hedland","PORT HEDLAND","(blank)"
"FuelWatch WA","FuelWatchRetail-05-2026.csv","May 17, 2026 @ 10:00:00.000","May 18, 2026 @ 22:00:01.000","1 Brady St",ULP,"6,065","177.9",Caltex,"Caltex Wangara",WANGARA,"(blank)"
"FuelWatch WA","FuelWatchRetail-05-2026.csv","May 17, 2026 @ 10:00:00.000","May 18, 2026 @ 22:00:01.000","1 Brady St","Brand Diesel","6,065","219.9",Caltex,"Caltex Wangara",WANGARA,"(blank)"
"FuelWatch WA","FuelWatchRetail-05-2026.csv","May 17, 2026 @ 10:00:00.000","May 18, 2026 @ 22:00:01.000","1 Brady St","98 RON","6,065","203.9",Caltex,"Caltex Wangara",WANGARA,"(blank)"
"FuelWatch WA","FuelWatchRetail-05-2026.csv","May 17, 2026 @ 10:00:00.000","May 18, 2026 @ 22:00:01.000","649-651 Safety Bay Rd",PULP,"6,169","195.9",Caltex,"Caltex Warnbro",WARNBRO,"(blank)"
"FuelWatch WA","FuelWatchRetail-05-2026.csv","May 17, 2026 @ 10:00:00.000","May 18, 2026 @ 22:00:01.000","604 Welshpool Rd East","Brand Diesel","6,107","223.9",Caltex,"Caltex Wattle Grove","WATTLE GROVE","(blank)"
"FuelWatch WA","FuelWatchRetail-05-2026.csv","May 17, 2026 @ 10:00:00.000","May 18, 2026 @ 22:00:01.000","23 Kewdale Rd",ULP,"6,106","179.9",Caltex,"Caltex Welshpool",WELSHPOOL,"(blank)"
"FuelWatch WA","FuelWatchRetail-05-2026.csv","May 17, 2026 @ 10:00:00.000","May 18, 2026 @ 22:00:01.000","3381 Great Eastern Hwy","98 RON","6,558","205.9",Caltex,"Caltex Wooroloo",WOOROLOO,"(blank)"
"FuelWatch WA","FuelWatchRetail-05-2026.csv","May 17, 2026 @ 10:00:00.000","May 18, 2026 @ 22:00:01.000","398 Hector St","Brand Diesel","6,060","226.9",Caltex,"Caltex Yokine",YOKINE,"(blank)"
"FuelWatch WA","FuelWatchRetail-05-2026.csv","May 17, 2026 @ 10:00:00.000","May 18, 2026 @ 22:00:01.000","398 Hector St","98 RON","6,060","205.9",Caltex,"Caltex Yokine",YOKINE,"(blank)"
"FuelWatch WA","FuelWatchRetail-05-2026.csv","May 17, 2026 @ 10:00:00.000","May 18, 2026 @ 22:00:01.000","57 Goldfields Rd","98 RON","6,450","215.9",BP,"Castletown Service Station",CASTLETOWN,"(blank)"
"FuelWatch WA","FuelWatchRetail-05-2026.csv","May 17, 2026 @ 10:00:00.000","May 18, 2026 @ 22:00:01.000","2 Seville St","98 RON","6,511",255,Liberty,"Cervantes Service Station",CERVANTES,"(blank)"
"FuelWatch WA","FuelWatchRetail-05-2026.csv","May 17, 2026 @ 10:00:00.000","May 18, 2026 @ 22:00:01.000","3 Bandicoot Dr",Diesel,"6,743","247.5","CGL Fuel","CGL Fuel",KUNUNURRA,"(blank)"
"FuelWatch WA","FuelWatchRetail-05-2026.csv","May 17, 2026 @ 10:00:00.000","May 18, 2026 @ 22:00:01.000","12 Bald Island Rd",ULP,"6,328","201.5",Independent,"Cheynes Beach Caravan Park",CHEYNES,"(blank)"
"FuelWatch WA","FuelWatchRetail-05-2026.csv","May 17, 2026 @ 10:00:00.000","May 18, 2026 @ 22:00:01.000","570 Rosedale Rd",Diesel,"6,556",249,Independent,"Chidlow Growers Mart Liquor Store",CHIDLOW,"(blank)"
"FuelWatch WA","FuelWatchRetail-05-2026.csv","May 17, 2026 @ 10:00:00.000","May 18, 2026 @ 22:00:01.000","14755 South Western Hwy",ULP,"6,229","177.9",Phoenix,"Condello's Liquor Waterloo","PICTON EAST","(blank)"
"FuelWatch WA","FuelWatchRetail-05-2026.csv","May 17, 2026 @ 10:00:00.000","May 18, 2026 @ 22:00:01.000","14755 South Western Hwy",Diesel,"6,229","209.6",Phoenix,"Condello's Liquor Waterloo","PICTON EAST","(blank)"
"FuelWatch WA","FuelWatchRetail-05-2026.csv","May 17, 2026 @ 10:00:00.000","May 18, 2026 @ 22:00:01.000","45 Banksia Dr",ULP,"6,701","230.8",Ampol,"Coral Bay Fuel","CORAL BAY","(blank)"
"FuelWatch WA","FuelWatchRetail-05-2026.csv","May 17, 2026 @ 10:00:00.000","May 18, 2026 @ 22:00:01.000","45 Banksia Dr",Diesel,"6,701","271.8",Ampol,"Coral Bay Fuel","CORAL BAY","(blank)"
"FuelWatch WA","FuelWatchRetail-05-2026.csv","May 17, 2026 @ 10:00:00.000","May 18, 2026 @ 22:00:01.000","137 Market St",ULP,"6,167","166.7",Costco,"Costco Casuarina",CASUARINA,"(blank)"
"FuelWatch WA","FuelWatchRetail-05-2026.csv","May 17, 2026 @ 10:00:00.000","May 18, 2026 @ 22:00:01.000","137 Market St","Brand Diesel","6,167","208.7",Costco,"Costco Casuarina",CASUARINA,"(blank)"
"FuelWatch WA","FuelWatchRetail-05-2026.csv","May 17, 2026 @ 10:00:00.000","May 18, 2026 @ 22:00:01.000","137 Market St","98 RON","6,167","184.7",Costco,"Costco Casuarina",CASUARINA,"(blank)"
"FuelWatch WA","FuelWatchRetail-05-2026.csv","May 17, 2026 @ 10:00:00.000","May 18, 2026 @ 22:00:01.000","142 Dunreath Dr","98 RON","6,105","184.7",Costco,"Costco Perth Airport","PERTH AIRPORT","(blank)"
"FuelWatch WA","FuelWatchRetail-05-2026.csv","May 17, 2026 @ 10:00:00.000","May 18, 2026 @ 22:00:01.000","24 Maitland Rd",Diesel,"6,630","229.9",BP,"Crudeli's Auto Repairs",MULLEWA,"(blank)"
"FuelWatch WA","FuelWatchRetail-05-2026.csv","May 17, 2026 @ 10:00:00.000","May 18, 2026 @ 22:00:01.000","Cygnet Bay Rd",ULP,"6,725","252.5",Independent,"Cygnet Bay","DAMPIER PENINSULA","(blank)"
"FuelWatch WA","FuelWatchRetail-05-2026.csv","May 17, 2026 @ 10:00:00.000","May 18, 2026 @ 22:00:01.000","1230 Rosa Brook Rd",ULP,"6,285",203,Independent,"Darnell's General Store","ROSA BROOK","(blank)"
"FuelWatch WA","FuelWatchRetail-05-2026.csv","May 17, 2026 @ 10:00:00.000","May 18, 2026 @ 22:00:01.000","1230 Rosa Brook Rd",Diesel,"6,285",256,Independent,"Darnell's General Store","ROSA BROOK","(blank)"
"FuelWatch WA","FuelWatchRetail-05-2026.csv","May 17, 2026 @ 10:00:00.000","May 18, 2026 @ 22:00:01.000","8222 South Western Hwy",Diesel,"6,215","218.9",Independent,"De Rosa's Highway Motors",WAROONA,"(blank)"
"FuelWatch WA","FuelWatchRetail-05-2026.csv","May 17, 2026 @ 10:00:00.000","May 18, 2026 @ 22:00:01.000","Lot 297 Broome-Cape Leveque Rd",ULP,"6,725","284.3",Independent,"Djarindjin Roadhouse","DAMPIER PENINSULA","(blank)"
"FuelWatch WA","FuelWatchRetail-05-2026.csv","May 17, 2026 @ 10:00:00.000","May 18, 2026 @ 22:00:01.000","Lot 297 Broome-Cape Leveque Rd",Diesel,"6,725",295,Independent,"Djarindjin Roadhouse","DAMPIER PENINSULA","(blank)"
"FuelWatch WA","FuelWatchRetail-05-2026.csv","May 17, 2026 @ 10:00:00.000","May 18, 2026 @ 22:00:01.000","13 Station St","Brand Diesel","6,411",329,Liberty,"Doodlakine Store",DOODLAKINE,"(blank)"
"FuelWatch WA","FuelWatchRetail-05-2026.csv","May 17, 2026 @ 10:00:00.000","May 18, 2026 @ 22:00:01.000","Lot 815 Great Northern Hwy",Diesel,"6,743",269,Independent,"Doon Doon Roadhouse",DURACK,"(blank)"
"FuelWatch WA","FuelWatchRetail-05-2026.csv","May 17, 2026 @ 10:00:00.000","May 18, 2026 @ 22:00:01.000","8 Goldfields Rd",PULP,"6,461","229.9",Independent,"Dowerin Roadhouse",DOWERIN,"(blank)"
"FuelWatch WA","FuelWatchRetail-05-2026.csv","May 17, 2026 @ 10:00:00.000","May 18, 2026 @ 22:00:01.000","8 Goldfields Rd",Diesel,"6,461","229.9",Independent,"Dowerin Roadhouse",DOWERIN,"(blank)"
"FuelWatch WA","FuelWatchRetail-05-2026.csv","May 17, 2026 @ 10:00:00.000","May 18, 2026 @ 22:00:01.000","Lot 303 Absolon St",ULP,"6,350","205.9",Independent,"Dumbleyung Roadhouse Cafe and Restaurant",DUMBLEYUNG,"(blank)"
"FuelWatch WA","FuelWatchRetail-05-2026.csv","May 17, 2026 @ 10:00:00.000","May 18, 2026 @ 22:00:01.000","7 Clementson St",Diesel,"6,725","246.5",Shell,"Dunning's Broome",BROOME,"(blank)"
"FuelWatch WA","FuelWatchRetail-05-2026.csv","May 17, 2026 @ 10:00:00.000","May 18, 2026 @ 22:00:01.000","30 McDaniel Rd",Diesel,"6,725","244.5","Dunning's","Dunning's Broome Depot",MINYIRR,"(blank)"
"FuelWatch WA","FuelWatchRetail-05-2026.csv","May 17, 2026 @ 10:00:00.000","May 18, 2026 @ 22:00:01.000","5066 Great Northern Hwy",Diesel,"6,084","223.5",Shell,"Dunning's Chittering",CHITTERING,"(blank)"
"FuelWatch WA","FuelWatchRetail-05-2026.csv","May 17, 2026 @ 10:00:00.000","May 18, 2026 @ 22:00:01.000","2-4 Forward St","98 RON","6,460","213.9",Shell,"Dunning's Goomalling",GOOMALLING,"(blank)"
"FuelWatch WA","FuelWatchRetail-05-2026.csv","May 17, 2026 @ 10:00:00.000","May 18, 2026 @ 22:00:01.000","520 Robinson St",Diesel,"6,701","259.5","Dunning's","Dunning's KCD Fuels",KINGSFORD,"(blank)"
"FuelWatch WA","FuelWatchRetail-05-2026.csv","May 17, 2026 @ 10:00:00.000","May 18, 2026 @ 22:00:01.000","5 Margerison St","98 RON","6,258","207.5","Dunning's","Dunning's Manjimup",MANJIMUP,"(blank)"
"FuelWatch WA","FuelWatchRetail-05-2026.csv","May 17, 2026 @ 10:00:00.000","May 18, 2026 @ 22:00:01.000","21 Willis St",Diesel,"6,753","266.5",Shell,"Dunning's Newman",NEWMAN,"(blank)"
"FuelWatch WA","FuelWatchRetail-05-2026.csv","May 17, 2026 @ 10:00:00.000","May 18, 2026 @ 22:00:01.000","38 Peel Tce",ULP,"6,401","185.5",Shell,"Dunning's Northam",NORTHAM,"(blank)"
"FuelWatch WA","FuelWatchRetail-05-2026.csv","May 17, 2026 @ 10:00:00.000","May 18, 2026 @ 22:00:01.000","Lot 847 Great Eastern Hwy",ULP,"6,426","196.9",Shell,"Dunning's Southern Cross","SOUTHERN CROSS","(blank)"
"FuelWatch WA","FuelWatchRetail-05-2026.csv","May 17, 2026 @ 10:00:00.000","May 18, 2026 @ 22:00:01.000","Lot 847 Great Eastern Hwy",Diesel,"6,426","229.9",Shell,"Dunning's Southern Cross","SOUTHERN CROSS","(blank)"
"FuelWatch WA","FuelWatchRetail-05-2026.csv","May 17, 2026 @ 10:00:00.000","May 18, 2026 @ 22:00:01.000","28 Stirling Tce","98 RON","6,566","213.9",Shell,"Dunning's Toodyay Junction",TOODYAY,"(blank)"
"FuelWatch WA","FuelWatchRetail-05-2026.csv","May 17, 2026 @ 10:00:00.000","May 18, 2026 @ 22:00:01.000","143 Stirling Tce",ULP,"6,566","193.9",Shell,"Dunning's Toodyay Roadhouse",TOODYAY,"(blank)"
"FuelWatch WA","FuelWatchRetail-05-2026.csv","May 17, 2026 @ 10:00:00.000","May 18, 2026 @ 22:00:01.000","143 Stirling Tce",Diesel,"6,566","229.9",Shell,"Dunning's Toodyay Roadhouse",TOODYAY,"(blank)"
"FuelWatch WA","FuelWatchRetail-05-2026.csv","May 17, 2026 @ 10:00:00.000","May 18, 2026 @ 22:00:01.000","6 Tailings Elb",Diesel,"6,721","249.5",Shell,"Dunning's Wedgefield",WEDGEFIELD,"(blank)"
"FuelWatch WA","FuelWatchRetail-05-2026.csv","May 17, 2026 @ 10:00:00.000","May 18, 2026 @ 22:00:01.000","48 McLarty St",Diesel,"6,213","239.7",BP,"Dwellingup BP",DWELLINGUP,"(blank)"
"FuelWatch WA","FuelWatchRetail-05-2026.csv","May 17, 2026 @ 10:00:00.000","May 18, 2026 @ 22:00:01.000","Cnr Mansbridge St & Agnew Rd",Diesel,"6,437","279.9",Eagle,"Eagle Leinster",LEINSTER,"(blank)"
"FuelWatch WA","FuelWatchRetail-05-2026.csv","May 17, 2026 @ 10:00:00.000","May 18, 2026 @ 22:00:01.000","11 Shorehaven Bvd",ULP,"6,038","173.9","EG Ampol","EG Ampol Alkimos",ALKIMOS,"(blank)"
"FuelWatch WA","FuelWatchRetail-05-2026.csv","May 17, 2026 @ 10:00:00.000","May 18, 2026 @ 22:00:01.000","Cnr Grand Ent & The Promenade",ULP,"6,233","179.9","EG Ampol","EG Ampol Australind",AUSTRALIND,"(blank)"
"FuelWatch WA","FuelWatchRetail-05-2026.csv","May 17, 2026 @ 10:00:00.000","May 18, 2026 @ 22:00:01.000","317 Millhouse Rd",PULP,"6,069","190.9","EG Ampol","EG Ampol Aveley",AVELEY,"(blank)"
"FuelWatch WA","FuelWatchRetail-05-2026.csv","May 17, 2026 @ 10:00:00.000","May 18, 2026 @ 22:00:01.000","317 Millhouse Rd","98 RON","6,069","200.9","EG Ampol","EG Ampol Aveley",AVELEY,"(blank)"
"FuelWatch WA","FuelWatchRetail-05-2026.csv","May 17, 2026 @ 10:00:00.000","May 18, 2026 @ 22:00:01.000","5 Hamelin Dr",PULP,"6,066","192.9","EG Ampol","EG Ampol Ballajura",BALLAJURA,"(blank)"
"FuelWatch WA","FuelWatchRetail-05-2026.csv","May 17, 2026 @ 10:00:00.000","May 18, 2026 @ 22:00:01.000","133 Ghost Gum Bvd",ULP,"6,031","175.9","EG Ampol","EG Ampol Banksia Grove","BANKSIA GROVE","(blank)"
"FuelWatch WA","FuelWatchRetail-05-2026.csv","May 17, 2026 @ 10:00:00.000","May 18, 2026 @ 22:00:01.000","3 Marvel Ent",ULP,"6,055","175.9","EG Ampol","EG Ampol Brabham",BRABHAM,"(blank)"
"FuelWatch WA","FuelWatchRetail-05-2026.csv","May 17, 2026 @ 10:00:00.000","May 18, 2026 @ 22:00:01.000","3 Marvel Ent",PULP,"6,055","190.9","EG Ampol","EG Ampol Brabham",BRABHAM,"(blank)"
"FuelWatch WA","FuelWatchRetail-05-2026.csv","May 17, 2026 @ 10:00:00.000","May 18, 2026 @ 22:00:01.000","3 Marvel Ent","Brand Diesel","6,055","229.9","EG Ampol","EG Ampol Brabham",BRABHAM,"(blank)"
"FuelWatch WA","FuelWatchRetail-05-2026.csv","May 17, 2026 @ 10:00:00.000","May 18, 2026 @ 22:00:01.000","15 Sarah Cl",ULP,"6,155","175.9","EG Ampol","EG Ampol Canning Vale","CANNING VALE","(blank)"
"FuelWatch WA","FuelWatchRetail-05-2026.csv","May 17, 2026 @ 10:00:00.000","May 18, 2026 @ 22:00:01.000","15 Sarah Cl",PULP,"6,155","190.9","EG Ampol","EG Ampol Canning Vale","CANNING VALE","(blank)"
"FuelWatch WA","FuelWatchRetail-05-2026.csv","May 17, 2026 @ 10:00:00.000","May 18, 2026 @ 22:00:01.000","90 Robinson St","Brand Diesel","6,701","259.9","EG Ampol","EG Ampol Carnarvon",CARNARVON,"(blank)"
"FuelWatch WA","FuelWatchRetail-05-2026.csv","May 17, 2026 @ 10:00:00.000","May 18, 2026 @ 22:00:01.000","372 Grand Prom",ULP,"6,059","175.9","EG Ampol","EG Ampol Dianella",DIANELLA,"(blank)"
"FuelWatch WA","FuelWatchRetail-05-2026.csv","May 17, 2026 @ 10:00:00.000","May 18, 2026 @ 22:00:01.000","2 Recreation Dr",PULP,"6,232","191.9","EG Ampol","EG Ampol Eaton",EATON,"(blank)"
"FuelWatch WA","FuelWatchRetail-05-2026.csv","May 17, 2026 @ 10:00:00.000","May 18, 2026 @ 22:00:01.000","11 Main St","98 RON","6,069","200.9","EG Ampol","EG Ampol Ellenbrook",ELLENBROOK,"(blank)"
"FuelWatch WA","FuelWatchRetail-05-2026.csv","May 17, 2026 @ 10:00:00.000","May 18, 2026 @ 22:00:01.000","651 Old Coast Rd","98 RON","6,210","202.9","EG Ampol","EG Ampol Falcon",FALCON,"(blank)"
"FuelWatch WA","FuelWatchRetail-05-2026.csv","May 17, 2026 @ 10:00:00.000","May 18, 2026 @ 22:00:01.000","59 Cathedral Ave",PULP,"6,530","193.9","EG Ampol","EG Ampol Geraldton",GERALDTON,"(blank)"
"FuelWatch WA","FuelWatchRetail-05-2026.csv","May 17, 2026 @ 10:00:00.000","May 18, 2026 @ 22:00:01.000","207 Burslem Dr","98 RON","6,109","196.9","EG Ampol","EG Ampol Maddington West",MADDINGTON,"(blank)"
"FuelWatch WA","FuelWatchRetail-05-2026.csv","May 17, 2026 @ 10:00:00.000","May 18, 2026 @ 22:00:01.000","10-12 Magenta Tce",ULP,"6,210","177.9","EG Ampol","EG Ampol Mandurah",MANDURAH,"(blank)"
"FuelWatch WA","FuelWatchRetail-05-2026.csv","May 17, 2026 @ 10:00:00.000","May 18, 2026 @ 22:00:01.000","10-12 Magenta Tce","98 RON","6,210","200.9","EG Ampol","EG Ampol Mandurah",MANDURAH,"(blank)"
"FuelWatch WA","FuelWatchRetail-05-2026.csv","May 17, 2026 @ 10:00:00.000","May 18, 2026 @ 22:00:01.000","330 Pinjarra Rd",ULP,"6,210","175.9","EG Ampol","EG Ampol Mandurah Forum",MANDURAH,"(blank)"
"FuelWatch WA","FuelWatchRetail-05-2026.csv","May 17, 2026 @ 10:00:00.000","May 18, 2026 @ 22:00:01.000","89 Mottram St",PULP,"6,258","198.9","EG Ampol","EG Ampol Manjimup",MANJIMUP,"(blank)"
"FuelWatch WA","FuelWatchRetail-05-2026.csv","May 17, 2026 @ 10:00:00.000","May 18, 2026 @ 22:00:01.000","53 Yirrigan Dr","Brand Diesel","6,061","223.9","EG Ampol","EG Ampol Mirrabooka",MIRRABOOKA,"(blank)"
"FuelWatch WA","FuelWatchRetail-05-2026.csv","May 17, 2026 @ 10:00:00.000","May 18, 2026 @ 22:00:01.000","53 Yirrigan Dr","98 RON","6,061","196.9","EG Ampol","EG Ampol Mirrabooka",MIRRABOOKA,"(blank)"
"FuelWatch WA","FuelWatchRetail-05-2026.csv","May 17, 2026 @ 10:00:00.000","May 18, 2026 @ 22:00:01.000","86 Wellington St",PULP,"6,401","194.9","EG Ampol","EG Ampol Northam",NORTHAM,"(blank)"
"FuelWatch WA","FuelWatchRetail-05-2026.csv","May 17, 2026 @ 10:00:00.000","May 18, 2026 @ 22:00:01.000","86 Wellington St","Brand Diesel","6,401","227.9","EG Ampol","EG Ampol Northam",NORTHAM,"(blank)"
"FuelWatch WA","FuelWatchRetail-05-2026.csv","May 17, 2026 @ 10:00:00.000","May 18, 2026 @ 22:00:01.000","401 Scarborough Beach Rd","98 RON","6,017","200.9","EG Ampol","EG Ampol Osborne Park","OSBORNE PARK","(blank)"
"FuelWatch WA","FuelWatchRetail-05-2026.csv","May 17, 2026 @ 10:00:00.000","May 18, 2026 @ 22:00:01.000","12 Saltaire Way",PULP,"6,172","192.9","EG Ampol","EG Ampol Port Kennedy","PORT KENNEDY","(blank)"
"FuelWatch WA","FuelWatchRetail-05-2026.csv","May 17, 2026 @ 10:00:00.000","May 18, 2026 @ 22:00:01.000","12 Saltaire Way","Brand Diesel","6,172","219.9","EG Ampol","EG Ampol Port Kennedy","PORT KENNEDY","(blank)"
"FuelWatch WA","FuelWatchRetail-05-2026.csv","May 17, 2026 @ 10:00:00.000","May 18, 2026 @ 22:00:01.000","12 Saltaire Way","98 RON","6,172","200.9","EG Ampol","EG Ampol Port Kennedy","PORT KENNEDY","(blank)"
"FuelWatch WA","FuelWatchRetail-05-2026.csv","May 17, 2026 @ 10:00:00.000","May 18, 2026 @ 22:00:01.000","219 Hampton Rd",ULP,"6,162","177.9","EG Ampol","EG Ampol South Fremantle","SOUTH FREMANTLE","(blank)"
"FuelWatch WA","FuelWatchRetail-05-2026.csv","May 17, 2026 @ 10:00:00.000","May 18, 2026 @ 22:00:01.000","752 North Lake Rd",ULP,"6,164","171.9","EG Ampol","EG Ampol South Lake","SOUTH LAKE","(blank)"
"FuelWatch WA","FuelWatchRetail-05-2026.csv","May 17, 2026 @ 10:00:00.000","May 18, 2026 @ 22:00:01.000","752 North Lake Rd","Brand Diesel","6,164","221.9","EG Ampol","EG Ampol South Lake","SOUTH LAKE","(blank)"
"FuelWatch WA","FuelWatchRetail-05-2026.csv","May 17, 2026 @ 10:00:00.000","May 18, 2026 @ 22:00:01.000","466 Warton Rd",PULP,"6,110","190.9","EG Ampol","EG Ampol Southern River","SOUTHERN RIVER","(blank)"
"FuelWatch WA","FuelWatchRetail-05-2026.csv","May 17, 2026 @ 10:00:00.000","May 18, 2026 @ 22:00:01.000","466 Warton Rd","Brand Diesel","6,110","225.9","EG Ampol","EG Ampol Southern River","SOUTHERN RIVER","(blank)"
"FuelWatch WA","FuelWatchRetail-05-2026.csv","May 17, 2026 @ 10:00:00.000","May 18, 2026 @ 22:00:01.000","470 Whitfords Ave",ULP,"6,025","175.9","EG Ampol","EG Ampol Whitfords",HILLARYS,"(blank)"
"FuelWatch WA","FuelWatchRetail-05-2026.csv","May 17, 2026 @ 10:00:00.000","May 18, 2026 @ 22:00:01.000","1309 Lower Denmark Rd",Diesel,"6,330","229.9",Puma,"Elleker General Store",ELLEKER,"(blank)"
"FuelWatch WA","FuelWatchRetail-05-2026.csv","May 17, 2026 @ 10:00:00.000","May 18, 2026 @ 22:00:01.000","1 Johnson St",ULP,"6,518","194.9",Ampol,"Eneabba Roadhouse",ENEABBA,"(blank)"
"FuelWatch WA","FuelWatchRetail-05-2026.csv","May 17, 2026 @ 10:00:00.000","May 18, 2026 @ 22:00:01.000","23 Ingram St",PULP,"6,707","232.8",Shell,"Exmouth Ningaloo Fuels","NORTH WEST CAPE","(blank)"
"FuelWatch WA","FuelWatchRetail-05-2026.csv","May 17, 2026 @ 10:00:00.000","May 18, 2026 @ 22:00:01.000","54 Cumberland Rd",PULP,"6,058","179.9","FastFuel 24/7","FastFuel 24/7",FORRESTFIELD,"(blank)"
"FuelWatch WA","FuelWatchRetail-05-2026.csv","May 17, 2026 @ 10:00:00.000","May 18, 2026 @ 22:00:01.000","54 Cumberland Rd",Diesel,"6,058","196.9","FastFuel 24/7","FastFuel 24/7",FORRESTFIELD,"(blank)"
"FuelWatch WA","FuelWatchRetail-05-2026.csv","May 17, 2026 @ 10:00:00.000","May 18, 2026 @ 22:00:01.000","Lot 277 Great Northern Hwy",ULP,"6,765","212.8",Independent,"Fitzroy River Lodge","FITZROY CROSSING","(blank)"
"FuelWatch WA","FuelWatchRetail-05-2026.csv","May 17, 2026 @ 10:00:00.000","May 18, 2026 @ 22:00:01.000","6 Frankland-Cranbrook Rd",ULP,"6,396",210,Independent,"Frankland River General Store","FRANKLAND RIVER","(blank)"
"FuelWatch WA","FuelWatchRetail-05-2026.csv","May 17, 2026 @ 10:00:00.000","May 18, 2026 @ 22:00:01.000","104 Brookman St",Diesel,"6,430","228.9",Eagle,"Fuel & Fly Kalgoorlie",KALGOORLIE,"(blank)"
"FuelWatch WA","FuelWatchRetail-05-2026.csv","May 17, 2026 @ 10:00:00.000","May 18, 2026 @ 22:00:01.000","328 Marine Tce",PULP,"6,280","215.9",Liberty,"Geographe IGA",GEOGRAPHE,"(blank)"
"FuelWatch WA","FuelWatchRetail-05-2026.csv","May 17, 2026 @ 10:00:00.000","May 18, 2026 @ 22:00:01.000","84 Strelly St",ULP,"6,280","180.5",Liberty,"Geographe Petroleum",BUSSELTON,"(blank)"
"FuelWatch WA","FuelWatchRetail-05-2026.csv","May 17, 2026 @ 10:00:00.000","May 18, 2026 @ 22:00:01.000","84 Strelly St","98 RON","6,280","206.5",Liberty,"Geographe Petroleum",BUSSELTON,"(blank)"
"FuelWatch WA","FuelWatchRetail-05-2026.csv","May 17, 2026 @ 10:00:00.000","May 18, 2026 @ 22:00:01.000","12 Auger Way",Diesel,"6,285","238.9",Liberty,"Geographe Petroleum Margaret River","MARGARET RIVER","(blank)"
"FuelWatch WA","FuelWatchRetail-05-2026.csv","May 17, 2026 @ 10:00:00.000","May 18, 2026 @ 22:00:01.000","14 Weld St",ULP,"6,503","184.9",Liberty,"Gingin Fuel and Tyres",GINGIN,"(blank)"
"FuelWatch WA","FuelWatchRetail-05-2026.csv","May 17, 2026 @ 10:00:00.000","May 18, 2026 @ 22:00:01.000","55 Dewar Rd",ULP,"6,503","197.9",Shell,"Gingin Roadhouse",GRANVILLE,"(blank)"
"FuelWatch WA","FuelWatchRetail-05-2026.csv","May 17, 2026 @ 10:00:00.000","May 18, 2026 @ 22:00:01.000","55 Dewar Rd","98 RON","6,503","235.9",Shell,"Gingin Roadhouse",GRANVILLE,"(blank)"
"FuelWatch WA","FuelWatchRetail-05-2026.csv","May 17, 2026 @ 10:00:00.000","May 18, 2026 @ 22:00:01.000","20 Great Eastern Hwy",ULP,"6,071","209.5",Independent,"Glen Forrest Fuel","GLEN FORREST","(blank)"
"FuelWatch WA","FuelWatchRetail-05-2026.csv","May 17, 2026 @ 10:00:00.000","May 18, 2026 @ 22:00:01.000","20 Formby St",ULP,"6,335","191.2",Independent,"Gnowangerup Fuel Supplies",GNOWANGERUP,"(blank)"
"FuelWatch WA","FuelWatchRetail-05-2026.csv","May 17, 2026 @ 10:00:00.000","May 18, 2026 @ 22:00:01.000","Lot 3 Eyre Hwy",ULP,"6,443","247.9",BP,"Golden Outback Caiguna",CAIGUNA,"(blank)"
"FuelWatch WA","FuelWatchRetail-05-2026.csv","May 17, 2026 @ 10:00:00.000","May 18, 2026 @ 22:00:01.000","Lot 100 Eyre Hwy","98 RON","6,443","265.9",BP,"Golden Outback Cocklebiddy",COCKLEBIDDY,"(blank)"
"FuelWatch WA","FuelWatchRetail-05-2026.csv","May 17, 2026 @ 10:00:00.000","May 18, 2026 @ 22:00:01.000","Lot 11 Eyre Hwy",Diesel,"6,443","291.9",Shell,"Golden Outback Madura",MADURA,"(blank)"
"FuelWatch WA","FuelWatchRetail-05-2026.csv","May 17, 2026 @ 10:00:00.000","May 18, 2026 @ 22:00:01.000","28 Blackwood Rd",Diesel,"6,254","249.7",Phoenix,"Greenbushes Roadhouse",GREENBUSHES,"(blank)"
"FuelWatch WA","FuelWatchRetail-05-2026.csv","May 17, 2026 @ 10:00:00.000","May 18, 2026 @ 22:00:01.000","111 Morgans St",Diesel,"6,346","249.9",Shell,"GSG WA Pty Ltd",RAVENSTHORPE,"(blank)"
"FuelWatch WA","FuelWatchRetail-05-2026.csv","May 17, 2026 @ 10:00:00.000","May 18, 2026 @ 22:00:01.000","111 Morgans St","98 RON","6,346","239.9",Shell,"GSG WA Pty Ltd",RAVENSTHORPE,"(blank)"
"FuelWatch WA","FuelWatchRetail-05-2026.csv","May 17, 2026 @ 10:00:00.000","May 18, 2026 @ 22:00:01.000","143 Throssell St",ULP,"6,225","189.7",Gull,"Gull Collie",COLLIE,"(blank)"
"FuelWatch WA","FuelWatchRetail-05-2026.csv","May 17, 2026 @ 10:00:00.000","May 18, 2026 @ 22:00:01.000","14270 South Western Hwy",PULP,"6,228","198.7",Gull,"Gull Waterloo",WATERLOO,"(blank)"
"FuelWatch WA","FuelWatchRetail-05-2026.csv","May 17, 2026 @ 10:00:00.000","May 18, 2026 @ 22:00:01.000","63 Avon Tce",ULP,"6,302","183.7",Gull,"Gull York Roadhouse",YORK,"(blank)"
"FuelWatch WA","FuelWatchRetail-05-2026.csv","May 17, 2026 @ 10:00:00.000","May 18, 2026 @ 22:00:01.000","63 Avon Tce",Diesel,"6,302","229.7",Gull,"Gull York Roadhouse",YORK,"(blank)"
"FuelWatch WA","FuelWatchRetail-05-2026.csv","May 17, 2026 @ 10:00:00.000","May 18, 2026 @ 22:00:01.000","24 Falconer Dr",Diesel,"6,518","259.9",Puma,"Halfway Mill Roadhouse",WARRADARGE,"(blank)"
"FuelWatch WA","FuelWatchRetail-05-2026.csv","May 17, 2026 @ 10:00:00.000","May 18, 2026 @ 22:00:01.000","777 Great Northern Hwy",PULP,"6,056","203.9",Vibe,"Herne Hill General Store","HERNE HILL","(blank)"
"FuelWatch WA","FuelWatchRetail-05-2026.csv","May 17, 2026 @ 10:00:00.000","May 18, 2026 @ 22:00:01.000","1615 Canning Rd",Diesel,"6,111","285.9",Independent,"Hills Emporio",KARRAGULLEN,"(blank)"
"FuelWatch WA","FuelWatchRetail-05-2026.csv","May 17, 2026 @ 10:00:00.000","May 18, 2026 @ 22:00:01.000","1615 Canning Rd","98 RON","6,111","224.9",Independent,"Hills Emporio",KARRAGULLEN,"(blank)"
"FuelWatch WA","FuelWatchRetail-05-2026.csv","May 17, 2026 @ 10:00:00.000","May 18, 2026 @ 22:00:01.000","154 Albany Hwy",PULP,"6,395","216.9","WA Fuels","Hi-Way Sales & Service 1982",KOJONUP,"(blank)"
"FuelWatch WA","FuelWatchRetail-05-2026.csv","May 17, 2026 @ 10:00:00.000","May 18, 2026 @ 22:00:01.000","Lot 704 Tamar St","98 RON","6,348","244.9",Independent,"Hopetoun Fuel Services",HOPETOUN,"(blank)"
"FuelWatch WA","FuelWatchRetail-05-2026.csv","May 17, 2026 @ 10:00:00.000","May 18, 2026 @ 22:00:01.000","24 Veal St",ULP,"6,348","209.9",Independent,"Hopetoun General Store",HOPETOUN,"(blank)"
"FuelWatch WA","FuelWatchRetail-05-2026.csv","May 17, 2026 @ 10:00:00.000","May 18, 2026 @ 22:00:01.000","2 Marshall St",ULP,"6,359",212,Liberty,"Hyden Travel Stop",HYDEN,"(blank)"
"FuelWatch WA","FuelWatchRetail-05-2026.csv","May 17, 2026 @ 10:00:00.000","May 18, 2026 @ 22:00:01.000","97 Knight Tce",ULP,"6,537",206,Ampol,"IGA Denham-Ampol",DENHAM,"(blank)"
"FuelWatch WA","FuelWatchRetail-05-2026.csv","May 17, 2026 @ 10:00:00.000","May 18, 2026 @ 22:00:01.000","97 Knight Tce",Diesel,"6,537",240,Ampol,"IGA Denham-Ampol",DENHAM,"(blank)"
"FuelWatch WA","FuelWatchRetail-05-2026.csv","May 17, 2026 @ 10:00:00.000","May 18, 2026 @ 22:00:01.000","19 Pendeen Rd",Diesel,"6,330","239.9",IOR,"IOR Albany",WILLYUNG,"(blank)"
"FuelWatch WA","FuelWatchRetail-05-2026.csv","May 17, 2026 @ 10:00:00.000","May 18, 2026 @ 22:00:01.000","Lots 4-5 Stockman Rd",Diesel,"6,743","249.9",IOR,"IOR Kununurra",KUNUNURRA,"(blank)"
"FuelWatch WA","FuelWatchRetail-05-2026.csv","May 17, 2026 @ 10:00:00.000","May 18, 2026 @ 22:00:01.000","Store Rd",Diesel,872,364,BP,"Jameson Store","NGAANYATJARRA-GILES","(blank)"
"FuelWatch WA","FuelWatchRetail-05-2026.csv","May 17, 2026 @ 10:00:00.000","May 18, 2026 @ 22:00:01.000","4 Tobruk Rd",Diesel,"6,337",299,Independent,"Jerramungup Cafe and Fuel",JERRAMUNGUP,"(blank)"
"FuelWatch WA","FuelWatchRetail-05-2026.csv","May 17, 2026 @ 10:00:00.000","May 18, 2026 @ 22:00:01.000","3 South Coast Hwy","98 RON","6,337",237,Liberty,"Jerramungup Roadhouse",JERRAMUNGUP,"(blank)"
"FuelWatch WA","FuelWatchRetail-05-2026.csv","May 17, 2026 @ 10:00:00.000","May 18, 2026 @ 22:00:01.000","128 Grey St",ULP,"6,536","209.9",Shell,"Kalbarri IGA",KALBARRI,"(blank)"
"FuelWatch WA","FuelWatchRetail-05-2026.csv","May 17, 2026 @ 10:00:00.000","May 18, 2026 @ 22:00:01.000","128 Grey St",Diesel,"6,536","239.9",Shell,"Kalbarri IGA",KALBARRI,"(blank)"
"FuelWatch WA","FuelWatchRetail-05-2026.csv","May 17, 2026 @ 10:00:00.000","May 18, 2026 @ 22:00:01.000","2 Bluebush Rd",ULP,"6,442","213.9",Liberty,"Kambalda Roadhouse","KAMBALDA WEST","(blank)"
"FuelWatch WA","FuelWatchRetail-05-2026.csv","May 17, 2026 @ 10:00:00.000","May 18, 2026 @ 22:00:01.000","2 Bluebush Rd",Diesel,"6,442","259.9",Liberty,"Kambalda Roadhouse","KAMBALDA WEST","(blank)"
"FuelWatch WA","FuelWatchRetail-05-2026.csv","May 17, 2026 @ 10:00:00.000","May 18, 2026 @ 22:00:01.000","6 Great Northern Hwy",Diesel,"6,740","259.9",Independent,"Kimberley Motors",WYNDHAM,"(blank)"
"FuelWatch WA","FuelWatchRetail-05-2026.csv","May 17, 2026 @ 10:00:00.000","May 18, 2026 @ 22:00:01.000","Lot 7 Tanami Rd",ULP,"6,770",360,Independent,"Kururrungku Community Store","STURT CREEK","(blank)"
"FuelWatch WA","FuelWatchRetail-05-2026.csv","May 17, 2026 @ 10:00:00.000","May 18, 2026 @ 22:00:01.000","Lot 7 Tanami Rd",Diesel,"6,770",375,Independent,"Kururrungku Community Store","STURT CREEK","(blank)"
"FuelWatch WA","FuelWatchRetail-05-2026.csv","May 17, 2026 @ 10:00:00.000","May 18, 2026 @ 22:00:01.000","5 Rudduck St",ULP,"6,514","194.9",Liberty,"Leeman Fuel and Alicia Cafe",LEEMAN,"(blank)"
"FuelWatch WA","FuelWatchRetail-05-2026.csv","May 17, 2026 @ 10:00:00.000","May 18, 2026 @ 22:00:01.000","5 Rudduck St","98 RON","6,514","229.9",Liberty,"Leeman Fuel and Alicia Cafe",LEEMAN,"(blank)"
"FuelWatch WA","FuelWatchRetail-05-2026.csv","May 17, 2026 @ 10:00:00.000","May 18, 2026 @ 22:00:01.000","7 Honeybee Pde",PULP,"6,031","184.5",Liberty,"Liberty Banksia Grove","BANKSIA GROVE","(blank)"
"FuelWatch WA","FuelWatchRetail-05-2026.csv","May 17, 2026 @ 10:00:00.000","May 18, 2026 @ 22:00:01.000","63 William St",Diesel,"6,107","214.5",Liberty,"Liberty Beckenham",BECKENHAM,"(blank)"
"FuelWatch WA","FuelWatchRetail-05-2026.csv","May 17, 2026 @ 10:00:00.000","May 18, 2026 @ 22:00:01.000","63 William St",LPG,"6,107","129.9",Liberty,"Liberty Beckenham",BECKENHAM,"(blank)"
"FuelWatch WA","FuelWatchRetail-05-2026.csv","May 17, 2026 @ 10:00:00.000","May 18, 2026 @ 22:00:01.000","100 West St","Brand Diesel","6,280","228.9",Liberty,"Liberty Busselton West","WEST BUSSELTON","(blank)"
"FuelWatch WA","FuelWatchRetail-05-2026.csv","May 17, 2026 @ 10:00:00.000","May 18, 2026 @ 22:00:01.000","25 Cecil Ave","Brand Diesel","6,107","215.2",Liberty,"Liberty Cannington",CANNINGTON,"(blank)"
"FuelWatch WA","FuelWatchRetail-05-2026.csv","May 17, 2026 @ 10:00:00.000","May 18, 2026 @ 22:00:01.000","10805 Brand Hwy","98 RON","6,507","202.5",Liberty,"Liberty Cataby",CATABY,"(blank)"
"FuelWatch WA","FuelWatchRetail-05-2026.csv","May 17, 2026 @ 10:00:00.000","May 18, 2026 @ 22:00:01.000","10 Austin St",Diesel,"6,640","255.8",Liberty,"Liberty Cue Roadhouse",CUE,"(blank)"
"FuelWatch WA","FuelWatchRetail-05-2026.csv","May 17, 2026 @ 10:00:00.000","May 18, 2026 @ 22:00:01.000","9 Norton Prom",PULP,"6,230","192.5",Liberty,"Liberty Dalyellup",DALYELLUP,"(blank)"
"FuelWatch WA","FuelWatchRetail-05-2026.csv","May 17, 2026 @ 10:00:00.000","May 18, 2026 @ 22:00:01.000","9 Norton Prom","98 RON","6,230","200.5",Liberty,"Liberty Dalyellup",DALYELLUP,"(blank)"
"FuelWatch WA","FuelWatchRetail-05-2026.csv","May 17, 2026 @ 10:00:00.000","May 18, 2026 @ 22:00:01.000","30215 Brand Hwy",ULP,"6,525","179.5",Liberty,"Liberty Dongara",DONGARA,"(blank)"
"FuelWatch WA","FuelWatchRetail-05-2026.csv","May 17, 2026 @ 10:00:00.000","May 18, 2026 @ 22:00:01.000","30215 Brand Hwy",PULP,"6,525","194.5",Liberty,"Liberty Dongara",DONGARA,"(blank)"
"FuelWatch WA","FuelWatchRetail-05-2026.csv","May 17, 2026 @ 10:00:00.000","May 18, 2026 @ 22:00:01.000","30215 Brand Hwy","Brand Diesel","6,525","222.5",Liberty,"Liberty Dongara",DONGARA,"(blank)"
"FuelWatch WA","FuelWatchRetail-05-2026.csv","May 17, 2026 @ 10:00:00.000","May 18, 2026 @ 22:00:01.000","2341 Albany Hwy",Diesel,"6,110","215.5",Liberty,"Liberty Gosnells",GOSNELLS,"(blank)"
"FuelWatch WA","FuelWatchRetail-05-2026.csv","May 17, 2026 @ 10:00:00.000","May 18, 2026 @ 22:00:01.000","69-71 Wilson St",Diesel,"6,430","225.5",Liberty,"Liberty Kalgoorlie",KALGOORLIE,"(blank)"
"FuelWatch WA","FuelWatchRetail-05-2026.csv","May 17, 2026 @ 10:00:00.000","May 18, 2026 @ 22:00:01.000","2 Cockatoo St",PULP,"6,714","204.5",Liberty,"Liberty Karratha",NICKOL,"(blank)"
"FuelWatch WA","FuelWatchRetail-05-2026.csv","May 17, 2026 @ 10:00:00.000","May 18, 2026 @ 22:00:01.000","2 Cowle St",ULP,"6,065","165.3",Liberty,"Liberty Landsdale",LANDSDALE,"(blank)"
"FuelWatch WA","FuelWatchRetail-05-2026.csv","May 17, 2026 @ 10:00:00.000","May 18, 2026 @ 22:00:01.000","2 Cowle St",PULP,"6,065","180.3",Liberty,"Liberty Landsdale",LANDSDALE,"(blank)"
"FuelWatch WA","FuelWatchRetail-05-2026.csv","May 17, 2026 @ 10:00:00.000","May 18, 2026 @ 22:00:01.000","2 Cowle St","98 RON","6,065","188.3",Liberty,"Liberty Landsdale",LANDSDALE,"(blank)"
"FuelWatch WA","FuelWatchRetail-05-2026.csv","May 17, 2026 @ 10:00:00.000","May 18, 2026 @ 22:00:01.000","50-52 Tower St",ULP,"6,438","219.9",Liberty,"Liberty Leonora",LEONORA,"(blank)"
"FuelWatch WA","FuelWatchRetail-05-2026.csv","May 17, 2026 @ 10:00:00.000","May 18, 2026 @ 22:00:01.000","557 Albany Hwy",PULP,"6,330","193.5",Liberty,"Liberty McKail",MCKAIL,"(blank)"
"FuelWatch WA","FuelWatchRetail-05-2026.csv","May 17, 2026 @ 10:00:00.000","May 18, 2026 @ 22:00:01.000","24 Dooley St",PULP,"6,165","184.5",Liberty,"Liberty Naval Base","NAVAL BASE","(blank)"
"FuelWatch WA","FuelWatchRetail-05-2026.csv","May 17, 2026 @ 10:00:00.000","May 18, 2026 @ 22:00:01.000","9 Pritchard St",ULP,"6,163","174.5",Liberty,"Liberty O'Connor","O'CONNOR","(blank)"
"FuelWatch WA","FuelWatchRetail-05-2026.csv","May 17, 2026 @ 10:00:00.000","May 18, 2026 @ 22:00:01.000","9 Pritchard St",PULP,"6,163","189.5",Liberty,"Liberty O'Connor","O'CONNOR","(blank)"
"FuelWatch WA","FuelWatchRetail-05-2026.csv","May 17, 2026 @ 10:00:00.000","May 18, 2026 @ 22:00:01.000","9 Pritchard St","98 RON","6,163","197.5",Liberty,"Liberty O'Connor","O'CONNOR","(blank)"
"FuelWatch WA","FuelWatchRetail-05-2026.csv","May 17, 2026 @ 10:00:00.000","May 18, 2026 @ 22:00:01.000","4 Bayonet Head Rd","98 RON","6,330","201.5",Liberty,"Liberty Oyster Harbour","BAYONET HEAD","(blank)"
"FuelWatch WA","FuelWatchRetail-05-2026.csv","May 17, 2026 @ 10:00:00.000","May 18, 2026 @ 22:00:01.000","Cnr Pinjarra Rd & Carey St",Diesel,"6,208","213.5",Liberty,"Liberty Pinjarra",PINJARRA,"(blank)"
"FuelWatch WA","FuelWatchRetail-05-2026.csv","May 17, 2026 @ 10:00:00.000","May 18, 2026 @ 22:00:01.000","Cnr Pinjarra Rd & Carey St","Brand Diesel","6,208","216.5",Liberty,"Liberty Pinjarra",PINJARRA,"(blank)"
"FuelWatch WA","FuelWatchRetail-05-2026.csv","May 17, 2026 @ 10:00:00.000","May 18, 2026 @ 22:00:01.000","Cnr Pinjarra Rd & Carey St","98 RON","6,208","191.5",Liberty,"Liberty Pinjarra",PINJARRA,"(blank)"
"FuelWatch WA","FuelWatchRetail-05-2026.csv","May 17, 2026 @ 10:00:00.000","May 18, 2026 @ 22:00:01.000","203 Hampton Rd",Diesel,"6,535","329.9",Liberty,"Liberty Roadhouse Northampton",NORTHAMPTON,"(blank)"
"FuelWatch WA","FuelWatchRetail-05-2026.csv","May 17, 2026 @ 10:00:00.000","May 18, 2026 @ 22:00:01.000","3 Herdsman Lane",ULP,"6,065","169.5",Liberty,"Liberty Tapping",WANNEROO,"(blank)"
"FuelWatch WA","FuelWatchRetail-05-2026.csv","May 17, 2026 @ 10:00:00.000","May 18, 2026 @ 22:00:01.000","3 Herdsman Lane",Diesel,"6,065","218.9",Liberty,"Liberty Tapping",WANNEROO,"(blank)"
"FuelWatch WA","FuelWatchRetail-05-2026.csv","May 17, 2026 @ 10:00:00.000","May 18, 2026 @ 22:00:01.000","3 Herdsman Lane","Brand Diesel","6,065","221.9",Liberty,"Liberty Tapping",WANNEROO,"(blank)"
"FuelWatch WA","FuelWatchRetail-05-2026.csv","May 17, 2026 @ 10:00:00.000","May 18, 2026 @ 22:00:01.000","259 Bussell Hwy",ULP,"6,280","180.3",Liberty,"Liberty West Busselton","WEST BUSSELTON","(blank)"
"FuelWatch WA","FuelWatchRetail-05-2026.csv","May 17, 2026 @ 10:00:00.000","May 18, 2026 @ 22:00:01.000","259 Bussell Hwy",PULP,"6,280","193.3",Liberty,"Liberty West Busselton","WEST BUSSELTON","(blank)"
"FuelWatch WA","FuelWatchRetail-05-2026.csv","May 17, 2026 @ 10:00:00.000","May 18, 2026 @ 22:00:01.000","639 Frenchmans Bay Rd","98 RON","6,330","209.9",Shell,"Little Grove General Store","LITTLE GROVE","(blank)"
"FuelWatch WA","FuelWatchRetail-05-2026.csv","May 17, 2026 @ 10:00:00.000","May 18, 2026 @ 22:00:01.000","Lot 75 Myroodah-Luluigui Rd",Diesel,"6,728",351,Independent,"Looma Community Store",CAMBALLIN,"(blank)"
"FuelWatch WA","FuelWatchRetail-05-2026.csv","May 17, 2026 @ 10:00:00.000","May 18, 2026 @ 22:00:01.000","259 Railway Ave",PULP,"6,111","183.7",Independent,"Lori's Fuel Supply",KELMSCOTT,"(blank)"
"FuelWatch WA","FuelWatchRetail-05-2026.csv","May 17, 2026 @ 10:00:00.000","May 18, 2026 @ 22:00:01.000","83 Flores Rd",ULP,"6,530","181.5","Maisey Fuels","Maisey Fuels Flores Road",WEBBERTON,"(blank)"
"FuelWatch WA","FuelWatchRetail-05-2026.csv","May 17, 2026 @ 10:00:00.000","May 18, 2026 @ 22:00:01.000","512 Rudds Gully Rd",ULP,"6,532","183.8","Maisey Fuels","Maisey Fuels Rudds Gully",NARNGULU,"(blank)"
"FuelWatch WA","FuelWatchRetail-05-2026.csv","May 17, 2026 @ 10:00:00.000","May 18, 2026 @ 22:00:01.000","40 Halse Rd",Diesel,"6,760","297.5",Ampol,"Marble Bar Roadhouse & Travellers Rest","MARBLE BAR","(blank)"
"FuelWatch WA","FuelWatchRetail-05-2026.csv","May 17, 2026 @ 10:00:00.000","May 18, 2026 @ 22:00:01.000","269 York St","98 RON","6,330","207.2","Metro Petroleum","Metro Albany",ALBANY,"(blank)"
"FuelWatch WA","FuelWatchRetail-05-2026.csv","May 17, 2026 @ 10:00:00.000","May 18, 2026 @ 22:00:01.000","335 Collier Rd",Diesel,"6,054","207.9","Metro Petroleum","Metro Bassendean",BASSENDEAN,"(blank)"
"FuelWatch WA","FuelWatchRetail-05-2026.csv","May 17, 2026 @ 10:00:00.000","May 18, 2026 @ 22:00:01.000","Lot 322 Ranford Rd",PULP,"6,155","187.9","Metro Petroleum","Metro Canning Vale","CANNING VALE","(blank)"
"FuelWatch WA","FuelWatchRetail-05-2026.csv","May 17, 2026 @ 10:00:00.000","May 18, 2026 @ 22:00:01.000","Lot 322 Ranford Rd",Diesel,"6,155","219.9","Metro Petroleum","Metro Canning Vale","CANNING VALE","(blank)"
"FuelWatch WA","FuelWatchRetail-05-2026.csv","May 17, 2026 @ 10:00:00.000","May 18, 2026 @ 22:00:01.000","Lot 322 Ranford Rd","98 RON","6,155","197.9","Metro Petroleum","Metro Canning Vale","CANNING VALE","(blank)"
"FuelWatch WA","FuelWatchRetail-05-2026.csv","May 17, 2026 @ 10:00:00.000","May 18, 2026 @ 22:00:01.000","1 Fortyn Ct",ULP,"6,530","185.9","Metro Petroleum","Metro Geraldton","MAHOMETS FLATS","(blank)"
"FuelWatch WA","FuelWatchRetail-05-2026.csv","May 17, 2026 @ 10:00:00.000","May 18, 2026 @ 22:00:01.000","1 Fortyn Ct",Diesel,"6,530","213.9","Metro Petroleum","Metro Geraldton","MAHOMETS FLATS","(blank)"
"FuelWatch WA","FuelWatchRetail-05-2026.csv","May 17, 2026 @ 10:00:00.000","May 18, 2026 @ 22:00:01.000","74 Bashford St",Diesel,"6,516","255.9","Metro Petroleum","Metro Jurien Bay","JURIEN BAY","(blank)"
"FuelWatch WA","FuelWatchRetail-05-2026.csv","May 17, 2026 @ 10:00:00.000","May 18, 2026 @ 22:00:01.000","74 Bashford St","Brand Diesel","6,516","255.9","Metro Petroleum","Metro Jurien Bay","JURIEN BAY","(blank)"
"FuelWatch WA","FuelWatchRetail-05-2026.csv","May 17, 2026 @ 10:00:00.000","May 18, 2026 @ 22:00:01.000","74 Bashford St","98 RON","6,516","217.9","Metro Petroleum","Metro Jurien Bay","JURIEN BAY","(blank)"
"FuelWatch WA","FuelWatchRetail-05-2026.csv","May 17, 2026 @ 10:00:00.000","May 18, 2026 @ 22:00:01.000","83 Farrall Rd",ULP,"6,056","171.9","Metro Petroleum","Metro Midvale",MIDVALE,"(blank)"
"FuelWatch WA","FuelWatchRetail-05-2026.csv","May 17, 2026 @ 10:00:00.000","May 18, 2026 @ 22:00:01.000","79 Gnangara Rd","98 RON","6,065","191.9","Metro Petroleum","Metro Wangara",WANGARA,"(blank)"
"FuelWatch WA","FuelWatchRetail-05-2026.csv","May 17, 2026 @ 10:00:00.000","May 18, 2026 @ 22:00:01.000","994 Wanneroo Rd",PULP,"6,065","189.9","Metro Petroleum","Metro Wanneroo",WANNEROO,"(blank)"
"FuelWatch WA","FuelWatchRetail-05-2026.csv","May 17, 2026 @ 10:00:00.000","May 18, 2026 @ 22:00:01.000","17 Edwards Pl",ULP,"6,501","178.9",Mobil,"Mobil Muchea",MUCHEA,"(blank)"
"FuelWatch WA","FuelWatchRetail-05-2026.csv","May 17, 2026 @ 10:00:00.000","May 18, 2026 @ 22:00:01.000","17 Edwards Pl",Diesel,"6,501","219.9",Mobil,"Mobil Muchea",MUCHEA,"(blank)"
"FuelWatch WA","FuelWatchRetail-05-2026.csv","May 17, 2026 @ 10:00:00.000","May 18, 2026 @ 22:00:01.000","17 Edwards Pl","98 RON","6,501","202.9",Mobil,"Mobil Muchea",MUCHEA,"(blank)"
"FuelWatch WA","FuelWatchRetail-05-2026.csv","May 17, 2026 @ 10:00:00.000","May 18, 2026 @ 22:00:01.000","753 Geraldton-Mt Magnet Rd","98 RON","6,532",227,Ampol,"Moonyoonooka Store",MOONYOONOOKA,"(blank)"
"FuelWatch WA","FuelWatchRetail-05-2026.csv","May 17, 2026 @ 10:00:00.000","May 18, 2026 @ 22:00:01.000","1 Mullins St",PULP,"6,041",230,Independent,"Moore River Roadhouse",GUILDERTON,"(blank)"
"FuelWatch WA","FuelWatchRetail-05-2026.csv","May 17, 2026 @ 10:00:00.000","May 18, 2026 @ 22:00:01.000","Lot 437 Winfield St",ULP,"6,623",212,Ampol,"Morawa Roadhouse",MORAWA,"(blank)"
"FuelWatch WA","FuelWatchRetail-05-2026.csv","May 17, 2026 @ 10:00:00.000","May 18, 2026 @ 22:00:01.000","Mount Hard Rd  Gibb River Rd",Diesel,"6,728",400,Independent,"Mount Hart Wilderness Lodge","BULARL DI WUNAMI","(blank)"
"FuelWatch WA","FuelWatchRetail-05-2026.csv","May 17, 2026 @ 10:00:00.000","May 18, 2026 @ 22:00:01.000","20 Paterson St",ULP,"6,123",209,Independent,"Mundijong Store & Deli",MUNDIJONG,"(blank)"
"FuelWatch WA","FuelWatchRetail-05-2026.csv","May 17, 2026 @ 10:00:00.000","May 18, 2026 @ 22:00:01.000","20 Paterson St","98 RON","6,123",230,Independent,"Mundijong Store & Deli",MUNDIJONG,"(blank)"
"FuelWatch WA","FuelWatchRetail-05-2026.csv","May 17, 2026 @ 10:00:00.000","May 18, 2026 @ 22:00:01.000","Lot 1 North West Coastal Hwy",ULP,"6,751","249.9",Ampol,"Nanutarra Roadhouse",NANUTARRA,"(blank)"
"FuelWatch WA","FuelWatchRetail-05-2026.csv","May 17, 2026 @ 10:00:00.000","May 18, 2026 @ 22:00:01.000","Lot 1 North West Coastal Hwy",Diesel,"6,751","289.9",Ampol,"Nanutarra Roadhouse",NANUTARRA,"(blank)"
"FuelWatch WA","FuelWatchRetail-05-2026.csv","May 17, 2026 @ 10:00:00.000","May 18, 2026 @ 22:00:01.000","Lot 1 North West Coastal Hwy","98 RON","6,751","279.9",Ampol,"Nanutarra Roadhouse",NANUTARRA,"(blank)"
"FuelWatch WA","FuelWatchRetail-05-2026.csv","May 17, 2026 @ 10:00:00.000","May 18, 2026 @ 22:00:01.000","11275 Great Northern Hwy",ULP,"6,509",230,Independent,"New Norcia Roadhouse","NEW NORCIA","(blank)"
"FuelWatch WA","FuelWatchRetail-05-2026.csv","May 17, 2026 @ 10:00:00.000","May 18, 2026 @ 22:00:01.000","11275 Great Northern Hwy",Diesel,"6,509",310,Independent,"New Norcia Roadhouse","NEW NORCIA","(blank)"
"FuelWatch WA","FuelWatchRetail-05-2026.csv","May 17, 2026 @ 10:00:00.000","May 18, 2026 @ 22:00:01.000","8 Maley St",Diesel,"6,355","249.9",Independent,"Newdegate Roadhouse",NEWDEGATE,"(blank)"
"FuelWatch WA","FuelWatchRetail-05-2026.csv","May 17, 2026 @ 10:00:00.000","May 18, 2026 @ 22:00:01.000","3249 Albany Hwy",ULP,"6,112","179.9",BP,"NightOwl BP Armadale",ARMADALE,"(blank)"
"FuelWatch WA","FuelWatchRetail-05-2026.csv","May 17, 2026 @ 10:00:00.000","May 18, 2026 @ 22:00:01.000","3249 Albany Hwy",PULP,"6,112","196.9",BP,"NightOwl BP Armadale",ARMADALE,"(blank)"
"FuelWatch WA","FuelWatchRetail-05-2026.csv","May 17, 2026 @ 10:00:00.000","May 18, 2026 @ 22:00:01.000","3249 Albany Hwy","Brand Diesel","6,112","237.9",BP,"NightOwl BP Armadale",ARMADALE,"(blank)"
"FuelWatch WA","FuelWatchRetail-05-2026.csv","May 17, 2026 @ 10:00:00.000","May 18, 2026 @ 22:00:01.000","304 Pinjarra Rd",ULP,"6,210","181.4",BP,"NightOwl BP Mandurah",MANDURAH,"(blank)"
"FuelWatch WA","FuelWatchRetail-05-2026.csv","May 17, 2026 @ 10:00:00.000","May 18, 2026 @ 22:00:01.000","49 Great Eastern Hwy","Brand Diesel","6,056","219.5",Shell,"NightOwl Shell Bellevue",BELLEVUE,"(blank)"
"FuelWatch WA","FuelWatchRetail-05-2026.csv","May 17, 2026 @ 10:00:00.000","May 18, 2026 @ 22:00:01.000","49 Great Eastern Hwy","98 RON","6,056","209.9",Shell,"NightOwl Shell Bellevue",BELLEVUE,"(blank)"
"FuelWatch WA","FuelWatchRetail-05-2026.csv","May 17, 2026 @ 10:00:00.000","May 18, 2026 @ 22:00:01.000","1 Davison St","Brand Diesel","6,109","219.5",Shell,"NightOwl Shell Maddington",MADDINGTON,"(blank)"
"FuelWatch WA","FuelWatchRetail-05-2026.csv","May 17, 2026 @ 10:00:00.000","May 18, 2026 @ 22:00:01.000","1 Davison St","98 RON","6,109","199.9",Shell,"NightOwl Shell Maddington",MADDINGTON,"(blank)"
"FuelWatch WA","FuelWatchRetail-05-2026.csv","May 17, 2026 @ 10:00:00.000","May 18, 2026 @ 22:00:01.000","6 Beacham Rd",Diesel,"6,208","218.5",Shell,"NightOwl Shell Ravenswood",RAVENSWOOD,"(blank)"
"FuelWatch WA","FuelWatchRetail-05-2026.csv","May 17, 2026 @ 10:00:00.000","May 18, 2026 @ 22:00:01.000","6 Beacham Rd","98 RON","6,208","199.9",Shell,"NightOwl Shell Ravenswood",RAVENSWOOD,"(blank)"
"FuelWatch WA","FuelWatchRetail-05-2026.csv","May 17, 2026 @ 10:00:00.000","May 18, 2026 @ 22:00:01.000","55 Zamia St",Diesel,"6,262","250.9",Independent,"Northcliffe Newsagent & General Store",NORTHCLIFFE,"(blank)"
"FuelWatch WA","FuelWatchRetail-05-2026.csv","May 17, 2026 @ 10:00:00.000","May 18, 2026 @ 22:00:01.000","63 Walter Rd West",ULP,"6,059","174.9","OMG Metro","OMG Metro Dianella",DIANELLA,"(blank)"
"FuelWatch WA","FuelWatchRetail-05-2026.csv","May 17, 2026 @ 10:00:00.000","May 18, 2026 @ 22:00:01.000","63 Walter Rd West","98 RON","6,059","199.9","OMG Metro","OMG Metro Dianella",DIANELLA,"(blank)"
"FuelWatch WA","FuelWatchRetail-05-2026.csv","May 17, 2026 @ 10:00:00.000","May 18, 2026 @ 22:00:01.000","134 Westfield St",PULP,"6,109","194.9","OMG Metro","OMG Metro Maddington",MADDINGTON,"(blank)"
"FuelWatch WA","FuelWatchRetail-05-2026.csv","May 17, 2026 @ 10:00:00.000","May 18, 2026 @ 22:00:01.000","134 Westfield St","98 RON","6,109","206.9","OMG Metro","OMG Metro Maddington",MADDINGTON,"(blank)"
"FuelWatch WA","FuelWatchRetail-05-2026.csv","May 17, 2026 @ 10:00:00.000","May 18, 2026 @ 22:00:01.000","82 Marina Bvd",ULP,"6,027","177.9","OMG Metro","OMG Metro Ocean Reef","OCEAN REEF","(blank)"
"FuelWatch WA","FuelWatchRetail-05-2026.csv","May 17, 2026 @ 10:00:00.000","May 18, 2026 @ 22:00:01.000","82 Marina Bvd",PULP,"6,027","194.9","OMG Metro","OMG Metro Ocean Reef","OCEAN REEF","(blank)"
"FuelWatch WA","FuelWatchRetail-05-2026.csv","May 17, 2026 @ 10:00:00.000","May 18, 2026 @ 22:00:01.000","109 Barrington St",Diesel,"6,164","208.9","OMG Metro","OMG Metro Yangebup",YANGEBUP,"(blank)"
"FuelWatch WA","FuelWatchRetail-05-2026.csv","May 17, 2026 @ 10:00:00.000","May 18, 2026 @ 22:00:01.000","109 Barrington St","98 RON","6,164","199.9","OMG Metro","OMG Metro Yangebup",YANGEBUP,"(blank)"
"FuelWatch WA","FuelWatchRetail-05-2026.csv","May 17, 2026 @ 10:00:00.000","May 18, 2026 @ 22:00:01.000","51 South Western Hwy",Diesel,"6,239","228.9",Independent,"One Stop Roadhouse Donnybrook",DONNYBROOK,"(blank)"
"FuelWatch WA","FuelWatchRetail-05-2026.csv","May 17, 2026 @ 10:00:00.000","May 18, 2026 @ 22:00:01.000","51 South Western Hwy","98 RON","6,239","208.5",Independent,"One Stop Roadhouse Donnybrook",DONNYBROOK,"(blank)"
"FuelWatch WA","FuelWatchRetail-05-2026.csv","May 17, 2026 @ 10:00:00.000","May 18, 2026 @ 22:00:01.000","30 Eldridge St",Diesel,"6,336",320,Caltex,"Ongerup Lunch Bar",ONGERUP,"(blank)"
"FuelWatch WA","FuelWatchRetail-05-2026.csv","May 17, 2026 @ 10:00:00.000","May 18, 2026 @ 22:00:01.000","92 Blair St",PULP,"6,230","197.4",Shell,"OTR Bunbury",BUNBURY,"(blank)"
"FuelWatch WA","FuelWatchRetail-05-2026.csv","May 17, 2026 @ 10:00:00.000","May 18, 2026 @ 22:00:01.000","92 Blair St",Diesel,"6,230","227.9",Shell,"OTR Bunbury",BUNBURY,"(blank)"
"FuelWatch WA","FuelWatchRetail-05-2026.csv","May 17, 2026 @ 10:00:00.000","May 18, 2026 @ 22:00:01.000","92 Blair St","Brand Diesel","6,230","231.9",Shell,"OTR Bunbury",BUNBURY,"(blank)"
"FuelWatch WA","FuelWatchRetail-05-2026.csv","May 17, 2026 @ 10:00:00.000","May 18, 2026 @ 22:00:01.000","73 Manning Rd","Brand Diesel","6,152","231.9",Shell,"OTR Como",COMO,"(blank)"
"FuelWatch WA","FuelWatchRetail-05-2026.csv","May 17, 2026 @ 10:00:00.000","May 18, 2026 @ 22:00:01.000","1-3 Sampson St",ULP,"6,109","170.9",Shell,"OTR Maddington",MADDINGTON,"(blank)"
"FuelWatch WA","FuelWatchRetail-05-2026.csv","May 17, 2026 @ 10:00:00.000","May 18, 2026 @ 22:00:01.000","17 Brisbane St",ULP,"6,000","177.9",Shell,"OTR Perth Pier Street",PERTH,"(blank)"
"FuelWatch WA","FuelWatchRetail-05-2026.csv","May 17, 2026 @ 10:00:00.000","May 18, 2026 @ 22:00:01.000","770 Brookton Hwy",ULP,"6,111","179.9",Caltex,"OTR Roleystone",ROLEYSTONE,"(blank)"
"FuelWatch WA","FuelWatchRetail-05-2026.csv","May 17, 2026 @ 10:00:00.000","May 18, 2026 @ 22:00:01.000","770 Brookton Hwy",Diesel,"6,111","223.9",Caltex,"OTR Roleystone",ROLEYSTONE,"(blank)"
"FuelWatch WA","FuelWatchRetail-05-2026.csv","May 17, 2026 @ 10:00:00.000","May 18, 2026 @ 22:00:01.000","770 Brookton Hwy","98 RON","6,111","206.9",Caltex,"OTR Roleystone",ROLEYSTONE,"(blank)"
"FuelWatch WA","FuelWatchRetail-05-2026.csv","May 17, 2026 @ 10:00:00.000","May 18, 2026 @ 22:00:01.000","71 Shallcross St","98 RON","6,164","204.9",Caltex,"OTR Yangebup",YANGEBUP,"(blank)"
"FuelWatch WA","FuelWatchRetail-05-2026.csv","May 17, 2026 @ 10:00:00.000","May 18, 2026 @ 22:00:01.000","Lot 174 North West Coastal Hwy",Diesel,"6,532","262.9",Ampol,"Overlander Roadhouse","HAMELIN POOL","(blank)"
"FuelWatch WA","FuelWatchRetail-05-2026.csv","May 17, 2026 @ 10:00:00.000","May 18, 2026 @ 22:00:01.000","40505 Great Northern Hwy",ULP,"6,612","246.9",Independent,"Paynes Find Roadhouse and Tavern","PAYNES FIND","(blank)"
"FuelWatch WA","FuelWatchRetail-05-2026.csv","May 17, 2026 @ 10:00:00.000","May 18, 2026 @ 22:00:01.000","250 Albany Hwy",PULP,"6,330","192.9","Petro Fuels","Petro Fuels Albany","CENTENNIAL PARK","(blank)"
"FuelWatch WA","FuelWatchRetail-05-2026.csv","May 17, 2026 @ 10:00:00.000","May 18, 2026 @ 22:00:01.000","909 Mandurah Rd",Diesel,"6,171","224.9","Petro Fuels","Petro Fuels Baldivis",BALDIVIS,"(blank)"
"FuelWatch WA","FuelWatchRetail-05-2026.csv","May 17, 2026 @ 10:00:00.000","May 18, 2026 @ 22:00:01.000","190 Railway Pde",Diesel,"6,054","219.5","Petro Fuels","Petro Fuels Bassendean",BASSENDEAN,"(blank)"
"FuelWatch WA","FuelWatchRetail-05-2026.csv","May 17, 2026 @ 10:00:00.000","May 18, 2026 @ 22:00:01.000","381 Chapman Rd",Diesel,"6,530","222.5","Petro Fuels","Petro Fuels Bluff Point","BLUFF POINT","(blank)"
"FuelWatch WA","FuelWatchRetail-05-2026.csv","May 17, 2026 @ 10:00:00.000","May 18, 2026 @ 22:00:01.000","30 Abel St",ULP,"6,244","208.9",BP,"Petro Fuels Boyup Brook","BOYUP BROOK","(blank)"
"FuelWatch WA","FuelWatchRetail-05-2026.csv","May 17, 2026 @ 10:00:00.000","May 18, 2026 @ 22:00:01.000","103 Calista Ave",ULP,"6,167","174.9",Liberty,"Petro Fuels Calista",CALISTA,"(blank)"
"FuelWatch WA","FuelWatchRetail-05-2026.csv","May 17, 2026 @ 10:00:00.000","May 18, 2026 @ 22:00:01.000","103 Calista Ave","98 RON","6,167","203.9",Liberty,"Petro Fuels Calista",CALISTA,"(blank)"
"FuelWatch WA","FuelWatchRetail-05-2026.csv","May 17, 2026 @ 10:00:00.000","May 18, 2026 @ 22:00:01.000","6672 Bussell Hwy",ULP,"6,280","194.9","Petro Fuels","Petro Fuels Carbunup River","CARBUNUP RIVER","(blank)"
"FuelWatch WA","FuelWatchRetail-05-2026.csv","May 17, 2026 @ 10:00:00.000","May 18, 2026 @ 22:00:01.000","6672 Bussell Hwy",Diesel,"6,280","264.9","Petro Fuels","Petro Fuels Carbunup River","CARBUNUP RIVER","(blank)"
"FuelWatch WA","FuelWatchRetail-05-2026.csv","May 17, 2026 @ 10:00:00.000","May 18, 2026 @ 22:00:01.000","69 South Coast Hwy",ULP,"6,333","192.9","Petro Fuels","Petro Fuels Denmark",DENMARK,"(blank)"
"FuelWatch WA","FuelWatchRetail-05-2026.csv","May 17, 2026 @ 10:00:00.000","May 18, 2026 @ 22:00:01.000","69 South Coast Hwy","98 RON","6,333","213.9","Petro Fuels","Petro Fuels Denmark",DENMARK,"(blank)"
"FuelWatch WA","FuelWatchRetail-05-2026.csv","May 17, 2026 @ 10:00:00.000","May 18, 2026 @ 22:00:01.000","6-8 Yougenup Rd","98 RON","6,335","259.9","Petro Fuels","Petro Fuels Gnowangerup Roadhouse",GNOWANGERUP,"(blank)"
"FuelWatch WA","FuelWatchRetail-05-2026.csv","May 17, 2026 @ 10:00:00.000","May 18, 2026 @ 22:00:01.000","96 Stubbs St",ULP,"6,353","218.9","Petro Fuels","Petro Fuels Lake Grace","LAKE GRACE","(blank)"
"FuelWatch WA","FuelWatchRetail-05-2026.csv","May 17, 2026 @ 10:00:00.000","May 18, 2026 @ 22:00:01.000","8 Cox St","98 RON","6,440","264.9",BP,"Petro Fuels Laverton",LAVERTON,"(blank)"
"FuelWatch WA","FuelWatchRetail-05-2026.csv","May 17, 2026 @ 10:00:00.000","May 18, 2026 @ 22:00:01.000","16 Tubada St",ULP,"6,450","229.5","Petro Fuels","Petro Fuels Munglinup",MUNGLINUP,"(blank)"
"FuelWatch WA","FuelWatchRetail-05-2026.csv","May 17, 2026 @ 10:00:00.000","May 18, 2026 @ 22:00:01.000","537 Lake Rd","Brand Diesel","6,112","239.9","Petro Fuels","Petro Fuels Seville Grove","SEVILLE GROVE","(blank)"
"FuelWatch WA","FuelWatchRetail-05-2026.csv","May 17, 2026 @ 10:00:00.000","May 18, 2026 @ 22:00:01.000","113-121 Safety Bay Rd",ULP,"6,169","179.9",Caltex,"Petro Fuels Shoalwater",SHOALWATER,"(blank)"
"FuelWatch WA","FuelWatchRetail-05-2026.csv","May 17, 2026 @ 10:00:00.000","May 18, 2026 @ 22:00:01.000","113-121 Safety Bay Rd",Diesel,"6,169","224.9",Caltex,"Petro Fuels Shoalwater",SHOALWATER,"(blank)"
"FuelWatch WA","FuelWatchRetail-05-2026.csv","May 17, 2026 @ 10:00:00.000","May 18, 2026 @ 22:00:01.000","309 Morrison Rd","98 RON","6,056","196.9","Petro Fuels","Petro Fuels Swan View","SWAN VIEW","(blank)"
"FuelWatch WA","FuelWatchRetail-05-2026.csv","May 17, 2026 @ 10:00:00.000","May 18, 2026 @ 22:00:01.000","436 Wanneroo Rd",ULP,"6,061","169.3","Petro Fuels","Petro Fuels Westminster",WESTMINSTER,"(blank)"
"FuelWatch WA","FuelWatchRetail-05-2026.csv","May 17, 2026 @ 10:00:00.000","May 18, 2026 @ 22:00:01.000","31 Barlee St",ULP,"6,280",182,Phoenix,"Phoenix Barlee St",BUSSELTON,"(blank)"
"FuelWatch WA","FuelWatchRetail-05-2026.csv","May 17, 2026 @ 10:00:00.000","May 18, 2026 @ 22:00:01.000","31 Barlee St",PULP,"6,280",202,Phoenix,"Phoenix Barlee St",BUSSELTON,"(blank)"
"FuelWatch WA","FuelWatchRetail-05-2026.csv","May 17, 2026 @ 10:00:00.000","May 18, 2026 @ 22:00:01.000","31 Barlee St",Diesel,"6,280",220,Phoenix,"Phoenix Barlee St",BUSSELTON,"(blank)"
"FuelWatch WA","FuelWatchRetail-05-2026.csv","May 17, 2026 @ 10:00:00.000","May 18, 2026 @ 22:00:01.000","Lot 363 Gordon Garratt Dr",ULP,"6,530","197.8",Ampol,"Refuel Australia - Airport",GERALDTON,"(blank)"
"FuelWatch WA","FuelWatchRetail-05-2026.csv","May 17, 2026 @ 10:00:00.000","May 18, 2026 @ 22:00:01.000","Lot 363 Gordon Garratt Dr",Diesel,"6,530","234.8",Ampol,"Refuel Australia - Airport",GERALDTON,"(blank)"
"FuelWatch WA","FuelWatchRetail-05-2026.csv","May 17, 2026 @ 10:00:00.000","May 18, 2026 @ 22:00:01.000","Lot 363 Gordon Garratt Dr","98 RON","6,530","217.8",Ampol,"Refuel Australia - Airport",GERALDTON,"(blank)"
"FuelWatch WA","FuelWatchRetail-05-2026.csv","May 17, 2026 @ 10:00:00.000","May 18, 2026 @ 22:00:01.000","Store St",Diesel,"6,705","267.8",Ampol,"Refuel Australia - Burringurrah","GASCOYNE RIVER","(blank)"
"FuelWatch WA","FuelWatchRetail-05-2026.csv","May 17, 2026 @ 10:00:00.000","May 18, 2026 @ 22:00:01.000","2 Clinch Rd",Diesel,"6,609","247.8",Ampol,"Refuel Australia - Dalwallinu",DALWALLINU,"(blank)"
"FuelWatch WA","FuelWatchRetail-05-2026.csv","May 17, 2026 @ 10:00:00.000","May 18, 2026 @ 22:00:01.000","256 Deepdale Rd",Diesel,"6,530","230.8",Ampol,"Refuel Australia - Deepdale Meru",MERU,"(blank)"
"FuelWatch WA","FuelWatchRetail-05-2026.csv","May 17, 2026 @ 10:00:00.000","May 18, 2026 @ 22:00:01.000","39 Moreton Tce",ULP,"6,525","199.8",Ampol,"Refuel Australia - DMW Supplies",DONGARA,"(blank)"
"FuelWatch WA","FuelWatchRetail-05-2026.csv","May 17, 2026 @ 10:00:00.000","May 18, 2026 @ 22:00:01.000","39 Moreton Tce",Diesel,"6,525","239.8",Ampol,"Refuel Australia - DMW Supplies",DONGARA,"(blank)"
"FuelWatch WA","FuelWatchRetail-05-2026.csv","May 17, 2026 @ 10:00:00.000","May 18, 2026 @ 22:00:01.000","120 Flores Rd",ULP,"6,530","194.8",Ampol,"Refuel Australia - Geraldton Flores Road",WEBBERTON,"(blank)"
"FuelWatch WA","FuelWatchRetail-05-2026.csv","May 17, 2026 @ 10:00:00.000","May 18, 2026 @ 22:00:01.000","Cnr John Willcock Link & Portway",ULP,"6,530","194.8",Ampol,"Refuel Australia - Geraldton Willcock Drive","WEST END","(blank)"
"FuelWatch WA","FuelWatchRetail-05-2026.csv","May 17, 2026 @ 10:00:00.000","May 18, 2026 @ 22:00:01.000","Cnr John Willcock Link & Portway","98 RON","6,530","214.8",Ampol,"Refuel Australia - Geraldton Willcock Drive","WEST END","(blank)"
"FuelWatch WA","FuelWatchRetail-05-2026.csv","May 17, 2026 @ 10:00:00.000","May 18, 2026 @ 22:00:01.000","166 Grey St",ULP,"6,536","201.8",Ampol,"Refuel Australia - Kalbarri",KALBARRI,"(blank)"
"FuelWatch WA","FuelWatchRetail-05-2026.csv","May 17, 2026 @ 10:00:00.000","May 18, 2026 @ 22:00:01.000","166 Grey St","98 RON","6,536","221.8",Ampol,"Refuel Australia - Kalbarri",KALBARRI,"(blank)"
"FuelWatch WA","FuelWatchRetail-05-2026.csv","May 17, 2026 @ 10:00:00.000","May 18, 2026 @ 22:00:01.000","1540 Anderson Rd",Diesel,"6,714","253.8",Ampol,"Refuel Australia - Karratha Truck Stop","KARRATHA INDUSTRIAL ESTATE","(blank)"
"FuelWatch WA","FuelWatchRetail-05-2026.csv","May 17, 2026 @ 10:00:00.000","May 18, 2026 @ 22:00:01.000","Lot 1 Great Northern Hwy",ULP,"6,642","211.8",Ampol,"Refuel Australia - Kumarina",KUMARINA,"(blank)"
"FuelWatch WA","FuelWatchRetail-05-2026.csv","May 17, 2026 @ 10:00:00.000","May 18, 2026 @ 22:00:01.000","81 Oliver St",Diesel,"6,642","253.8",Ampol,"Refuel Australia - Meekatharra",MEEKATHARRA,"(blank)"
"FuelWatch WA","FuelWatchRetail-05-2026.csv","May 17, 2026 @ 10:00:00.000","May 18, 2026 @ 22:00:01.000","76 Winfield St","98 RON","6,623","221.8",Ampol,"Refuel Australia - Morawa",MORAWA,"(blank)"
"FuelWatch WA","FuelWatchRetail-05-2026.csv","May 17, 2026 @ 10:00:00.000","May 18, 2026 @ 22:00:01.000","15 Mercury Rise",Diesel,"6,501","229.8",Ampol,"Refuel Australia - Muchea",MUCHEA,"(blank)"
"FuelWatch WA","FuelWatchRetail-05-2026.csv","May 17, 2026 @ 10:00:00.000","May 18, 2026 @ 22:00:01.000","144 Hampton Rd",ULP,"6,535","197.8",Ampol,"Refuel Australia - Northampton",NORTHAMPTON,"(blank)"
"FuelWatch WA","FuelWatchRetail-05-2026.csv","May 17, 2026 @ 10:00:00.000","May 18, 2026 @ 22:00:01.000","Lot 3 Great Northern Hwy",Diesel,"6,721","249.8",Ampol,"Refuel Australia - Port Hedland","PORT HEDLAND","(blank)"
"FuelWatch WA","FuelWatchRetail-05-2026.csv","May 17, 2026 @ 10:00:00.000","May 18, 2026 @ 22:00:01.000","Lot 3 Water St",ULP,"6,519","199.8",Ampol,"Refuel Australia - Three Springs","THREE SPRINGS","(blank)"
"FuelWatch WA","FuelWatchRetail-05-2026.csv","May 17, 2026 @ 10:00:00.000","May 18, 2026 @ 22:00:01.000","Lot 3 Water St",Diesel,"6,519","255.8",Ampol,"Refuel Australia - Three Springs","THREE SPRINGS","(blank)"
"FuelWatch WA","FuelWatchRetail-05-2026.csv","May 17, 2026 @ 10:00:00.000","May 18, 2026 @ 22:00:01.000","37 Wotton St",ULP,"6,646","224.8",Ampol,"Refuel Australia - Wiluna",WILUNA,"(blank)"
"FuelWatch WA","FuelWatchRetail-05-2026.csv","May 17, 2026 @ 10:00:00.000","May 18, 2026 @ 22:00:01.000","7839 Albany Hwy",ULP,"6,390",268,Liberty,"Riverside Roadhouse",BANNISTER,"(blank)"
"FuelWatch WA","FuelWatchRetail-05-2026.csv","May 17, 2026 @ 10:00:00.000","May 18, 2026 @ 22:00:01.000","7839 Albany Hwy","98 RON","6,390",288,Liberty,"Riverside Roadhouse",BANNISTER,"(blank)"
"FuelWatch WA","FuelWatchRetail-05-2026.csv","May 17, 2026 @ 10:00:00.000","May 18, 2026 @ 22:00:01.000","Lot 136 Broome Rd",Diesel,"6,725","254.9",BP,"Roebuck Plains Roadhouse",ROEBUCK,"(blank)"
"FuelWatch WA","FuelWatchRetail-05-2026.csv","May 17, 2026 @ 10:00:00.000","May 18, 2026 @ 22:00:01.000","Lot 136 Broome Rd","98 RON","6,725","239.9",BP,"Roebuck Plains Roadhouse",ROEBUCK,"(blank)"
"FuelWatch WA","FuelWatchRetail-05-2026.csv","May 17, 2026 @ 10:00:00.000","May 18, 2026 @ 22:00:01.000","229 Balcatta Rd",ULP,"6,021","179.9",Caltex,"S24 Balcatta",BALCATTA,"(blank)"
"FuelWatch WA","FuelWatchRetail-05-2026.csv","May 17, 2026 @ 10:00:00.000","May 18, 2026 @ 22:00:01.000","229 Balcatta Rd",PULP,"6,021","197.4",Caltex,"S24 Balcatta",BALCATTA,"(blank)"
"FuelWatch WA","FuelWatchRetail-05-2026.csv","May 17, 2026 @ 10:00:00.000","May 18, 2026 @ 22:00:01.000","7 Welshpool Rd East","Brand Diesel","6,076","227.9",Shell,"S24 Crystal Brook (Lesmurdie)",LESMURDIE,"(blank)"
"FuelWatch WA","FuelWatchRetail-05-2026.csv","May 17, 2026 @ 10:00:00.000","May 18, 2026 @ 22:00:01.000","155 Hale Rd",ULP,"6,058","177.9",Shell,"S24 Forrestfield",FORRESTFIELD,"(blank)"
"FuelWatch WA","FuelWatchRetail-05-2026.csv","May 17, 2026 @ 10:00:00.000","May 18, 2026 @ 22:00:01.000","155 Hale Rd",LPG,"6,058","135.9",Shell,"S24 Forrestfield",FORRESTFIELD,"(blank)"
"FuelWatch WA","FuelWatchRetail-05-2026.csv","May 17, 2026 @ 10:00:00.000","May 18, 2026 @ 22:00:01.000","22 Johnson St","98 RON","6,055","206.9",Caltex,"S24 Guildford",GUILDFORD,"(blank)"
"FuelWatch WA","FuelWatchRetail-05-2026.csv","May 17, 2026 @ 10:00:00.000","May 18, 2026 @ 22:00:01.000","77 Uduc Rd",PULP,"6,220","197.4",Caltex,"S24 Harvey",HARVEY,"(blank)"
"FuelWatch WA","FuelWatchRetail-05-2026.csv","May 17, 2026 @ 10:00:00.000","May 18, 2026 @ 22:00:01.000","77 Uduc Rd","98 RON","6,220","206.9",Caltex,"S24 Harvey",HARVEY,"(blank)"
"FuelWatch WA","FuelWatchRetail-05-2026.csv","May 17, 2026 @ 10:00:00.000","May 18, 2026 @ 22:00:01.000","5 Messmate Way","98 RON","6,743","244.9",Caltex,"S24 Kununurra",KUNUNURRA,"(blank)"
"FuelWatch WA","FuelWatchRetail-05-2026.csv","May 17, 2026 @ 10:00:00.000","May 18, 2026 @ 22:00:01.000","419 Great Eastern Hwy",ULP,"6,104","179.9",Shell,"S24 Redcliffe",REDCLIFFE,"(blank)"
"FuelWatch WA","FuelWatchRetail-05-2026.csv","May 17, 2026 @ 10:00:00.000","May 18, 2026 @ 22:00:01.000","96 Great Eastern Hwy","98 RON","6,074","206.9",Caltex,"S24 Sawyers Valley","SAWYERS VALLEY","(blank)"
"FuelWatch WA","FuelWatchRetail-05-2026.csv","May 17, 2026 @ 10:00:00.000","May 18, 2026 @ 22:00:01.000","1 Ikara Lane","Brand Diesel","6,035","223.9",Caltex,"S24 Yanchep",YANCHEP,"(blank)"
"FuelWatch WA","FuelWatchRetail-05-2026.csv","May 17, 2026 @ 10:00:00.000","May 18, 2026 @ 22:00:01.000","1 Ikara Lane","98 RON","6,035","206.9",Caltex,"S24 Yanchep",YANCHEP,"(blank)"
"FuelWatch WA","FuelWatchRetail-05-2026.csv","May 17, 2026 @ 10:00:00.000","May 18, 2026 @ 22:00:01.000","7 Bartley Crt",ULP,"6,720",239,Independent,"Samson Beach General Store","POINT SAMSON","(blank)"
"FuelWatch WA","FuelWatchRetail-05-2026.csv","May 17, 2026 @ 10:00:00.000","May 18, 2026 @ 22:00:01.000","Lot 6 Great Northern Hwy",Diesel,"6,725","283.5",BP,"Sandfire Roadhouse","EIGHTY MILE BEACH","(blank)"
"FuelWatch WA","FuelWatchRetail-05-2026.csv","May 17, 2026 @ 10:00:00.000","May 18, 2026 @ 22:00:01.000","27 Company Rd",Diesel,"6,528",290,Liberty,"S-Bend Caravan Park","SOUTH GREENOUGH","(blank)"
"FuelWatch WA","FuelWatchRetail-05-2026.csv","May 17, 2026 @ 10:00:00.000","May 18, 2026 @ 22:00:01.000","85 Knight Tce",ULP,"6,537","202.9",Independent,"Shark Bay Fuel Fishing & Camping Centre",DENHAM,"(blank)"
"FuelWatch WA","FuelWatchRetail-05-2026.csv","May 17, 2026 @ 10:00:00.000","May 18, 2026 @ 22:00:01.000","2539 Great Northern Hwy",ULP,"6,084",174,Shell,"Shell Bullsbrook",BULLSBROOK,"(blank)"
"FuelWatch WA","FuelWatchRetail-05-2026.csv","May 17, 2026 @ 10:00:00.000","May 18, 2026 @ 22:00:01.000","2539 Great Northern Hwy",Diesel,"6,084",224,Shell,"Shell Bullsbrook",BULLSBROOK,"(blank)"
"FuelWatch WA","FuelWatchRetail-05-2026.csv","May 17, 2026 @ 10:00:00.000","May 18, 2026 @ 22:00:01.000","2539 Great Northern Hwy","98 RON","6,084",209,Shell,"Shell Bullsbrook",BULLSBROOK,"(blank)"
"FuelWatch WA","FuelWatchRetail-05-2026.csv","May 17, 2026 @ 10:00:00.000","May 18, 2026 @ 22:00:01.000","1100 Abernethy Rd",PULP,"6,057","184.5",Shell,"Shell High Wycombe","HIGH WYCOMBE","(blank)"
"FuelWatch WA","FuelWatchRetail-05-2026.csv","May 17, 2026 @ 10:00:00.000","May 18, 2026 @ 22:00:01.000","24 Cornwall St",Diesel,"6,317","229.9",Shell,"Shell Katanning",KATANNING,"(blank)"
"FuelWatch WA","FuelWatchRetail-05-2026.csv","May 17, 2026 @ 10:00:00.000","May 18, 2026 @ 22:00:01.000","24 Cornwall St","Brand Diesel","6,317","232.9",Shell,"Shell Katanning",KATANNING,"(blank)"
"FuelWatch WA","FuelWatchRetail-05-2026.csv","May 17, 2026 @ 10:00:00.000","May 18, 2026 @ 22:00:01.000","629 Lower King Rd",Diesel,"6,330","229.9",Shell,"Shell Lower King Liquor & General","LOWER KING","(blank)"
"FuelWatch WA","FuelWatchRetail-05-2026.csv","May 17, 2026 @ 10:00:00.000","May 18, 2026 @ 22:00:01.000","Great Northern Hwy",ULP,"6,721","239.9",Shell,"Shell Pardoo Fuels",PARDOO,"(blank)"
"FuelWatch WA","FuelWatchRetail-05-2026.csv","May 17, 2026 @ 10:00:00.000","May 18, 2026 @ 22:00:01.000","342 Albany Hwy",ULP,"6,330","185.9","Reddy Express","Shell Reddy Express Albany Orana",ORANA,"(blank)"
"FuelWatch WA","FuelWatchRetail-05-2026.csv","May 17, 2026 @ 10:00:00.000","May 18, 2026 @ 22:00:01.000","342 Albany Hwy",Diesel,"6,330","232.9","Reddy Express","Shell Reddy Express Albany Orana",ORANA,"(blank)"
"FuelWatch WA","FuelWatchRetail-05-2026.csv","May 17, 2026 @ 10:00:00.000","May 18, 2026 @ 22:00:01.000","269 South Western Hwy",ULP,"6,112","177.9","Reddy Express","Shell Reddy Express Armadale",ARMADALE,"(blank)"
"FuelWatch WA","FuelWatchRetail-05-2026.csv","May 17, 2026 @ 10:00:00.000","May 18, 2026 @ 22:00:01.000","269 South Western Hwy",Diesel,"6,112","223.9","Reddy Express","Shell Reddy Express Armadale",ARMADALE,"(blank)"
"FuelWatch WA","FuelWatchRetail-05-2026.csv","May 17, 2026 @ 10:00:00.000","May 18, 2026 @ 22:00:01.000","1001 Joondalup Dr",ULP,"6,031","177.9","Reddy Express","Shell Reddy Express Banksia Grove","BANKSIA GROVE","(blank)"
"FuelWatch WA","FuelWatchRetail-05-2026.csv","May 17, 2026 @ 10:00:00.000","May 18, 2026 @ 22:00:01.000","1001 Joondalup Dr",PULP,"6,031","195.4","Reddy Express","Shell Reddy Express Banksia Grove","BANKSIA GROVE","(blank)"
"FuelWatch WA","FuelWatchRetail-05-2026.csv","May 17, 2026 @ 10:00:00.000","May 18, 2026 @ 22:00:01.000","1001 Joondalup Dr",Diesel,"6,031","223.9","Reddy Express","Shell Reddy Express Banksia Grove","BANKSIA GROVE","(blank)"
"FuelWatch WA","FuelWatchRetail-05-2026.csv","May 17, 2026 @ 10:00:00.000","May 18, 2026 @ 22:00:01.000","1001 Joondalup Dr","98 RON","6,031","204.9","Reddy Express","Shell Reddy Express Banksia Grove","BANKSIA GROVE","(blank)"
"FuelWatch WA","FuelWatchRetail-05-2026.csv","May 17, 2026 @ 10:00:00.000","May 18, 2026 @ 22:00:01.000","34 Jackson St",PULP,"6,053","195.4","Reddy Express","Shell Reddy Express Bayswater",BAYSWATER,"(blank)"
"FuelWatch WA","FuelWatchRetail-05-2026.csv","May 17, 2026 @ 10:00:00.000","May 18, 2026 @ 22:00:01.000","34 Jackson St","Brand Diesel","6,053","231.9","Reddy Express","Shell Reddy Express Bayswater",BAYSWATER,"(blank)"
"FuelWatch WA","FuelWatchRetail-05-2026.csv","May 17, 2026 @ 10:00:00.000","May 18, 2026 @ 22:00:01.000","1128 Albany Hwy","98 RON","6,102","204.9","Reddy Express","Shell Reddy Express Bentley",BENTLEY,"(blank)"
"FuelWatch WA","FuelWatchRetail-05-2026.csv","May 17, 2026 @ 10:00:00.000","May 18, 2026 @ 22:00:01.000","1 Timberyard Way","Brand Diesel","6,163","221.9","Reddy Express","Shell Reddy Express Bibra Lake","BIBRA LAKE","(blank)"
"FuelWatch WA","FuelWatchRetail-05-2026.csv","May 17, 2026 @ 10:00:00.000","May 18, 2026 @ 22:00:01.000","1 Timberyard Way","98 RON","6,163","206.9","Reddy Express","Shell Reddy Express Bibra Lake","BIBRA LAKE","(blank)"
"FuelWatch WA","FuelWatchRetail-05-2026.csv","May 17, 2026 @ 10:00:00.000","May 18, 2026 @ 22:00:01.000","394 Canning Hwy",PULP,"6,157","197.4","Reddy Express","Shell Reddy Express Bicton",BICTON,"(blank)"
"FuelWatch WA","FuelWatchRetail-05-2026.csv","May 17, 2026 @ 10:00:00.000","May 18, 2026 @ 22:00:01.000","394 Canning Hwy","Brand Diesel","6,157","231.9","Reddy Express","Shell Reddy Express Bicton",BICTON,"(blank)"
"FuelWatch WA","FuelWatchRetail-05-2026.csv","May 17, 2026 @ 10:00:00.000","May 18, 2026 @ 22:00:01.000","35 Frank St",PULP,"6,432","207.4","Reddy Express","Shell Reddy Express Boulder",BOULDER,"(blank)"
"FuelWatch WA","FuelWatchRetail-05-2026.csv","May 17, 2026 @ 10:00:00.000","May 18, 2026 @ 22:00:01.000","71 Cranford Ave",ULP,"6,153","177.9","Reddy Express","Shell Reddy Express Brentwood",BRENTWOOD,"(blank)"
"FuelWatch WA","FuelWatchRetail-05-2026.csv","May 17, 2026 @ 10:00:00.000","May 18, 2026 @ 22:00:01.000","71 Cranford Ave","98 RON","6,153","204.9","Reddy Express","Shell Reddy Express Brentwood",BRENTWOOD,"(blank)"
"FuelWatch WA","FuelWatchRetail-05-2026.csv","May 17, 2026 @ 10:00:00.000","May 18, 2026 @ 22:00:01.000","61 Butler Bvd","98 RON","6,036","204.9","Reddy Express","Shell Reddy Express Brighton",BUTLER,"(blank)"
"FuelWatch WA","FuelWatchRetail-05-2026.csv","May 17, 2026 @ 10:00:00.000","May 18, 2026 @ 22:00:01.000","1256 Armadale Rd","98 RON","6,112","206.9","Reddy Express","Shell Reddy Express Brookdale",ARMADALE,"(blank)"
"FuelWatch WA","FuelWatchRetail-05-2026.csv","May 17, 2026 @ 10:00:00.000","May 18, 2026 @ 22:00:01.000","19 Napier Tce",ULP,"6,725","219.9","Reddy Express","Shell Reddy Express Broome",BROOME,"(blank)"
"FuelWatch WA","FuelWatchRetail-05-2026.csv","May 17, 2026 @ 10:00:00.000","May 18, 2026 @ 22:00:01.000","19 Napier Tce",PULP,"6,725","237.4","Reddy Express","Shell Reddy Express Broome",BROOME,"(blank)"
"FuelWatch WA","FuelWatchRetail-05-2026.csv","May 17, 2026 @ 10:00:00.000","May 18, 2026 @ 22:00:01.000","9805 Forrest Hwy",ULP,"6,230","179.9","Reddy Express","Shell Reddy Express Bunbury Gateway","GLEN IRIS","(blank)"
"FuelWatch WA","FuelWatchRetail-05-2026.csv","May 17, 2026 @ 10:00:00.000","May 18, 2026 @ 22:00:01.000","9805 Forrest Hwy",PULP,"6,230","197.4","Reddy Express","Shell Reddy Express Bunbury Gateway","GLEN IRIS","(blank)"
"FuelWatch WA","FuelWatchRetail-05-2026.csv","May 17, 2026 @ 10:00:00.000","May 18, 2026 @ 22:00:01.000","9805 Forrest Hwy","98 RON","6,230","206.9","Reddy Express","Shell Reddy Express Bunbury Gateway","GLEN IRIS","(blank)"
"FuelWatch WA","FuelWatchRetail-05-2026.csv","May 17, 2026 @ 10:00:00.000","May 18, 2026 @ 22:00:01.000","9850 Forrest Hwy","Brand Diesel","6,230","233.9","Reddy Express","Shell Reddy Express Bunbury Outbound",VITTORIA,"(blank)"
"FuelWatch WA","FuelWatchRetail-05-2026.csv","May 17, 2026 @ 10:00:00.000","May 18, 2026 @ 22:00:01.000","269 Stirling Hwy",PULP,"6,010","197.4","Reddy Express","Shell Reddy Express Claremont",CLAREMONT,"(blank)"
"FuelWatch WA","FuelWatchRetail-05-2026.csv","May 17, 2026 @ 10:00:00.000","May 18, 2026 @ 22:00:01.000","223 Belmont Ave","98 RON","6,105","206.9","Reddy Express","Shell Reddy Express Cloverdale",CLOVERDALE,"(blank)"
"FuelWatch WA","FuelWatchRetail-05-2026.csv","May 17, 2026 @ 10:00:00.000","May 18, 2026 @ 22:00:01.000","47 Church Rd",ULP,"6,713","205.9","Reddy Express","Shell Reddy Express Dampier",DAMPIER,"(blank)"
"FuelWatch WA","FuelWatchRetail-05-2026.csv","May 17, 2026 @ 10:00:00.000","May 18, 2026 @ 22:00:01.000","47 Church Rd",Diesel,"6,713","247.9","Reddy Express","Shell Reddy Express Dampier",DAMPIER,"(blank)"
"FuelWatch WA","FuelWatchRetail-05-2026.csv","May 17, 2026 @ 10:00:00.000","May 18, 2026 @ 22:00:01.000","47 Church Rd","98 RON","6,713","232.9","Reddy Express","Shell Reddy Express Dampier",DAMPIER,"(blank)"
"FuelWatch WA","FuelWatchRetail-05-2026.csv","May 17, 2026 @ 10:00:00.000","May 18, 2026 @ 22:00:01.000","67 Walter Rd West",Diesel,"6,059","217.9","Reddy Express","Shell Reddy Express Dianella",DIANELLA,"(blank)"
"FuelWatch WA","FuelWatchRetail-05-2026.csv","May 17, 2026 @ 10:00:00.000","May 18, 2026 @ 22:00:01.000","193 Warwick Rd",PULP,"6,023","195.4","Reddy Express","Shell Reddy Express Duncraig",DUNCRAIG,"(blank)"
"FuelWatch WA","FuelWatchRetail-05-2026.csv","May 17, 2026 @ 10:00:00.000","May 18, 2026 @ 22:00:01.000","64 Dunn Bay Rd",ULP,"6,281","189.9","Reddy Express","Shell Reddy Express Dunsborough",DUNSBOROUGH,"(blank)"
"FuelWatch WA","FuelWatchRetail-05-2026.csv","May 17, 2026 @ 10:00:00.000","May 18, 2026 @ 22:00:01.000","64 Dunn Bay Rd",PULP,"6,281","207.4","Reddy Express","Shell Reddy Express Dunsborough",DUNSBOROUGH,"(blank)"
"FuelWatch WA","FuelWatchRetail-05-2026.csv","May 17, 2026 @ 10:00:00.000","May 18, 2026 @ 22:00:01.000","3 Goodwood Cres",Diesel,"6,069","227.9","Reddy Express","Shell Reddy Express Ellenbrook",ELLENBROOK,"(blank)"
"FuelWatch WA","FuelWatchRetail-05-2026.csv","May 17, 2026 @ 10:00:00.000","May 18, 2026 @ 22:00:01.000","25 Andrew St",Diesel,"6,450","233.9","Reddy Express","Shell Reddy Express Esperance",ESPERANCE,"(blank)"
"FuelWatch WA","FuelWatchRetail-05-2026.csv","May 17, 2026 @ 10:00:00.000","May 18, 2026 @ 22:00:01.000","2 Strelitzia Ave",Diesel,"6,058","205.9","Reddy Express","Shell Reddy Express Forrestfield",FORRESTFIELD,"(blank)"
"FuelWatch WA","FuelWatchRetail-05-2026.csv","May 17, 2026 @ 10:00:00.000","May 18, 2026 @ 22:00:01.000","101 Hampton Rd",ULP,"6,160","179.9","Reddy Express","Shell Reddy Express Fremantle",FREMANTLE,"(blank)"
"FuelWatch WA","FuelWatchRetail-05-2026.csv","May 17, 2026 @ 10:00:00.000","May 18, 2026 @ 22:00:01.000","60 Marangaroo Dr",ULP,"6,064","179.9","Reddy Express","Shell Reddy Express Girrawheen",GIRRAWHEEN,"(blank)"
"FuelWatch WA","FuelWatchRetail-05-2026.csv","May 17, 2026 @ 10:00:00.000","May 18, 2026 @ 22:00:01.000","60 Marangaroo Dr",Diesel,"6,064","227.9","Reddy Express","Shell Reddy Express Girrawheen",GIRRAWHEEN,"(blank)"
"FuelWatch WA","FuelWatchRetail-05-2026.csv","May 17, 2026 @ 10:00:00.000","May 18, 2026 @ 22:00:01.000","165 Great Northern Hwy",ULP,"6,770","212.9","Reddy Express","Shell Reddy Express Halls Creek","HALLS CREEK","(blank)"
"FuelWatch WA","FuelWatchRetail-05-2026.csv","May 17, 2026 @ 10:00:00.000","May 18, 2026 @ 22:00:01.000","165 Great Northern Hwy",PULP,"6,770","230.4","Reddy Express","Shell Reddy Express Halls Creek","HALLS CREEK","(blank)"
"FuelWatch WA","FuelWatchRetail-05-2026.csv","May 17, 2026 @ 10:00:00.000","May 18, 2026 @ 22:00:01.000","165 Great Northern Hwy",Diesel,"6,770","255.9","Reddy Express","Shell Reddy Express Halls Creek","HALLS CREEK","(blank)"
"FuelWatch WA","FuelWatchRetail-05-2026.csv","May 17, 2026 @ 10:00:00.000","May 18, 2026 @ 22:00:01.000","14 Guava Way",ULP,"6,210","179.9","Reddy Express","Shell Reddy Express Halls Head","HALLS HEAD","(blank)"
"FuelWatch WA","FuelWatchRetail-05-2026.csv","May 17, 2026 @ 10:00:00.000","May 18, 2026 @ 22:00:01.000","14 Guava Way","98 RON","6,210","206.9","Reddy Express","Shell Reddy Express Halls Head","HALLS HEAD","(blank)"
"FuelWatch WA","FuelWatchRetail-05-2026.csv","May 17, 2026 @ 10:00:00.000","May 18, 2026 @ 22:00:01.000","6 Jersey St",Diesel,"6,014","227.9","Reddy Express","Shell Reddy Express Jolimont",JOLIMONT,"(blank)"
"FuelWatch WA","FuelWatchRetail-05-2026.csv","May 17, 2026 @ 10:00:00.000","May 18, 2026 @ 22:00:01.000","6 Jersey St","98 RON","6,014","206.9","Reddy Express","Shell Reddy Express Jolimont",JOLIMONT,"(blank)"
"FuelWatch WA","FuelWatchRetail-05-2026.csv","May 17, 2026 @ 10:00:00.000","May 18, 2026 @ 22:00:01.000","222 Manning Rd",PULP,"6,152","197.4","Reddy Express","Shell Reddy Express Karawara",KARAWARA,"(blank)"
"FuelWatch WA","FuelWatchRetail-05-2026.csv","May 17, 2026 @ 10:00:00.000","May 18, 2026 @ 22:00:01.000","13 Searipple Rd",ULP,"6,714","205.9","Reddy Express","Shell Reddy Express Karratha",KARRATHA,"(blank)"
"FuelWatch WA","FuelWatchRetail-05-2026.csv","May 17, 2026 @ 10:00:00.000","May 18, 2026 @ 22:00:01.000","47 Renegade Way",ULP,"6,026","179.9","Reddy Express","Shell Reddy Express Kingsley",KINGSLEY,"(blank)"
"FuelWatch WA","FuelWatchRetail-05-2026.csv","May 17, 2026 @ 10:00:00.000","May 18, 2026 @ 22:00:01.000","17 Poinciana St",PULP,"6,743","230.4","Reddy Express","Shell Reddy Express Kununurra Roadhouse",KUNUNURRA,"(blank)"
"FuelWatch WA","FuelWatchRetail-05-2026.csv","May 17, 2026 @ 10:00:00.000","May 18, 2026 @ 22:00:01.000","4 Beach St",PULP,"6,167","191.4","Reddy Express","Shell Reddy Express Kwinana Beach","KWINANA BEACH","(blank)"
"FuelWatch WA","FuelWatchRetail-05-2026.csv","May 17, 2026 @ 10:00:00.000","May 18, 2026 @ 22:00:01.000","4 Beach St",Diesel,"6,167","205.9","Reddy Express","Shell Reddy Express Kwinana Beach","KWINANA BEACH","(blank)"
"FuelWatch WA","FuelWatchRetail-05-2026.csv","May 17, 2026 @ 10:00:00.000","May 18, 2026 @ 22:00:01.000","4 Beach St","98 RON","6,167","200.9","Reddy Express","Shell Reddy Express Kwinana Beach","KWINANA BEACH","(blank)"
"FuelWatch WA","FuelWatchRetail-05-2026.csv","May 17, 2026 @ 10:00:00.000","May 18, 2026 @ 22:00:01.000","70 Nicholson Rd","98 RON","6,147","206.9","Reddy Express","Shell Reddy Express Langford",LANGFORD,"(blank)"
"FuelWatch WA","FuelWatchRetail-05-2026.csv","May 17, 2026 @ 10:00:00.000","May 18, 2026 @ 22:00:01.000","51 Farrington St",Diesel,"6,149","227.9","Reddy Express","Shell Reddy Express Leeming",LEEMING,"(blank)"
"FuelWatch WA","FuelWatchRetail-05-2026.csv","May 17, 2026 @ 10:00:00.000","May 18, 2026 @ 22:00:01.000","54-56 Tower St",Diesel,"6,438","255.9","Reddy Express","Shell Reddy Express Leonora",LEONORA,"(blank)"
"FuelWatch WA","FuelWatchRetail-05-2026.csv","May 17, 2026 @ 10:00:00.000","May 18, 2026 @ 22:00:01.000","117 Burslem Dr",Diesel,"6,109","215.9","Reddy Express","Shell Reddy Express Maddington",MADDINGTON,"(blank)"
"FuelWatch WA","FuelWatchRetail-05-2026.csv","May 17, 2026 @ 10:00:00.000","May 18, 2026 @ 22:00:01.000","492 Alexander Dr","98 RON","6,090","206.9","Reddy Express","Shell Reddy Express Malaga",MALAGA,"(blank)"
"FuelWatch WA","FuelWatchRetail-05-2026.csv","May 17, 2026 @ 10:00:00.000","May 18, 2026 @ 22:00:01.000","77 Bussell Hwy",ULP,"6,285","189.9","Reddy Express","Shell Reddy Express Margaret River","MARGARET RIVER","(blank)"
"FuelWatch WA","FuelWatchRetail-05-2026.csv","May 17, 2026 @ 10:00:00.000","May 18, 2026 @ 22:00:01.000","Lot 46 Great Northern Hwy",PULP,"6,056","197.4","Reddy Express","Shell Reddy Express Middle Swan","MIDDLE SWAN","(blank)"
"FuelWatch WA","FuelWatchRetail-05-2026.csv","May 17, 2026 @ 10:00:00.000","May 18, 2026 @ 22:00:01.000","582 Stirling Hwy",PULP,"6,012","197.4","Reddy Express","Shell Reddy Express Mosman Park","MOSMAN PARK","(blank)"
"FuelWatch WA","FuelWatchRetail-05-2026.csv","May 17, 2026 @ 10:00:00.000","May 18, 2026 @ 22:00:01.000","582 Stirling Hwy",Diesel,"6,012","227.9","Reddy Express","Shell Reddy Express Mosman Park","MOSMAN PARK","(blank)"
"FuelWatch WA","FuelWatchRetail-05-2026.csv","May 17, 2026 @ 10:00:00.000","May 18, 2026 @ 22:00:01.000","582 Stirling Hwy","98 RON","6,012","206.9","Reddy Express","Shell Reddy Express Mosman Park","MOSMAN PARK","(blank)"
"FuelWatch WA","FuelWatchRetail-05-2026.csv","May 17, 2026 @ 10:00:00.000","May 18, 2026 @ 22:00:01.000","1 The Esplanade",ULP,"6,153","179.9","Reddy Express","Shell Reddy Express Mount Pleasant","MOUNT PLEASANT","(blank)"
"FuelWatch WA","FuelWatchRetail-05-2026.csv","May 17, 2026 @ 10:00:00.000","May 18, 2026 @ 22:00:01.000","10 Beamish Ave",PULP,"6,401","197.4","Reddy Express","Shell Reddy Express Northam",NORTHAM,"(blank)"
"FuelWatch WA","FuelWatchRetail-05-2026.csv","May 17, 2026 @ 10:00:00.000","May 18, 2026 @ 22:00:01.000","6 Marina Bvd",Diesel,"6,027","227.9","Reddy Express","Shell Reddy Express Ocean Reef","OCEAN REEF","(blank)"
"FuelWatch WA","FuelWatchRetail-05-2026.csv","May 17, 2026 @ 10:00:00.000","May 18, 2026 @ 22:00:01.000","11 Roberts St West",ULP,"6,017","177.9","Reddy Express","Shell Reddy Express Osborne Park","OSBORNE PARK","(blank)"
"FuelWatch WA","FuelWatchRetail-05-2026.csv","May 17, 2026 @ 10:00:00.000","May 18, 2026 @ 22:00:01.000","80 Carrington St","98 RON","6,157","206.9","Reddy Express","Shell Reddy Express Palmyra",PALMYRA,"(blank)"
"FuelWatch WA","FuelWatchRetail-05-2026.csv","May 17, 2026 @ 10:00:00.000","May 18, 2026 @ 22:00:01.000","480 William St",PULP,"6,000","195.4","Reddy Express","Shell Reddy Express Perth",PERTH,"(blank)"
"FuelWatch WA","FuelWatchRetail-05-2026.csv","May 17, 2026 @ 10:00:00.000","May 18, 2026 @ 22:00:01.000","205 West Coast Hwy",Diesel,"6,019","227.9","Reddy Express","Shell Reddy Express Scarborough",SCARBOROUGH,"(blank)"
"FuelWatch WA","FuelWatchRetail-05-2026.csv","May 17, 2026 @ 10:00:00.000","May 18, 2026 @ 22:00:01.000","3 Canning Hwy",PULP,"6,151","197.4","Reddy Express","Shell Reddy Express South Perth","SOUTH PERTH","(blank)"
"FuelWatch WA","FuelWatchRetail-05-2026.csv","May 17, 2026 @ 10:00:00.000","May 18, 2026 @ 22:00:01.000","3 Canning Hwy","98 RON","6,151","206.9","Reddy Express","Shell Reddy Express South Perth","SOUTH PERTH","(blank)"
"FuelWatch WA","FuelWatchRetail-05-2026.csv","May 17, 2026 @ 10:00:00.000","May 18, 2026 @ 22:00:01.000","216 Lakey St",PULP,"6,110","195.4","Reddy Express","Shell Reddy Express Southern River","SOUTHERN RIVER","(blank)"
"FuelWatch WA","FuelWatchRetail-05-2026.csv","May 17, 2026 @ 10:00:00.000","May 18, 2026 @ 22:00:01.000","216 Lakey St","98 RON","6,110","204.9","Reddy Express","Shell Reddy Express Southern River","SOUTHERN RIVER","(blank)"
"FuelWatch WA","FuelWatchRetail-05-2026.csv","May 17, 2026 @ 10:00:00.000","May 18, 2026 @ 22:00:01.000","2 Fortyn Ct",ULP,"6,530","181.9","Reddy Express","Shell Reddy Express Tarcoola","MAHOMETS FLATS","(blank)"
"FuelWatch WA","FuelWatchRetail-05-2026.csv","May 17, 2026 @ 10:00:00.000","May 18, 2026 @ 22:00:01.000","866 Mine Rd",Diesel,"6,751","255.9","Reddy Express","Shell Reddy Express Tom Price","TOM PRICE","(blank)"
"FuelWatch WA","FuelWatchRetail-05-2026.csv","May 17, 2026 @ 10:00:00.000","May 18, 2026 @ 22:00:01.000","1333 Great Northern Hwy","98 RON","6,069","206.9","Reddy Express","Shell Reddy Express Upper Swan Roadhouse","UPPER SWAN","(blank)"
"FuelWatch WA","FuelWatchRetail-05-2026.csv","May 17, 2026 @ 10:00:00.000","May 18, 2026 @ 22:00:01.000","2 Napoleon Prom","98 RON","6,280","206.9","Reddy Express","Shell Reddy Express Vasse",VASSE,"(blank)"
"FuelWatch WA","FuelWatchRetail-05-2026.csv","May 17, 2026 @ 10:00:00.000","May 18, 2026 @ 22:00:01.000","66 Kent St",ULP,"6,101","177.9","Reddy Express","Shell Reddy Express Victoria Park","EAST VICTORIA PARK","(blank)"
"FuelWatch WA","FuelWatchRetail-05-2026.csv","May 17, 2026 @ 10:00:00.000","May 18, 2026 @ 22:00:01.000","66 Kent St",PULP,"6,101","195.4","Reddy Express","Shell Reddy Express Victoria Park","EAST VICTORIA PARK","(blank)"
"FuelWatch WA","FuelWatchRetail-05-2026.csv","May 17, 2026 @ 10:00:00.000","May 18, 2026 @ 22:00:01.000","1-9 Gnangara Dr","98 RON","6,169","206.9","Reddy Express","Shell Reddy Express Waikiki",WAIKIKI,"(blank)"
"FuelWatch WA","FuelWatchRetail-05-2026.csv","May 17, 2026 @ 10:00:00.000","May 18, 2026 @ 22:00:01.000","621 Wanneroo Rd",Diesel,"6,065","227.9","Reddy Express","Shell Reddy Express Wanneroo Pearsall",WANNEROO,"(blank)"
"FuelWatch WA","FuelWatchRetail-05-2026.csv","May 17, 2026 @ 10:00:00.000","May 18, 2026 @ 22:00:01.000","274 Erindale Rd",ULP,"6,024","177.9","Reddy Express","Shell Reddy Express Warwick",WARWICK,"(blank)"
"FuelWatch WA","FuelWatchRetail-05-2026.csv","May 17, 2026 @ 10:00:00.000","May 18, 2026 @ 22:00:01.000","274 Erindale Rd","98 RON","6,024","204.9","Reddy Express","Shell Reddy Express Warwick",WARWICK,"(blank)"
"FuelWatch WA","FuelWatchRetail-05-2026.csv","May 17, 2026 @ 10:00:00.000","May 18, 2026 @ 22:00:01.000","337 Cambridge St",Diesel,"6,014","227.9","Reddy Express","Shell Reddy Express Wembley",WEMBLEY,"(blank)"
"FuelWatch WA","FuelWatchRetail-05-2026.csv","May 17, 2026 @ 10:00:00.000","May 18, 2026 @ 22:00:01.000","337 Cambridge St","Brand Diesel","6,014","231.9","Reddy Express","Shell Reddy Express Wembley",WEMBLEY,"(blank)"
"FuelWatch WA","FuelWatchRetail-05-2026.csv","May 17, 2026 @ 10:00:00.000","May 18, 2026 @ 22:00:01.000","337 Cambridge St","98 RON","6,014","206.9","Reddy Express","Shell Reddy Express Wembley",WEMBLEY,"(blank)"
"FuelWatch WA","FuelWatchRetail-05-2026.csv","May 17, 2026 @ 10:00:00.000","May 18, 2026 @ 22:00:01.000","88 Champion Dr",ULP,"6,112","177.9","Reddy Express","Shell Reddy Express Westfield","SEVILLE GROVE","(blank)"
"FuelWatch WA","FuelWatchRetail-05-2026.csv","May 17, 2026 @ 10:00:00.000","May 18, 2026 @ 22:00:01.000","88 Champion Dr",Diesel,"6,112","227.9","Reddy Express","Shell Reddy Express Westfield","SEVILLE GROVE","(blank)"
"FuelWatch WA","FuelWatchRetail-05-2026.csv","May 17, 2026 @ 10:00:00.000","May 18, 2026 @ 22:00:01.000","115 North West Coastal Hwy",ULP,"6,530","181.9","Reddy Express","Shell Reddy Express Wonthella",WONTHELLA,"(blank)"
"FuelWatch WA","FuelWatchRetail-05-2026.csv","May 17, 2026 @ 10:00:00.000","May 18, 2026 @ 22:00:01.000","115 North West Coastal Hwy",Diesel,"6,530","229.9","Reddy Express","Shell Reddy Express Wonthella",WONTHELLA,"(blank)"
"FuelWatch WA","FuelWatchRetail-05-2026.csv","May 17, 2026 @ 10:00:00.000","May 18, 2026 @ 22:00:01.000","Lot 511 Johnston St",Diesel,"6,365",242,Independent,"Shire of Kulin",KULIN,"(blank)"
"FuelWatch WA","FuelWatchRetail-05-2026.csv","May 17, 2026 @ 10:00:00.000","May 18, 2026 @ 22:00:01.000","20 Payne St",ULP,"6,639","230.1",Ampol,"Shire of Sandstone",SANDSTONE,"(blank)"
"FuelWatch WA","FuelWatchRetail-05-2026.csv","May 17, 2026 @ 10:00:00.000","May 18, 2026 @ 22:00:01.000","Lot 1 Newman Dr",ULP,"6,753","199.9",Shell,"Smart Mart Newman",NEWMAN,"(blank)"
"FuelWatch WA","FuelWatchRetail-05-2026.csv","May 17, 2026 @ 10:00:00.000","May 18, 2026 @ 22:00:01.000","Lot 1 Newman Dr",Diesel,"6,753","269.9",Shell,"Smart Mart Newman",NEWMAN,"(blank)"
"FuelWatch WA","FuelWatchRetail-05-2026.csv","May 17, 2026 @ 10:00:00.000","May 18, 2026 @ 22:00:01.000","Lot 1 Newman Dr","98 RON","6,753","239.9",Shell,"Smart Mart Newman",NEWMAN,"(blank)"
"FuelWatch WA","FuelWatchRetail-05-2026.csv","May 17, 2026 @ 10:00:00.000","May 18, 2026 @ 22:00:01.000","280 Fourth St",ULP,"6,530","179.9",BP,"Smart Mart Pure Convenience - Flores Rd",WONTHELLA,"(blank)"
"FuelWatch WA","FuelWatchRetail-05-2026.csv","May 17, 2026 @ 10:00:00.000","May 18, 2026 @ 22:00:01.000","280 Fourth St","Brand Diesel","6,530","235.9",BP,"Smart Mart Pure Convenience - Flores Rd",WONTHELLA,"(blank)"
"FuelWatch WA","FuelWatchRetail-05-2026.csv","May 17, 2026 @ 10:00:00.000","May 18, 2026 @ 22:00:01.000","86 Avon Tce",Diesel,"6,302","239.7",Shell,"Smiths Shell Service",YORK,"(blank)"
"FuelWatch WA","FuelWatchRetail-05-2026.csv","May 17, 2026 @ 10:00:00.000","May 18, 2026 @ 22:00:01.000","298 Benara Rd","98 RON","6,062","195.5",Solo,"Solo Morley",MORLEY,"(blank)"
"FuelWatch WA","FuelWatchRetail-05-2026.csv","May 17, 2026 @ 10:00:00.000","May 18, 2026 @ 22:00:01.000","268 High Rd",Diesel,"6,148","215.9",Solo,"Solo Riverton",RIVERTON,"(blank)"
"FuelWatch WA","FuelWatchRetail-05-2026.csv","May 17, 2026 @ 10:00:00.000","May 18, 2026 @ 22:00:01.000","4 Corberding Rd",Diesel,"6,306",249,BP,"Stumpys Gateway Roadhouse",BROOKTON,"(blank)"
"FuelWatch WA","FuelWatchRetail-05-2026.csv","May 17, 2026 @ 10:00:00.000","May 18, 2026 @ 22:00:01.000","4 Corberding Rd","98 RON","6,306",229,BP,"Stumpys Gateway Roadhouse",BROOKTON,"(blank)"
"FuelWatch WA","FuelWatchRetail-05-2026.csv","May 17, 2026 @ 10:00:00.000","May 18, 2026 @ 22:00:01.000","23 Second Ave",ULP,"6,710",240,Independent,"Thalanyji Fish and Fuel",ONSLOW,"(blank)"
"FuelWatch WA","FuelWatchRetail-05-2026.csv","May 17, 2026 @ 10:00:00.000","May 18, 2026 @ 22:00:01.000","39 Second Ave",Diesel,"6,710",300,Independent,"Thalanyji Food and Fuel",ONSLOW,"(blank)"
"FuelWatch WA","FuelWatchRetail-05-2026.csv","May 17, 2026 @ 10:00:00.000","May 18, 2026 @ 22:00:01.000","5 Gnornbup Tce",PULP,"6,338","228.4",BP,"The Roadhouse Hooked and Cooked","BREMER BAY","(blank)"
"FuelWatch WA","FuelWatchRetail-05-2026.csv","May 17, 2026 @ 10:00:00.000","May 18, 2026 @ 22:00:01.000","Great Central Rd",ULP,"6,440",364,BP,"Tjukayirla Roadhouse","LAKE WELLS","(blank)"
"FuelWatch WA","FuelWatchRetail-05-2026.csv","May 17, 2026 @ 10:00:00.000","May 18, 2026 @ 22:00:01.000","Great Central Rd",Diesel,"6,440",364,BP,"Tjukayirla Roadhouse","LAKE WELLS","(blank)"
"FuelWatch WA","FuelWatchRetail-05-2026.csv","May 17, 2026 @ 10:00:00.000","May 18, 2026 @ 22:00:01.000","Tjukurla Community Access Rd",ULP,872,364,BP,"Tjukurla Store",TJUKURLA,"(blank)"
"FuelWatch WA","FuelWatchRetail-05-2026.csv","May 17, 2026 @ 10:00:00.000","May 18, 2026 @ 22:00:01.000","Tjukurla Community Access Rd",Diesel,872,428,BP,"Tjukurla Store",TJUKURLA,"(blank)"
"FuelWatch WA","FuelWatchRetail-05-2026.csv","May 17, 2026 @ 10:00:00.000","May 18, 2026 @ 22:00:01.000","309 Albany Hwy",Diesel,"6,330","229.5",United,"United Albany Central","MOUNT MELVILLE","(blank)"
"FuelWatch WA","FuelWatchRetail-05-2026.csv","May 17, 2026 @ 10:00:00.000","May 18, 2026 @ 22:00:01.000","367 Albany Hwy",PULP,"6,330","192.5",United,"United Albany Orana",ORANA,"(blank)"
"FuelWatch WA","FuelWatchRetail-05-2026.csv","May 17, 2026 @ 10:00:00.000","May 18, 2026 @ 22:00:01.000","367 Albany Hwy",Diesel,"6,330","219.5",United,"United Albany Orana",ORANA,"(blank)"
"FuelWatch WA","FuelWatchRetail-05-2026.csv","May 17, 2026 @ 10:00:00.000","May 18, 2026 @ 22:00:01.000","5 Albina Ave",PULP,"6,167","183.9",United,"United Anketell",ANKETELL,"(blank)"
"FuelWatch WA","FuelWatchRetail-05-2026.csv","May 17, 2026 @ 10:00:00.000","May 18, 2026 @ 22:00:01.000","178 South Western Hwy",PULP,"6,112","183.9",United,"United Armadale",ARMADALE,"(blank)"
"FuelWatch WA","FuelWatchRetail-05-2026.csv","May 17, 2026 @ 10:00:00.000","May 18, 2026 @ 22:00:01.000","45 South Coast Hwy",ULP,"6,333","185.9",United,"United Denmark",DENMARK,"(blank)"
"FuelWatch WA","FuelWatchRetail-05-2026.csv","May 17, 2026 @ 10:00:00.000","May 18, 2026 @ 22:00:01.000","916 Albany Hwy",ULP,"6,101","172.9",United,"United East Victoria Park","EAST VICTORIA PARK","(blank)"
"FuelWatch WA","FuelWatchRetail-05-2026.csv","May 17, 2026 @ 10:00:00.000","May 18, 2026 @ 22:00:01.000","916 Albany Hwy",PULP,"6,101","186.9",United,"United East Victoria Park","EAST VICTORIA PARK","(blank)"
"FuelWatch WA","FuelWatchRetail-05-2026.csv","May 17, 2026 @ 10:00:00.000","May 18, 2026 @ 22:00:01.000","916 Albany Hwy",Diesel,"6,101","229.9",United,"United East Victoria Park","EAST VICTORIA PARK","(blank)"
"FuelWatch WA","FuelWatchRetail-05-2026.csv","May 17, 2026 @ 10:00:00.000","May 18, 2026 @ 22:00:01.000","916 Albany Hwy","98 RON","6,101","194.9",United,"United East Victoria Park","EAST VICTORIA PARK","(blank)"
"FuelWatch WA","FuelWatchRetail-05-2026.csv","May 17, 2026 @ 10:00:00.000","May 18, 2026 @ 22:00:01.000","3 Locke Lane",Diesel,"6,069","225.9",United,"United Ellenbrook",ELLENBROOK,"(blank)"
"FuelWatch WA","FuelWatchRetail-05-2026.csv","May 17, 2026 @ 10:00:00.000","May 18, 2026 @ 22:00:01.000","3 Locke Lane",LPG,"6,069","159.5",United,"United Ellenbrook",ELLENBROOK,"(blank)"
"FuelWatch WA","FuelWatchRetail-05-2026.csv","May 17, 2026 @ 10:00:00.000","May 18, 2026 @ 22:00:01.000","3 Locke Lane",E85,"6,069","269.9",United,"United Ellenbrook",ELLENBROOK,"(blank)"
"FuelWatch WA","FuelWatchRetail-05-2026.csv","May 17, 2026 @ 10:00:00.000","May 18, 2026 @ 22:00:01.000","9 Winterfold Rd","Brand Diesel","6,163","225.9",United,"United Hamilton Hill","HAMILTON HILL","(blank)"
"FuelWatch WA","FuelWatchRetail-05-2026.csv","May 17, 2026 @ 10:00:00.000","May 18, 2026 @ 22:00:01.000","4 Walter Padbury Bvd",PULP,"6,025","187.9",United,"United Hepburn Heights",PADBURY,"(blank)"
"FuelWatch WA","FuelWatchRetail-05-2026.csv","May 17, 2026 @ 10:00:00.000","May 18, 2026 @ 22:00:01.000","4 Walter Padbury Bvd",LPG,"6,025","159.5",United,"United Hepburn Heights",PADBURY,"(blank)"
"FuelWatch WA","FuelWatchRetail-05-2026.csv","May 17, 2026 @ 10:00:00.000","May 18, 2026 @ 22:00:01.000","150 Massingham St",ULP,"6,410","176.9",United,"United Kellerberrin Truck Stop",KELLERBERRIN,"(blank)"
"FuelWatch WA","FuelWatchRetail-05-2026.csv","May 17, 2026 @ 10:00:00.000","May 18, 2026 @ 22:00:01.000","2 Feilman Dr",ULP,"6,170","169.9",United,"United Leda",LEDA,"(blank)"
"FuelWatch WA","FuelWatchRetail-05-2026.csv","May 17, 2026 @ 10:00:00.000","May 18, 2026 @ 22:00:01.000","2 Feilman Dr",PULP,"6,170","183.9",United,"United Leda",LEDA,"(blank)"
"FuelWatch WA","FuelWatchRetail-05-2026.csv","May 17, 2026 @ 10:00:00.000","May 18, 2026 @ 22:00:01.000","2 Feilman Dr",Diesel,"6,170","223.9",United,"United Leda",LEDA,"(blank)"
"FuelWatch WA","FuelWatchRetail-05-2026.csv","May 17, 2026 @ 10:00:00.000","May 18, 2026 @ 22:00:01.000","779 Gnangara Rd",ULP,"6,079","169.9",United,"United Lexia Truck Stop",LEXIA,"(blank)"
"FuelWatch WA","FuelWatchRetail-05-2026.csv","May 17, 2026 @ 10:00:00.000","May 18, 2026 @ 22:00:01.000","779 Gnangara Rd",Diesel,"6,079","217.9",United,"United Lexia Truck Stop",LEXIA,"(blank)"
"FuelWatch WA","FuelWatchRetail-05-2026.csv","May 17, 2026 @ 10:00:00.000","May 18, 2026 @ 22:00:01.000","779 Gnangara Rd","98 RON","6,079","191.9",United,"United Lexia Truck Stop",LEXIA,"(blank)"
"FuelWatch WA","FuelWatchRetail-05-2026.csv","May 17, 2026 @ 10:00:00.000","May 18, 2026 @ 22:00:01.000","779 Gnangara Rd",E85,"6,079","269.9",United,"United Lexia Truck Stop",LEXIA,"(blank)"
"FuelWatch WA","FuelWatchRetail-05-2026.csv","May 17, 2026 @ 10:00:00.000","May 18, 2026 @ 22:00:01.000","13 Stebbing Rd",Diesel,"6,109","215.9",United,"United Maddington Truck Stop",MADDINGTON,"(blank)"
"FuelWatch WA","FuelWatchRetail-05-2026.csv","May 17, 2026 @ 10:00:00.000","May 18, 2026 @ 22:00:01.000","13 Stebbing Rd","98 RON","6,109","191.9",United,"United Maddington Truck Stop",MADDINGTON,"(blank)"
"FuelWatch WA","FuelWatchRetail-05-2026.csv","May 17, 2026 @ 10:00:00.000","May 18, 2026 @ 22:00:01.000","13 Stebbing Rd",E85,"6,109","269.9",United,"United Maddington Truck Stop",MADDINGTON,"(blank)"
"FuelWatch WA","FuelWatchRetail-05-2026.csv","May 17, 2026 @ 10:00:00.000","May 18, 2026 @ 22:00:01.000","182 Leach Hwy",PULP,"6,154","186.9",United,"United Myaree",MYAREE,"(blank)"
"FuelWatch WA","FuelWatchRetail-05-2026.csv","May 17, 2026 @ 10:00:00.000","May 18, 2026 @ 22:00:01.000","182 Leach Hwy",LPG,"6,154","159.5",United,"United Myaree",MYAREE,"(blank)"
"FuelWatch WA","FuelWatchRetail-05-2026.csv","May 17, 2026 @ 10:00:00.000","May 18, 2026 @ 22:00:01.000","13 Lionel St",E85,"6,165","269.9",United,"United Naval Base Truck Stop","NAVAL BASE","(blank)"
"FuelWatch WA","FuelWatchRetail-05-2026.csv","May 17, 2026 @ 10:00:00.000","May 18, 2026 @ 22:00:01.000","31 Fitzgerald St",PULP,"6,003","186.9",United,"United Northbridge",NORTHBRIDGE,"(blank)"
"FuelWatch WA","FuelWatchRetail-05-2026.csv","May 17, 2026 @ 10:00:00.000","May 18, 2026 @ 22:00:01.000","31 Fitzgerald St","98 RON","6,003","194.9",United,"United Northbridge",NORTHBRIDGE,"(blank)"
"FuelWatch WA","FuelWatchRetail-05-2026.csv","May 17, 2026 @ 10:00:00.000","May 18, 2026 @ 22:00:01.000","479 Scarborough Beach Rd",LPG,"6,017","149.5",United,"United Osborne Park","OSBORNE PARK","(blank)"
"FuelWatch WA","FuelWatchRetail-05-2026.csv","May 17, 2026 @ 10:00:00.000","May 18, 2026 @ 22:00:01.000","479 Scarborough Beach Rd",E85,"6,017","269.9",United,"United Osborne Park","OSBORNE PARK","(blank)"
"FuelWatch WA","FuelWatchRetail-05-2026.csv","May 17, 2026 @ 10:00:00.000","May 18, 2026 @ 22:00:01.000","1602 Pinjarra Rd",ULP,"6,208","167.9",United,"United Pinjarra Truck Stop",PINJARRA,"(blank)"
"FuelWatch WA","FuelWatchRetail-05-2026.csv","May 17, 2026 @ 10:00:00.000","May 18, 2026 @ 22:00:01.000","1602 Pinjarra Rd","98 RON","6,208","189.9",United,"United Pinjarra Truck Stop",PINJARRA,"(blank)"
"FuelWatch WA","FuelWatchRetail-05-2026.csv","May 17, 2026 @ 10:00:00.000","May 18, 2026 @ 22:00:01.000","1602 Pinjarra Rd",E85,"6,208","269.9",United,"United Pinjarra Truck Stop",PINJARRA,"(blank)"
"FuelWatch WA","FuelWatchRetail-05-2026.csv","May 17, 2026 @ 10:00:00.000","May 18, 2026 @ 22:00:01.000","50 Rifle Range Rd",ULP,"6,530","183.9",United,"United Rangeway Truck Stop",RANGEWAY,"(blank)"
"FuelWatch WA","FuelWatchRetail-05-2026.csv","May 17, 2026 @ 10:00:00.000","May 18, 2026 @ 22:00:01.000","50 Rifle Range Rd","98 RON","6,530","210.9",United,"United Rangeway Truck Stop",RANGEWAY,"(blank)"
"FuelWatch WA","FuelWatchRetail-05-2026.csv","May 17, 2026 @ 10:00:00.000","May 18, 2026 @ 22:00:01.000","49 Berrigan Dr",Diesel,"6,164","218.9",United,"United South Lake","SOUTH LAKE","(blank)"
"FuelWatch WA","FuelWatchRetail-05-2026.csv","May 17, 2026 @ 10:00:00.000","May 18, 2026 @ 22:00:01.000","Lot 101 Terrier Pl",PULP,"6,110","185.9",United,"United Southern River","SOUTHERN RIVER","(blank)"
"FuelWatch WA","FuelWatchRetail-05-2026.csv","May 17, 2026 @ 10:00:00.000","May 18, 2026 @ 22:00:01.000","Lot 101 Terrier Pl","98 RON","6,110","193.9",United,"United Southern River","SOUTHERN RIVER","(blank)"
"FuelWatch WA","FuelWatchRetail-05-2026.csv","May 17, 2026 @ 10:00:00.000","May 18, 2026 @ 22:00:01.000","1369 Wanneroo Rd","Brand Diesel","6,065","220.9",United,"United Tapping",WANNEROO,"(blank)"
"FuelWatch WA","FuelWatchRetail-05-2026.csv","May 17, 2026 @ 10:00:00.000","May 18, 2026 @ 22:00:01.000","1369 Wanneroo Rd","98 RON","6,065","191.5",United,"United Tapping",WANNEROO,"(blank)"
"FuelWatch WA","FuelWatchRetail-05-2026.csv","May 17, 2026 @ 10:00:00.000","May 18, 2026 @ 22:00:01.000","210 Northerly St",ULP,"6,280","175.9",United,"United Vasse Truck Stop",VASSE,"(blank)"
"FuelWatch WA","FuelWatchRetail-05-2026.csv","May 17, 2026 @ 10:00:00.000","May 18, 2026 @ 22:00:01.000","210 Northerly St",PULP,"6,280","189.9",United,"United Vasse Truck Stop",VASSE,"(blank)"
"FuelWatch WA","FuelWatchRetail-05-2026.csv","May 17, 2026 @ 10:00:00.000","May 18, 2026 @ 22:00:01.000","210 Northerly St","98 RON","6,280","197.9",United,"United Vasse Truck Stop",VASSE,"(blank)"
"FuelWatch WA","FuelWatchRetail-05-2026.csv","May 17, 2026 @ 10:00:00.000","May 18, 2026 @ 22:00:01.000","126 Forrest Rd",PULP,"6,112","184.7",Vibe,"Vibe Armadale",ARMADALE,"(blank)"
"FuelWatch WA","FuelWatchRetail-05-2026.csv","May 17, 2026 @ 10:00:00.000","May 18, 2026 @ 22:00:01.000","268 Great Eastern Hwy",PULP,"6,104","183.9",Vibe,"Vibe Ascot",ASCOT,"(blank)"
"FuelWatch WA","FuelWatchRetail-05-2026.csv","May 17, 2026 @ 10:00:00.000","May 18, 2026 @ 22:00:01.000","268 Great Eastern Hwy",Diesel,"6,104","198.7",Vibe,"Vibe Ascot",ASCOT,"(blank)"
"FuelWatch WA","FuelWatchRetail-05-2026.csv","May 17, 2026 @ 10:00:00.000","May 18, 2026 @ 22:00:01.000","120 Kerosene Lane",ULP,"6,171","169.7",Vibe,"Vibe Baldivis",BALDIVIS,"(blank)"
"FuelWatch WA","FuelWatchRetail-05-2026.csv","May 17, 2026 @ 10:00:00.000","May 18, 2026 @ 22:00:01.000","120 Beechboro Rd South","Brand Diesel","6,053","224.9",Vibe,"Vibe Bayswater",BAYSWATER,"(blank)"
"FuelWatch WA","FuelWatchRetail-05-2026.csv","May 17, 2026 @ 10:00:00.000","May 18, 2026 @ 22:00:01.000","168 Walter Rd West",Diesel,"6,052","219.7",Vibe,"Vibe Bedford",BEDFORD,"(blank)"
"FuelWatch WA","FuelWatchRetail-05-2026.csv","May 17, 2026 @ 10:00:00.000","May 18, 2026 @ 22:00:01.000","168 Walter Rd West","Brand Diesel","6,052","224.7",Vibe,"Vibe Bedford",BEDFORD,"(blank)"
"FuelWatch WA","FuelWatchRetail-05-2026.csv","May 17, 2026 @ 10:00:00.000","May 18, 2026 @ 22:00:01.000","168 Walter Rd West","98 RON","6,052","199.7",Vibe,"Vibe Bedford",BEDFORD,"(blank)"
"FuelWatch WA","FuelWatchRetail-05-2026.csv","May 17, 2026 @ 10:00:00.000","May 18, 2026 @ 22:00:01.000","169 Hampton St",Diesel,"6,255","229.9",Vibe,"Vibe Bridgetown",BRIDGETOWN,"(blank)"
"FuelWatch WA","FuelWatchRetail-05-2026.csv","May 17, 2026 @ 10:00:00.000","May 18, 2026 @ 22:00:01.000","375 Bussell Hwy","98 RON","6,280","195.9",Vibe,"Vibe Broadwater",BROADWATER,"(blank)"
"FuelWatch WA","FuelWatchRetail-05-2026.csv","May 17, 2026 @ 10:00:00.000","May 18, 2026 @ 22:00:01.000","2533 Great Northern Hwy",Diesel,"6,084","229.9",Vibe,"Vibe Bullsbrook",BULLSBROOK,"(blank)"
"FuelWatch WA","FuelWatchRetail-05-2026.csv","May 17, 2026 @ 10:00:00.000","May 18, 2026 @ 22:00:01.000","2533 Great Northern Hwy","Brand Diesel","6,084","235.9",Vibe,"Vibe Bullsbrook",BULLSBROOK,"(blank)"
"FuelWatch WA","FuelWatchRetail-05-2026.csv","May 17, 2026 @ 10:00:00.000","May 18, 2026 @ 22:00:01.000","1769 Neaves Rd",PULP,"6,084","184.3",Vibe,"Vibe Bullsbrook Northlink",BULLSBROOK,"(blank)"
"FuelWatch WA","FuelWatchRetail-05-2026.csv","May 17, 2026 @ 10:00:00.000","May 18, 2026 @ 22:00:01.000","1769 Neaves Rd",Diesel,"6,084","218.7",Vibe,"Vibe Bullsbrook Northlink",BULLSBROOK,"(blank)"
"FuelWatch WA","FuelWatchRetail-05-2026.csv","May 17, 2026 @ 10:00:00.000","May 18, 2026 @ 22:00:01.000","1769 Neaves Rd","98 RON","6,084","195.3",Vibe,"Vibe Bullsbrook Northlink",BULLSBROOK,"(blank)"
"FuelWatch WA","FuelWatchRetail-05-2026.csv","May 17, 2026 @ 10:00:00.000","May 18, 2026 @ 22:00:01.000","13 Picton Rd",ULP,"6,230","177.8",Vibe,"Vibe Bunbury East","EAST BUNBURY","(blank)"
"FuelWatch WA","FuelWatchRetail-05-2026.csv","May 17, 2026 @ 10:00:00.000","May 18, 2026 @ 22:00:01.000","302 Blair St","Brand Diesel","6,230","230.9",Vibe,"Vibe Bunbury South","SOUTH BUNBURY","(blank)"
"FuelWatch WA","FuelWatchRetail-05-2026.csv","May 17, 2026 @ 10:00:00.000","May 18, 2026 @ 22:00:01.000","6 Birnam Rd",PULP,"6,155","184.7",Vibe,"Vibe Canning Vale","CANNING VALE","(blank)"
"FuelWatch WA","FuelWatchRetail-05-2026.csv","May 17, 2026 @ 10:00:00.000","May 18, 2026 @ 22:00:01.000","6 Birnam Rd",Diesel,"6,155","209.7",Vibe,"Vibe Canning Vale","CANNING VALE","(blank)"
"FuelWatch WA","FuelWatchRetail-05-2026.csv","May 17, 2026 @ 10:00:00.000","May 18, 2026 @ 22:00:01.000","427 Charles St",ULP,"6,006","174.7",Vibe,"Vibe Charles St","NORTH PERTH","(blank)"
"FuelWatch WA","FuelWatchRetail-05-2026.csv","May 17, 2026 @ 10:00:00.000","May 18, 2026 @ 22:00:01.000","427 Charles St",Diesel,"6,006","218.9",Vibe,"Vibe Charles St","NORTH PERTH","(blank)"
"FuelWatch WA","FuelWatchRetail-05-2026.csv","May 17, 2026 @ 10:00:00.000","May 18, 2026 @ 22:00:01.000","45 South Western Hwy",ULP,"6,239","182.7",Vibe,"Vibe Donnybrook",DONNYBROOK,"(blank)"
"FuelWatch WA","FuelWatchRetail-05-2026.csv","May 17, 2026 @ 10:00:00.000","May 18, 2026 @ 22:00:01.000","159 Milner Rd",ULP,"6,058","169.3",Vibe,"Vibe Forrestfield",FORRESTFIELD,"(blank)"
"FuelWatch WA","FuelWatchRetail-05-2026.csv","May 17, 2026 @ 10:00:00.000","May 18, 2026 @ 22:00:01.000","159 Milner Rd",Diesel,"6,058","201.3",Vibe,"Vibe Forrestfield",FORRESTFIELD,"(blank)"
"FuelWatch WA","FuelWatchRetail-05-2026.csv","May 17, 2026 @ 10:00:00.000","May 18, 2026 @ 22:00:01.000","159 Milner Rd","Brand Diesel","6,058","207.3",Vibe,"Vibe Forrestfield",FORRESTFIELD,"(blank)"
"FuelWatch WA","FuelWatchRetail-05-2026.csv","May 17, 2026 @ 10:00:00.000","May 18, 2026 @ 22:00:01.000","159 Milner Rd","98 RON","6,058","195.3",Vibe,"Vibe Forrestfield",FORRESTFIELD,"(blank)"
"FuelWatch WA","FuelWatchRetail-05-2026.csv","May 17, 2026 @ 10:00:00.000","May 18, 2026 @ 22:00:01.000","114 Rockingham Rd",Diesel,"6,163","219.7",Vibe,"Vibe Hamilton Hill","HAMILTON HILL","(blank)"
"FuelWatch WA","FuelWatchRetail-05-2026.csv","May 17, 2026 @ 10:00:00.000","May 18, 2026 @ 22:00:01.000","Lot 104 Russel Rd",Diesel,"6,166","215.7",Vibe,"Vibe Henderson",HENDERSON,"(blank)"
"FuelWatch WA","FuelWatchRetail-05-2026.csv","May 17, 2026 @ 10:00:00.000","May 18, 2026 @ 22:00:01.000","Lot 104 Russel Rd","Brand Diesel","6,166","221.7",Vibe,"Vibe Henderson",HENDERSON,"(blank)"
"FuelWatch WA","FuelWatchRetail-05-2026.csv","May 17, 2026 @ 10:00:00.000","May 18, 2026 @ 22:00:01.000","Lot 104 Russel Rd","98 RON","6,166","203.7",Vibe,"Vibe Henderson",HENDERSON,"(blank)"
"FuelWatch WA","FuelWatchRetail-05-2026.csv","May 17, 2026 @ 10:00:00.000","May 18, 2026 @ 22:00:01.000","7 Mead St",ULP,"6,076","169.7",Vibe,"Vibe Kalamunda",KALAMUNDA,"(blank)"
"FuelWatch WA","FuelWatchRetail-05-2026.csv","May 17, 2026 @ 10:00:00.000","May 18, 2026 @ 22:00:01.000","7 Mead St",Diesel,"6,076","209.7",Vibe,"Vibe Kalamunda",KALAMUNDA,"(blank)"
"FuelWatch WA","FuelWatchRetail-05-2026.csv","May 17, 2026 @ 10:00:00.000","May 18, 2026 @ 22:00:01.000","7 Mead St","Brand Diesel","6,076","215.7",Vibe,"Vibe Kalamunda",KALAMUNDA,"(blank)"
"FuelWatch WA","FuelWatchRetail-05-2026.csv","May 17, 2026 @ 10:00:00.000","May 18, 2026 @ 22:00:01.000","6 Chisham Ave",ULP,"6,167","169.9",Vibe,"Vibe Kwinana Town Centre","KWINANA TOWN CENTRE","(blank)"
"FuelWatch WA","FuelWatchRetail-05-2026.csv","May 17, 2026 @ 10:00:00.000","May 18, 2026 @ 22:00:01.000","6 Chisham Ave",PULP,"6,167","184.9",Vibe,"Vibe Kwinana Town Centre","KWINANA TOWN CENTRE","(blank)"
"FuelWatch WA","FuelWatchRetail-05-2026.csv","May 17, 2026 @ 10:00:00.000","May 18, 2026 @ 22:00:01.000","6 Chisham Ave",Diesel,"6,167","223.7",Vibe,"Vibe Kwinana Town Centre","KWINANA TOWN CENTRE","(blank)"
"FuelWatch WA","FuelWatchRetail-05-2026.csv","May 17, 2026 @ 10:00:00.000","May 18, 2026 @ 22:00:01.000","2 Rafferty Rd",Diesel,"6,210","214.7",Vibe,"Vibe Mandurah",MANDURAH,"(blank)"
"FuelWatch WA","FuelWatchRetail-05-2026.csv","May 17, 2026 @ 10:00:00.000","May 18, 2026 @ 22:00:01.000","430 Morley Dr","Brand Diesel","6,062","225.7",Vibe,"Vibe Morley",MORLEY,"(blank)"
"FuelWatch WA","FuelWatchRetail-05-2026.csv","May 17, 2026 @ 10:00:00.000","May 18, 2026 @ 22:00:01.000","9 McVicar Pl",ULP,"6,082","169.7",Vibe,"Vibe Mt Helena","MOUNT HELENA","(blank)"
"FuelWatch WA","FuelWatchRetail-05-2026.csv","May 17, 2026 @ 10:00:00.000","May 18, 2026 @ 22:00:01.000","9 McVicar Pl",Diesel,"6,082","219.7",Vibe,"Vibe Mt Helena","MOUNT HELENA","(blank)"
"FuelWatch WA","FuelWatchRetail-05-2026.csv","May 17, 2026 @ 10:00:00.000","May 18, 2026 @ 22:00:01.000","1 Pinnacle Dr",PULP,"6,031","188.3",Vibe,"Vibe Neerabup",NEERABUP,"(blank)"
"FuelWatch WA","FuelWatchRetail-05-2026.csv","May 17, 2026 @ 10:00:00.000","May 18, 2026 @ 22:00:01.000","1 Pinnacle Dr","Brand Diesel","6,031","213.9",Vibe,"Vibe Neerabup",NEERABUP,"(blank)"
"FuelWatch WA","FuelWatchRetail-05-2026.csv","May 17, 2026 @ 10:00:00.000","May 18, 2026 @ 22:00:01.000","66 Sylvia St",ULP,"6,061","168.9",Vibe,"Vibe Nollamara",NOLLAMARA,"(blank)"
"FuelWatch WA","FuelWatchRetail-05-2026.csv","May 17, 2026 @ 10:00:00.000","May 18, 2026 @ 22:00:01.000","66 Sylvia St","98 RON","6,061","194.9",Vibe,"Vibe Nollamara",NOLLAMARA,"(blank)"
"FuelWatch WA","FuelWatchRetail-05-2026.csv","May 17, 2026 @ 10:00:00.000","May 18, 2026 @ 22:00:01.000","1780 Thomas Rd",ULP,"6,121","163.9",Vibe,"Vibe Oakford Truckstop",OAKFORD,"(blank)"
"FuelWatch WA","FuelWatchRetail-05-2026.csv","May 17, 2026 @ 10:00:00.000","May 18, 2026 @ 22:00:01.000","7 Hutton St",ULP,"6,017","172.9",Vibe,"Vibe Osborne Park","OSBORNE PARK","(blank)"
"FuelWatch WA","FuelWatchRetail-05-2026.csv","May 17, 2026 @ 10:00:00.000","May 18, 2026 @ 22:00:01.000","7 Hutton St",Diesel,"6,017","209.7",Vibe,"Vibe Osborne Park","OSBORNE PARK","(blank)"
"FuelWatch WA","FuelWatchRetail-05-2026.csv","May 17, 2026 @ 10:00:00.000","May 18, 2026 @ 22:00:01.000","386 Nicholson Rd",Diesel,"6,112","198.7",Vibe,"Vibe Piara Waters","PIARA WATERS","(blank)"
"FuelWatch WA","FuelWatchRetail-05-2026.csv","May 17, 2026 @ 10:00:00.000","May 18, 2026 @ 22:00:01.000","386 Nicholson Rd","Brand Diesel","6,112","203.7",Vibe,"Vibe Piara Waters","PIARA WATERS","(blank)"
"FuelWatch WA","FuelWatchRetail-05-2026.csv","May 17, 2026 @ 10:00:00.000","May 18, 2026 @ 22:00:01.000","386 Nicholson Rd","98 RON","6,112","195.3",Vibe,"Vibe Piara Waters","PIARA WATERS","(blank)"
"FuelWatch WA","FuelWatchRetail-05-2026.csv","May 17, 2026 @ 10:00:00.000","May 18, 2026 @ 22:00:01.000","35 Blackburn Dr",ULP,"6,172","171.3",Vibe,"Vibe Port Kennedy","PORT KENNEDY","(blank)"
"FuelWatch WA","FuelWatchRetail-05-2026.csv","May 17, 2026 @ 10:00:00.000","May 18, 2026 @ 22:00:01.000","333 Rockingham Rd",ULP,"6,163","172.9",Vibe,"Vibe Spearwood",SPEARWOOD,"(blank)"
"FuelWatch WA","FuelWatchRetail-05-2026.csv","May 17, 2026 @ 10:00:00.000","May 18, 2026 @ 22:00:01.000","123 Thomas St",ULP,"6,008","179.7",Vibe,"Vibe Subiaco",SUBIACO,"(blank)"
"FuelWatch WA","FuelWatchRetail-05-2026.csv","May 17, 2026 @ 10:00:00.000","May 18, 2026 @ 22:00:01.000","123 Thomas St",PULP,"6,008","194.7",Vibe,"Vibe Subiaco",SUBIACO,"(blank)"
"FuelWatch WA","FuelWatchRetail-05-2026.csv","May 17, 2026 @ 10:00:00.000","May 18, 2026 @ 22:00:01.000","123 Thomas St",Diesel,"6,008","229.7",Vibe,"Vibe Subiaco",SUBIACO,"(blank)"
"FuelWatch WA","FuelWatchRetail-05-2026.csv","May 17, 2026 @ 10:00:00.000","May 18, 2026 @ 22:00:01.000","123 Thomas St","98 RON","6,008","205.7",Vibe,"Vibe Subiaco",SUBIACO,"(blank)"
"FuelWatch WA","FuelWatchRetail-05-2026.csv","May 17, 2026 @ 10:00:00.000","May 18, 2026 @ 22:00:01.000","157 Grand Ent","Brand Diesel","6,233","229.5",Vibe,"Vibe Treendale",AUSTRALIND,"(blank)"
"FuelWatch WA","FuelWatchRetail-05-2026.csv","May 17, 2026 @ 10:00:00.000","May 18, 2026 @ 22:00:01.000","1447 Great Northern Hwy",ULP,"6,069","178.7",Vibe,"Vibe Upper Swan","UPPER SWAN","(blank)"
"FuelWatch WA","FuelWatchRetail-05-2026.csv","May 17, 2026 @ 10:00:00.000","May 18, 2026 @ 22:00:01.000","964 Wanneroo Rd","98 RON","6,065","195.3",Vibe,"Vibe Wanneroo",WANNEROO,"(blank)"
"FuelWatch WA","FuelWatchRetail-05-2026.csv","May 17, 2026 @ 10:00:00.000","May 18, 2026 @ 22:00:01.000","124 Welshpool Rd",ULP,"6,106","169.7",Vibe,"Vibe Welshpool",WELSHPOOL,"(blank)"
"FuelWatch WA","FuelWatchRetail-05-2026.csv","May 17, 2026 @ 10:00:00.000","May 18, 2026 @ 22:00:01.000","124 Welshpool Rd",Diesel,"6,106","199.7",Vibe,"Vibe Welshpool",WELSHPOOL,"(blank)"
"FuelWatch WA","FuelWatchRetail-05-2026.csv","May 17, 2026 @ 10:00:00.000","May 18, 2026 @ 22:00:01.000","10428 Bussell Hwy","98 RON","6,286","214.9",Vibe,"Vibe Witchcliffe",WITCHCLIFFE,"(blank)"
"FuelWatch WA","FuelWatchRetail-05-2026.csv","May 17, 2026 @ 10:00:00.000","May 18, 2026 @ 22:00:01.000","LOT 9 GREAT CENTRAL RD",ULP,872,364,BP,"Wanarn Store",WANARN,"(blank)"
"FuelWatch WA","FuelWatchRetail-05-2026.csv","May 17, 2026 @ 10:00:00.000","May 18, 2026 @ 22:00:01.000","LOT 9 GREAT CENTRAL RD",ULP,"6,431",364,BP,"Warburton Roadhouse",WARBURTON,"(blank)"
"FuelWatch WA","FuelWatchRetail-05-2026.csv","May 17, 2026 @ 10:00:00.000","May 18, 2026 @ 22:00:01.000","19 McPherson St",ULP,"6,359",215,Independent,"Waveline Tyres",HYDEN,"(blank)"
"FuelWatch WA","FuelWatchRetail-05-2026.csv","May 17, 2026 @ 10:00:00.000","May 18, 2026 @ 22:00:01.000","19 McPherson St",Diesel,"6,359",270,Independent,"Waveline Tyres",HYDEN,"(blank)"
"FuelWatch WA","FuelWatchRetail-05-2026.csv","May 17, 2026 @ 10:00:00.000","May 18, 2026 @ 22:00:01.000","20 Windsor Rd",Diesel,"6,328",220,BP,"Wellstead Store",WELLSTEAD,"(blank)"
"FuelWatch WA","FuelWatchRetail-05-2026.csv","May 17, 2026 @ 10:00:00.000","May 18, 2026 @ 22:00:01.000","26 Jasper St",ULP,"6,423",216,Independent,"Westonia Progress Assoc. Fuel Facility",WESTONIA,"(blank)"
"FuelWatch WA","FuelWatchRetail-05-2026.csv","May 17, 2026 @ 10:00:00.000","May 18, 2026 @ 22:00:01.000","26 Jasper St",Diesel,"6,423",219,Independent,"Westonia Progress Assoc. Fuel Facility",WESTONIA,"(blank)"
"FuelWatch WA","FuelWatchRetail-05-2026.csv","May 17, 2026 @ 10:00:00.000","May 18, 2026 @ 22:00:01.000","209 Harbour Rd (entrance via Fairfield St)",ULP,"6,450","186.9",Shell,"WFG Shell Esperance OPT",CHADWICK,"(blank)"
"FuelWatch WA","FuelWatchRetail-05-2026.csv","May 17, 2026 @ 10:00:00.000","May 18, 2026 @ 22:00:01.000","1 Darch St",Diesel,"6,507","229.9",Liberty,"Windmill Roadhouse","REGANS FORD","(blank)"
"FuelWatch WA","FuelWatchRetail-05-2026.csv","May 17, 2026 @ 10:00:00.000","May 18, 2026 @ 22:00:01.000","Lot 21 Balgo Rd",ULP,"6,770",285,Mogas,"Wirrimanu Community Store",TANAMI,"(blank)"
"FuelWatch WA","FuelWatchRetail-05-2026.csv","May 17, 2026 @ 10:00:00.000","May 18, 2026 @ 22:00:01.000","Great Northern Hwy",Diesel,"6,743",390,Mogas,"Wungkul Community Store",WARMUN,"(blank)"
"FuelWatch WA","FuelWatchRetail-05-2026.csv","May 17, 2026 @ 10:00:00.000","May 18, 2026 @ 22:00:01.000","58 Montana Cres",PULP,"6,038","183.5","X Convenience","X Convenience Alkimos",ALKIMOS,"(blank)"
"FuelWatch WA","FuelWatchRetail-05-2026.csv","May 17, 2026 @ 10:00:00.000","May 18, 2026 @ 22:00:01.000","58 Montana Cres","98 RON","6,038","191.5","X Convenience","X Convenience Alkimos",ALKIMOS,"(blank)"
"FuelWatch WA","FuelWatchRetail-05-2026.csv","May 17, 2026 @ 10:00:00.000","May 18, 2026 @ 22:00:01.000","2 Wattleglen Ave",PULP,"6,210","187.5","X Convenience","X Convenience Erskine",ERSKINE,"(blank)"
"FuelWatch WA","FuelWatchRetail-05-2026.csv","May 17, 2026 @ 10:00:00.000","May 18, 2026 @ 22:00:01.000","Nyinyijarta Rd",Diesel,"6,728",450,Independent,"Yakanarra Community Store","ST GEORGE RANGES","(blank)"
"FuelWatch WA","FuelWatchRetail-05-2026.csv","May 17, 2026 @ 10:00:00.000","May 18, 2026 @ 22:00:01.000","21 Jose St",ULP,"6,630","195.8",Liberty,"Yarrumba Service Station",MULLEWA,"(blank)"
"FuelWatch WA","FuelWatchRetail-05-2026.csv","May 17, 2026 @ 10:00:00.000","May 18, 2026 @ 22:00:01.000","Lot 10 Calwynyardah-Noonkanbah Rd",ULP,"6,765",288,BP,"Yungngora Community Store","MOUNT HARDMAN","(blank)"
